external_id,name_ar,name_en,meal_type,calories,protein_g,carbs_g,fat_g,serving_size,ingredients,preparation_steps_ar,preparation_steps_en,allergens,substitution_profile,image,review_status
MEAL-101,وعاء الشوفان والزبادي مع موز بالليمون والأعشاب محمص,Toasted Lemon Herb Banana Yogurt Oat Bowl,Breakfast,503,24.6,73.2,14.1,303 g,"[{""name_ar"": ""شوفان"", ""name_en"": ""Oats"", ""quantity"": 55, ""unit"": ""g""}, {""name_ar"": ""زبادي يوناني"", ""name_en"": ""Greek yogurt"", ""quantity"": 140, ""unit"": ""g""}, {""name_ar"": ""موز"", ""name_en"": ""Banana"", ""quantity"": 90, ""unit"": ""g""}, {""name_ar"": ""بذور الشيا"", ""name_en"": ""Chia seeds"", ""quantity"": 10, ""unit"": ""g""}, {""name_ar"": ""عسل"", ""name_en"": ""Honey"", ""quantity"": 8, ""unit"": ""g""}, {""name_ar"": ""الليمون والأعشاب"", ""name_en"": ""Lemon Herb seasoning"", ""quantity"": 2, ""unit"": ""g""}]","[""اخلط المكونات الأساسية في وعاء، ثم رتّب الفاكهة والإضافات فوقها وقدّم فوراً.""]","[""Combine the base ingredients in a bowl, arrange the fruit and toppings, and serve immediately.""]","[""gluten"", ""milk""]","{""rule"": ""same meal_type; calories ±10%; protein ±8g"", ""status"": ""READY"", ""valid_substitute_ids"": [""MEAL-133"", ""MEAL-121"", ""MEAL-113"", ""MEAL-107"", ""MEAL-119""]}",images/MEAL-101.png,approved
MEAL-102,توست الإفطار بالبيض وسبانخ بالثوم والبابريكا مشوي,Roasted Garlic Paprika Spinach Egg Breakfast Toast,Breakfast,428,34.6,32.6,17.9,345 g,"[{""name_ar"": ""بيض"", ""name_en"": ""Egg"", ""quantity"": 100, ""unit"": ""g""}, {""name_ar"": ""بياض البيض"", ""name_en"": ""Egg whites"", ""quantity"": 100, ""unit"": ""g""}, {""name_ar"": ""سبانخ"", ""name_en"": ""Spinach"", ""quantity"": 70, ""unit"": ""g""}, {""name_ar"": ""خبز قمح كامل"", ""name_en"": ""Whole-wheat bread"", ""quantity"": 70, ""unit"": ""g""}, {""name_ar"": ""زيت زيتون"", ""name_en"": ""Olive oil"", ""quantity"": 5, ""unit"": ""g""}, {""name_ar"": ""الثوم والبابريكا"", ""name_en"": ""Garlic Paprika seasoning"", ""quantity"": 2, ""unit"": ""g""}]","[""سخّن الزيت، شوّح البروتين حتى ينضج، أضف الخضار، ثم قدّم الخليط مع الكربوهيدرات الساخنة.""]","[""Heat the oil, sauté the protein until cooked, add the vegetables, and serve with the warm carbohydrate.""]","[""egg"", ""gluten""]","{""rule"": ""same meal_type; calories ±10%; protein ±8g"", ""status"": ""READY"", ""valid_substitute_ids"": [""MEAL-106"", ""MEAL-110"", ""MEAL-114"", ""MEAL-118"", ""MEAL-122""]}",images/MEAL-102.png,approved
MEAL-103,طبق إفطار الجبن القريش مع برتقال بالكمون والكزبرة مبرد,Chilled Cumin Coriander Orange Cottage Cheese Breakfast Plate,Breakfast,451,31.3,44.9,17.6,360 g,"[{""name_ar"": ""جبن قريش"", ""name_en"": ""Cottage cheese"", ""quantity"": 180, ""unit"": ""g""}, {""name_ar"": ""برتقال"", ""name_en"": ""Orange"", ""quantity"": 110, ""unit"": ""g""}, {""name_ar"": ""لوز"", ""name_en"": ""Almonds"", ""quantity"": 15, ""unit"": ""g""}, {""name_ar"": ""خبز قمح كامل"", ""name_en"": ""Whole-wheat bread"", ""quantity"": 55, ""unit"": ""g""}, {""name_ar"": ""الكمون والكزبرة"", ""name_en"": ""Cumin Coriander seasoning"", ""quantity"": 2, ""unit"": ""g""}]","[""حضّر المكونات وقطّع الطازج منها، ثم رتّب الحصة كاملة في طبق واحد.""]","[""Prepare and slice the fresh ingredients, then arrange the full serving on one plate.""]","[""gluten"", ""milk"", ""tree nuts""]","{""rule"": ""same meal_type; calories ±10%; protein ±8g"", ""status"": ""READY"", ""valid_substitute_ids"": [""MEAL-115"", ""MEAL-127"", ""MEAL-111"", ""MEAL-123"", ""MEAL-135""]}",images/MEAL-103.png,approved
MEAL-104,شوفان الإفطار بالموز والكاكاو 1,Cocoa Banana Breakfast Oats 1,Breakfast,441,20.6,67.0,13.3,374 g,"[{""name_ar"": ""شوفان"", ""name_en"": ""Oats"", ""quantity"": 45, ""unit"": ""g""}, {""name_ar"": ""حليب قليل الدسم"", ""name_en"": ""Low-fat milk"", ""quantity"": 220, ""unit"": ""g""}, {""name_ar"": ""موز"", ""name_en"": ""Banana"", ""quantity"": 90, ""unit"": ""g""}, {""name_ar"": ""زبدة فول سوداني"", ""name_en"": ""Peanut butter"", ""quantity"": 14, ""unit"": ""g""}, {""name_ar"": ""كاكاو غير محلى"", ""name_en"": ""Unsweetened cocoa"", ""quantity"": 5, ""unit"": ""g""}]","[""اطهِ الشوفان مع الحليب على نار هادئة مع التحريك، ثم أضف بقية المكونات عند التقديم.""]","[""Simmer the oats with milk while stirring, then add the remaining ingredients to serve.""]","[""gluten"", ""milk"", ""peanuts""]","{""rule"": ""same meal_type; calories ±10%; protein ±8g"", ""status"": ""READY"", ""valid_substitute_ids"": [""MEAL-108"", ""MEAL-112"", ""MEAL-116"", ""MEAL-120"", ""MEAL-124""]}",images/MEAL-104.png,approved
MEAL-105,وعاء الشوفان والزبادي مع توت مشكل بالسماق والنعناع طازج,Fresh Sumac Mint Mixed berries Yogurt Oat Bowl,Breakfast,483,24.9,66.2,14.4,307 g,"[{""name_ar"": ""شوفان"", ""name_en"": ""Oats"", ""quantity"": 59, ""unit"": ""g""}, {""name_ar"": ""زبادي يوناني"", ""name_en"": ""Greek yogurt"", ""quantity"": 140, ""unit"": ""g""}, {""name_ar"": ""توت مشكل"", ""name_en"": ""Mixed berries"", ""quantity"": 90, ""unit"": ""g""}, {""name_ar"": ""بذور الشيا"", ""name_en"": ""Chia seeds"", ""quantity"": 10, ""unit"": ""g""}, {""name_ar"": ""عسل"", ""name_en"": ""Honey"", ""quantity"": 8, ""unit"": ""g""}, {""name_ar"": ""السماق والنعناع"", ""name_en"": ""Sumac Mint seasoning"", ""quantity"": 2, ""unit"": ""g""}]","[""اخلط المكونات الأساسية في وعاء، ثم رتّب الفاكهة والإضافات فوقها وقدّم فوراً.""]","[""Combine the base ingredients in a bowl, arrange the fruit and toppings, and serve immediately.""]","[""gluten"", ""milk""]","{""rule"": ""same meal_type; calories ±10%; protein ±8g"", ""status"": ""READY"", ""valid_substitute_ids"": [""MEAL-117"", ""MEAL-129"", ""MEAL-109"", ""MEAL-107"", ""MEAL-119""]}",images/MEAL-105.png,approved
MEAL-106,توست الإفطار بالبيض وسبانخ بالزنجبيل والليمون الأخضر محمص,Toasted Ginger Lime Spinach Egg Breakfast Toast,Breakfast,428,34.6,32.6,17.9,345 g,"[{""name_ar"": ""بيض"", ""name_en"": ""Egg"", ""quantity"": 100, ""unit"": ""g""}, {""name_ar"": ""بياض البيض"", ""name_en"": ""Egg whites"", ""quantity"": 100, ""unit"": ""g""}, {""name_ar"": ""سبانخ"", ""name_en"": ""Spinach"", ""quantity"": 70, ""unit"": ""g""}, {""name_ar"": ""خبز قمح كامل"", ""name_en"": ""Whole-wheat bread"", ""quantity"": 70, ""unit"": ""g""}, {""name_ar"": ""زيت زيتون"", ""name_en"": ""Olive oil"", ""quantity"": 5, ""unit"": ""g""}, {""name_ar"": ""الزنجبيل والليمون الأخضر"", ""name_en"": ""Ginger Lime seasoning"", ""quantity"": 2, ""unit"": ""g""}]","[""سخّن الزيت، شوّح البروتين حتى ينضج، أضف الخضار، ثم قدّم الخليط مع الكربوهيدرات الساخنة.""]","[""Heat the oil, sauté the protein until cooked, add the vegetables, and serve with the warm carbohydrate.""]","[""egg"", ""gluten""]","{""rule"": ""same meal_type; calories ±10%; protein ±8g"", ""status"": ""READY"", ""valid_substitute_ids"": [""MEAL-102"", ""MEAL-110"", ""MEAL-114"", ""MEAL-118"", ""MEAL-122""]}",images/MEAL-106.png,approved
MEAL-107,طبق إفطار الجبن القريش مع موز بالشبت والحمضيات مشوي,Roasted Dill Citrus Banana Cottage Cheese Breakfast Plate,Breakfast,497,31.5,57.0,17.9,360 g,"[{""name_ar"": ""جبن قريش"", ""name_en"": ""Cottage cheese"", ""quantity"": 180, ""unit"": ""g""}, {""name_ar"": ""موز"", ""name_en"": ""Banana"", ""quantity"": 110, ""unit"": ""g""}, {""name_ar"": ""لوز"", ""name_en"": ""Almonds"", ""quantity"": 15, ""unit"": ""g""}, {""name_ar"": ""خبز قمح كامل"", ""name_en"": ""Whole-wheat bread"", ""quantity"": 55, ""unit"": ""g""}, {""name_ar"": ""الشبت والحمضيات"", ""name_en"": ""Dill Citrus seasoning"", ""quantity"": 2, ""unit"": ""g""}]","[""حضّر المكونات وقطّع الطازج منها، ثم رتّب الحصة كاملة في طبق واحد.""]","[""Prepare and slice the fresh ingredients, then arrange the full serving on one plate.""]","[""gluten"", ""milk"", ""tree nuts""]","{""rule"": ""same meal_type; calories ±10%; protein ±8g"", ""status"": ""READY"", ""valid_substitute_ids"": [""MEAL-119"", ""MEAL-131"", ""MEAL-109"", ""MEAL-121"", ""MEAL-129""]}",images/MEAL-107.png,approved
MEAL-108,شوفان الإفطار بالموز والكاكاو 2,Cocoa Banana Breakfast Oats 2,Breakfast,441,20.6,67.0,13.3,374 g,"[{""name_ar"": ""شوفان"", ""name_en"": ""Oats"", ""quantity"": 45, ""unit"": ""g""}, {""name_ar"": ""حليب قليل الدسم"", ""name_en"": ""Low-fat milk"", ""quantity"": 220, ""unit"": ""g""}, {""name_ar"": ""موز"", ""name_en"": ""Banana"", ""quantity"": 90, ""unit"": ""g""}, {""name_ar"": ""زبدة فول سوداني"", ""name_en"": ""Peanut butter"", ""quantity"": 14, ""unit"": ""g""}, {""name_ar"": ""كاكاو غير محلى"", ""name_en"": ""Unsweetened cocoa"", ""quantity"": 5, ""unit"": ""g""}]","[""اطهِ الشوفان مع الحليب على نار هادئة مع التحريك، ثم أضف بقية المكونات عند التقديم.""]","[""Simmer the oats with milk while stirring, then add the remaining ingredients to serve.""]","[""gluten"", ""milk"", ""peanuts""]","{""rule"": ""same meal_type; calories ±10%; protein ±8g"", ""status"": ""READY"", ""valid_substitute_ids"": [""MEAL-104"", ""MEAL-112"", ""MEAL-116"", ""MEAL-120"", ""MEAL-124""]}",images/MEAL-108.png,approved
MEAL-109,وعاء الشوفان والزبادي مع برتقال بالقرفة والفانيليا دافئ,Warm Cinnamon Vanilla Orange Yogurt Oat Bowl,Breakfast,496,25.7,68.7,14.5,311 g,"[{""name_ar"": ""شوفان"", ""name_en"": ""Oats"", ""quantity"": 63, ""unit"": ""g""}, {""name_ar"": ""زبادي يوناني"", ""name_en"": ""Greek yogurt"", ""quantity"": 140, ""unit"": ""g""}, {""name_ar"": ""برتقال"", ""name_en"": ""Orange"", ""quantity"": 90, ""unit"": ""g""}, {""name_ar"": ""بذور الشيا"", ""name_en"": ""Chia seeds"", ""quantity"": 10, ""unit"": ""g""}, {""name_ar"": ""عسل"", ""name_en"": ""Honey"", ""quantity"": 8, ""unit"": ""g""}, {""name_ar"": ""القرفة والفانيليا"", ""name_en"": ""Cinnamon Vanilla seasoning"", ""quantity"": 2, ""unit"": ""g""}]","[""اخلط المكونات الأساسية في وعاء، ثم رتّب الفاكهة والإضافات فوقها وقدّم فوراً.""]","[""Combine the base ingredients in a bowl, arrange the fruit and toppings, and serve immediately.""]","[""gluten"", ""milk""]","{""rule"": ""same meal_type; calories ±10%; protein ±8g"", ""status"": ""READY"", ""valid_substitute_ids"": [""MEAL-107"", ""MEAL-119"", ""MEAL-131"", ""MEAL-121"", ""MEAL-129""]}",images/MEAL-109.png,approved
MEAL-110,توست الإفطار بالبيض وسبانخ بالهيل والسمسم طازج,Fresh Cardamom Sesame Spinach Egg Breakfast Toast,Breakfast,428,34.6,32.6,17.9,345 g,"[{""name_ar"": ""بيض"", ""name_en"": ""Egg"", ""quantity"": 100, ""unit"": ""g""}, {""name_ar"": ""بياض البيض"", ""name_en"": ""Egg whites"", ""quantity"": 100, ""unit"": ""g""}, {""name_ar"": ""سبانخ"", ""name_en"": ""Spinach"", ""quantity"": 70, ""unit"": ""g""}, {""name_ar"": ""خبز قمح كامل"", ""name_en"": ""Whole-wheat bread"", ""quantity"": 70, ""unit"": ""g""}, {""name_ar"": ""زيت زيتون"", ""name_en"": ""Olive oil"", ""quantity"": 5, ""unit"": ""g""}, {""name_ar"": ""الهيل والسمسم"", ""name_en"": ""Cardamom Sesame seasoning"", ""quantity"": 2, ""unit"": ""g""}]","[""سخّن الزيت، شوّح البروتين حتى ينضج، أضف الخضار، ثم قدّم الخليط مع الكربوهيدرات الساخنة.""]","[""Heat the oil, sauté the protein until cooked, add the vegetables, and serve with the warm carbohydrate.""]","[""egg"", ""gluten""]","{""rule"": ""same meal_type; calories ±10%; protein ±8g"", ""status"": ""READY"", ""valid_substitute_ids"": [""MEAL-102"", ""MEAL-106"", ""MEAL-114"", ""MEAL-118"", ""MEAL-122""]}",images/MEAL-110.png,approved
MEAL-111,طبق إفطار الجبن القريش مع توت مشكل بالكركم والفلفل محمص,Toasted Turmeric Pepper Mixed berries Cottage Cheese Breakfast Plate,Breakfast,454,31.1,45.1,17.9,360 g,"[{""name_ar"": ""جبن قريش"", ""name_en"": ""Cottage cheese"", ""quantity"": 180, ""unit"": ""g""}, {""name_ar"": ""توت مشكل"", ""name_en"": ""Mixed berries"", ""quantity"": 110, ""unit"": ""g""}, {""name_ar"": ""لوز"", ""name_en"": ""Almonds"", ""quantity"": 15, ""unit"": ""g""}, {""name_ar"": ""خبز قمح كامل"", ""name_en"": ""Whole-wheat bread"", ""quantity"": 55, ""unit"": ""g""}, {""name_ar"": ""الكركم والفلفل"", ""name_en"": ""Turmeric Pepper seasoning"", ""quantity"": 2, ""unit"": ""g""}]","[""حضّر المكونات وقطّع الطازج منها، ثم رتّب الحصة كاملة في طبق واحد.""]","[""Prepare and slice the fresh ingredients, then arrange the full serving on one plate.""]","[""gluten"", ""milk"", ""tree nuts""]","{""rule"": ""same meal_type; calories ±10%; protein ±8g"", ""status"": ""READY"", ""valid_substitute_ids"": [""MEAL-123"", ""MEAL-135"", ""MEAL-103"", ""MEAL-115"", ""MEAL-127""]}",images/MEAL-111.png,approved
MEAL-112,شوفان الإفطار بالموز والكاكاو 3,Cocoa Banana Breakfast Oats 3,Breakfast,441,20.6,67.0,13.3,374 g,"[{""name_ar"": ""شوفان"", ""name_en"": ""Oats"", ""quantity"": 45, ""unit"": ""g""}, {""name_ar"": ""حليب قليل الدسم"", ""name_en"": ""Low-fat milk"", ""quantity"": 220, ""unit"": ""g""}, {""name_ar"": ""موز"", ""name_en"": ""Banana"", ""quantity"": 90, ""unit"": ""g""}, {""name_ar"": ""زبدة فول سوداني"", ""name_en"": ""Peanut butter"", ""quantity"": 14, ""unit"": ""g""}, {""name_ar"": ""كاكاو غير محلى"", ""name_en"": ""Unsweetened cocoa"", ""quantity"": 5, ""unit"": ""g""}]","[""اطهِ الشوفان مع الحليب على نار هادئة مع التحريك، ثم أضف بقية المكونات عند التقديم.""]","[""Simmer the oats with milk while stirring, then add the remaining ingredients to serve.""]","[""gluten"", ""milk"", ""peanuts""]","{""rule"": ""same meal_type; calories ±10%; protein ±8g"", ""status"": ""READY"", ""valid_substitute_ids"": [""MEAL-104"", ""MEAL-108"", ""MEAL-116"", ""MEAL-120"", ""MEAL-124""]}",images/MEAL-112.png,approved
MEAL-113,وعاء الشوفان والزبادي مع موز بالليمون والأعشاب مبرد,Chilled Lemon Herb Banana Yogurt Oat Bowl,Breakfast,507,24.7,73.9,14.2,304 g,"[{""name_ar"": ""شوفان"", ""name_en"": ""Oats"", ""quantity"": 56, ""unit"": ""g""}, {""name_ar"": ""زبادي يوناني"", ""name_en"": ""Greek yogurt"", ""quantity"": 140, ""unit"": ""g""}, {""name_ar"": ""موز"", ""name_en"": ""Banana"", ""quantity"": 90, ""unit"": ""g""}, {""name_ar"": ""بذور الشيا"", ""name_en"": ""Chia seeds"", ""quantity"": 10, ""unit"": ""g""}, {""name_ar"": ""عسل"", ""name_en"": ""Honey"", ""quantity"": 8, ""unit"": ""g""}, {""name_ar"": ""الليمون والأعشاب"", ""name_en"": ""Lemon Herb seasoning"", ""quantity"": 2, ""unit"": ""g""}]","[""اخلط المكونات الأساسية في وعاء، ثم رتّب الفاكهة والإضافات فوقها وقدّم فوراً.""]","[""Combine the base ingredients in a bowl, arrange the fruit and toppings, and serve immediately.""]","[""gluten"", ""milk""]","{""rule"": ""same meal_type; calories ±10%; protein ±8g"", ""status"": ""READY"", ""valid_substitute_ids"": [""MEAL-133"", ""MEAL-101"", ""MEAL-125"", ""MEAL-137"", ""MEAL-121""]}",images/MEAL-113.png,approved
MEAL-114,توست الإفطار بالبيض وسبانخ بالثوم والبابريكا دافئ,Warm Garlic Paprika Spinach Egg Breakfast Toast,Breakfast,428,34.6,32.6,17.9,345 g,"[{""name_ar"": ""بيض"", ""name_en"": ""Egg"", ""quantity"": 100, ""unit"": ""g""}, {""name_ar"": ""بياض البيض"", ""name_en"": ""Egg whites"", ""quantity"": 100, ""unit"": ""g""}, {""name_ar"": ""سبانخ"", ""name_en"": ""Spinach"", ""quantity"": 70, ""unit"": ""g""}, {""name_ar"": ""خبز قمح كامل"", ""name_en"": ""Whole-wheat bread"", ""quantity"": 70, ""unit"": ""g""}, {""name_ar"": ""زيت زيتون"", ""name_en"": ""Olive oil"", ""quantity"": 5, ""unit"": ""g""}, {""name_ar"": ""الثوم والبابريكا"", ""name_en"": ""Garlic Paprika seasoning"", ""quantity"": 2, ""unit"": ""g""}]","[""سخّن الزيت، شوّح البروتين حتى ينضج، أضف الخضار، ثم قدّم الخليط مع الكربوهيدرات الساخنة.""]","[""Heat the oil, sauté the protein until cooked, add the vegetables, and serve with the warm carbohydrate.""]","[""egg"", ""gluten""]","{""rule"": ""same meal_type; calories ±10%; protein ±8g"", ""status"": ""READY"", ""valid_substitute_ids"": [""MEAL-102"", ""MEAL-106"", ""MEAL-110"", ""MEAL-118"", ""MEAL-122""]}",images/MEAL-114.png,approved
MEAL-115,طبق إفطار الجبن القريش مع برتقال بالكمون والكزبرة طازج,Fresh Cumin Coriander Orange Cottage Cheese Breakfast Plate,Breakfast,451,31.3,44.9,17.6,360 g,"[{""name_ar"": ""جبن قريش"", ""name_en"": ""Cottage cheese"", ""quantity"": 180, ""unit"": ""g""}, {""name_ar"": ""برتقال"", ""name_en"": ""Orange"", ""quantity"": 110, ""unit"": ""g""}, {""name_ar"": ""لوز"", ""name_en"": ""Almonds"", ""quantity"": 15, ""unit"": ""g""}, {""name_ar"": ""خبز قمح كامل"", ""name_en"": ""Whole-wheat bread"", ""quantity"": 55, ""unit"": ""g""}, {""name_ar"": ""الكمون والكزبرة"", ""name_en"": ""Cumin Coriander seasoning"", ""quantity"": 2, ""unit"": ""g""}]","[""حضّر المكونات وقطّع الطازج منها، ثم رتّب الحصة كاملة في طبق واحد.""]","[""Prepare and slice the fresh ingredients, then arrange the full serving on one plate.""]","[""gluten"", ""milk"", ""tree nuts""]","{""rule"": ""same meal_type; calories ±10%; protein ±8g"", ""status"": ""READY"", ""valid_substitute_ids"": [""MEAL-103"", ""MEAL-127"", ""MEAL-111"", ""MEAL-123"", ""MEAL-135""]}",images/MEAL-115.png,approved
MEAL-116,شوفان الإفطار بالموز والكاكاو 4,Cocoa Banana Breakfast Oats 4,Breakfast,441,20.6,67.0,13.3,374 g,"[{""name_ar"": ""شوفان"", ""name_en"": ""Oats"", ""quantity"": 45, ""unit"": ""g""}, {""name_ar"": ""حليب قليل الدسم"", ""name_en"": ""Low-fat milk"", ""quantity"": 220, ""unit"": ""g""}, {""name_ar"": ""موز"", ""name_en"": ""Banana"", ""quantity"": 90, ""unit"": ""g""}, {""name_ar"": ""زبدة فول سوداني"", ""name_en"": ""Peanut butter"", ""quantity"": 14, ""unit"": ""g""}, {""name_ar"": ""كاكاو غير محلى"", ""name_en"": ""Unsweetened cocoa"", ""quantity"": 5, ""unit"": ""g""}]","[""اطهِ الشوفان مع الحليب على نار هادئة مع التحريك، ثم أضف بقية المكونات عند التقديم.""]","[""Simmer the oats with milk while stirring, then add the remaining ingredients to serve.""]","[""gluten"", ""milk"", ""peanuts""]","{""rule"": ""same meal_type; calories ±10%; protein ±8g"", ""status"": ""READY"", ""valid_substitute_ids"": [""MEAL-104"", ""MEAL-108"", ""MEAL-112"", ""MEAL-120"", ""MEAL-124""]}",images/MEAL-116.png,approved
MEAL-117,وعاء الشوفان والزبادي مع توت مشكل بالسماق والنعناع مشوي,Roasted Sumac Mint Mixed berries Yogurt Oat Bowl,Breakfast,487,25.0,66.8,14.5,308 g,"[{""name_ar"": ""شوفان"", ""name_en"": ""Oats"", ""quantity"": 60, ""unit"": ""g""}, {""name_ar"": ""زبادي يوناني"", ""name_en"": ""Greek yogurt"", ""quantity"": 140, ""unit"": ""g""}, {""name_ar"": ""توت مشكل"", ""name_en"": ""Mixed berries"", ""quantity"": 90, ""unit"": ""g""}, {""name_ar"": ""بذور الشيا"", ""name_en"": ""Chia seeds"", ""quantity"": 10, ""unit"": ""g""}, {""name_ar"": ""عسل"", ""name_en"": ""Honey"", ""quantity"": 8, ""unit"": ""g""}, {""name_ar"": ""السماق والنعناع"", ""name_en"": ""Sumac Mint seasoning"", ""quantity"": 2, ""unit"": ""g""}]","[""اخلط المكونات الأساسية في وعاء، ثم رتّب الفاكهة والإضافات فوقها وقدّم فوراً.""]","[""Combine the base ingredients in a bowl, arrange the fruit and toppings, and serve immediately.""]","[""gluten"", ""milk""]","{""rule"": ""same meal_type; calories ±10%; protein ±8g"", ""status"": ""READY"", ""valid_substitute_ids"": [""MEAL-105"", ""MEAL-129"", ""MEAL-109"", ""MEAL-107"", ""MEAL-119""]}",images/MEAL-117.png,approved
MEAL-118,توست الإفطار بالبيض وسبانخ بالزنجبيل والليمون الأخضر مبرد,Chilled Ginger Lime Spinach Egg Breakfast Toast,Breakfast,428,34.6,32.6,17.9,345 g,"[{""name_ar"": ""بيض"", ""name_en"": ""Egg"", ""quantity"": 100, ""unit"": ""g""}, {""name_ar"": ""بياض البيض"", ""name_en"": ""Egg whites"", ""quantity"": 100, ""unit"": ""g""}, {""name_ar"": ""سبانخ"", ""name_en"": ""Spinach"", ""quantity"": 70, ""unit"": ""g""}, {""name_ar"": ""خبز قمح كامل"", ""name_en"": ""Whole-wheat bread"", ""quantity"": 70, ""unit"": ""g""}, {""name_ar"": ""زيت زيتون"", ""name_en"": ""Olive oil"", ""quantity"": 5, ""unit"": ""g""}, {""name_ar"": ""الزنجبيل والليمون الأخضر"", ""name_en"": ""Ginger Lime seasoning"", ""quantity"": 2, ""unit"": ""g""}]","[""سخّن الزيت، شوّح البروتين حتى ينضج، أضف الخضار، ثم قدّم الخليط مع الكربوهيدرات الساخنة.""]","[""Heat the oil, sauté the protein until cooked, add the vegetables, and serve with the warm carbohydrate.""]","[""egg"", ""gluten""]","{""rule"": ""same meal_type; calories ±10%; protein ±8g"", ""status"": ""READY"", ""valid_substitute_ids"": [""MEAL-102"", ""MEAL-106"", ""MEAL-110"", ""MEAL-114"", ""MEAL-122""]}",images/MEAL-118.png,approved
MEAL-119,طبق إفطار الجبن القريش مع موز بالشبت والحمضيات دافئ,Warm Dill Citrus Banana Cottage Cheese Breakfast Plate,Breakfast,497,31.5,57.0,17.9,360 g,"[{""name_ar"": ""جبن قريش"", ""name_en"": ""Cottage cheese"", ""quantity"": 180, ""unit"": ""g""}, {""name_ar"": ""موز"", ""name_en"": ""Banana"", ""quantity"": 110, ""unit"": ""g""}, {""name_ar"": ""لوز"", ""name_en"": ""Almonds"", ""quantity"": 15, ""unit"": ""g""}, {""name_ar"": ""خبز قمح كامل"", ""name_en"": ""Whole-wheat bread"", ""quantity"": 55, ""unit"": ""g""}, {""name_ar"": ""الشبت والحمضيات"", ""name_en"": ""Dill Citrus seasoning"", ""quantity"": 2, ""unit"": ""g""}]","[""حضّر المكونات وقطّع الطازج منها، ثم رتّب الحصة كاملة في طبق واحد.""]","[""Prepare and slice the fresh ingredients, then arrange the full serving on one plate.""]","[""gluten"", ""milk"", ""tree nuts""]","{""rule"": ""same meal_type; calories ±10%; protein ±8g"", ""status"": ""READY"", ""valid_substitute_ids"": [""MEAL-107"", ""MEAL-131"", ""MEAL-109"", ""MEAL-121"", ""MEAL-129""]}",images/MEAL-119.png,approved
MEAL-120,شوفان الإفطار بالموز والكاكاو 5,Cocoa Banana Breakfast Oats 5,Breakfast,441,20.6,67.0,13.3,374 g,"[{""name_ar"": ""شوفان"", ""name_en"": ""Oats"", ""quantity"": 45, ""unit"": ""g""}, {""name_ar"": ""حليب قليل الدسم"", ""name_en"": ""Low-fat milk"", ""quantity"": 220, ""unit"": ""g""}, {""name_ar"": ""موز"", ""name_en"": ""Banana"", ""quantity"": 90, ""unit"": ""g""}, {""name_ar"": ""زبدة فول سوداني"", ""name_en"": ""Peanut butter"", ""quantity"": 14, ""unit"": ""g""}, {""name_ar"": ""كاكاو غير محلى"", ""name_en"": ""Unsweetened cocoa"", ""quantity"": 5, ""unit"": ""g""}]","[""اطهِ الشوفان مع الحليب على نار هادئة مع التحريك، ثم أضف بقية المكونات عند التقديم.""]","[""Simmer the oats with milk while stirring, then add the remaining ingredients to serve.""]","[""gluten"", ""milk"", ""peanuts""]","{""rule"": ""same meal_type; calories ±10%; protein ±8g"", ""status"": ""READY"", ""valid_substitute_ids"": [""MEAL-104"", ""MEAL-108"", ""MEAL-112"", ""MEAL-116"", ""MEAL-124""]}",images/MEAL-120.png,approved
MEAL-121,وعاء الشوفان والزبادي مع برتقال بالقرفة والفانيليا محمص,Toasted Cinnamon Vanilla Orange Yogurt Oat Bowl,Breakfast,500,25.9,69.3,14.6,312 g,"[{""name_ar"": ""شوفان"", ""name_en"": ""Oats"", ""quantity"": 64, ""unit"": ""g""}, {""name_ar"": ""زبادي يوناني"", ""name_en"": ""Greek yogurt"", ""quantity"": 140, ""unit"": ""g""}, {""name_ar"": ""برتقال"", ""name_en"": ""Orange"", ""quantity"": 90, ""unit"": ""g""}, {""name_ar"": ""بذور الشيا"", ""name_en"": ""Chia seeds"", ""quantity"": 10, ""unit"": ""g""}, {""name_ar"": ""عسل"", ""name_en"": ""Honey"", ""quantity"": 8, ""unit"": ""g""}, {""name_ar"": ""القرفة والفانيليا"", ""name_en"": ""Cinnamon Vanilla seasoning"", ""quantity"": 2, ""unit"": ""g""}]","[""اخلط المكونات الأساسية في وعاء، ثم رتّب الفاكهة والإضافات فوقها وقدّم فوراً.""]","[""Combine the base ingredients in a bowl, arrange the fruit and toppings, and serve immediately.""]","[""gluten"", ""milk""]","{""rule"": ""same meal_type; calories ±10%; protein ±8g"", ""status"": ""READY"", ""valid_substitute_ids"": [""MEAL-101"", ""MEAL-107"", ""MEAL-119"", ""MEAL-131"", ""MEAL-109""]}",images/MEAL-121.png,approved
MEAL-122,توست الإفطار بالبيض وسبانخ بالهيل والسمسم مشوي,Roasted Cardamom Sesame Spinach Egg Breakfast Toast,Breakfast,428,34.6,32.6,17.9,345 g,"[{""name_ar"": ""بيض"", ""name_en"": ""Egg"", ""quantity"": 100, ""unit"": ""g""}, {""name_ar"": ""بياض البيض"", ""name_en"": ""Egg whites"", ""quantity"": 100, ""unit"": ""g""}, {""name_ar"": ""سبانخ"", ""name_en"": ""Spinach"", ""quantity"": 70, ""unit"": ""g""}, {""name_ar"": ""خبز قمح كامل"", ""name_en"": ""Whole-wheat bread"", ""quantity"": 70, ""unit"": ""g""}, {""name_ar"": ""زيت زيتون"", ""name_en"": ""Olive oil"", ""quantity"": 5, ""unit"": ""g""}, {""name_ar"": ""الهيل والسمسم"", ""name_en"": ""Cardamom Sesame seasoning"", ""quantity"": 2, ""unit"": ""g""}]","[""سخّن الزيت، شوّح البروتين حتى ينضج، أضف الخضار، ثم قدّم الخليط مع الكربوهيدرات الساخنة.""]","[""Heat the oil, sauté the protein until cooked, add the vegetables, and serve with the warm carbohydrate.""]","[""egg"", ""gluten""]","{""rule"": ""same meal_type; calories ±10%; protein ±8g"", ""status"": ""READY"", ""valid_substitute_ids"": [""MEAL-102"", ""MEAL-106"", ""MEAL-110"", ""MEAL-114"", ""MEAL-118""]}",images/MEAL-122.png,approved
MEAL-123,طبق إفطار الجبن القريش مع توت مشكل بالكركم والفلفل مبرد,Chilled Turmeric Pepper Mixed berries Cottage Cheese Breakfast Plate,Breakfast,454,31.1,45.1,17.9,360 g,"[{""name_ar"": ""جبن قريش"", ""name_en"": ""Cottage cheese"", ""quantity"": 180, ""unit"": ""g""}, {""name_ar"": ""توت مشكل"", ""name_en"": ""Mixed berries"", ""quantity"": 110, ""unit"": ""g""}, {""name_ar"": ""لوز"", ""name_en"": ""Almonds"", ""quantity"": 15, ""unit"": ""g""}, {""name_ar"": ""خبز قمح كامل"", ""name_en"": ""Whole-wheat bread"", ""quantity"": 55, ""unit"": ""g""}, {""name_ar"": ""الكركم والفلفل"", ""name_en"": ""Turmeric Pepper seasoning"", ""quantity"": 2, ""unit"": ""g""}]","[""حضّر المكونات وقطّع الطازج منها، ثم رتّب الحصة كاملة في طبق واحد.""]","[""Prepare and slice the fresh ingredients, then arrange the full serving on one plate.""]","[""gluten"", ""milk"", ""tree nuts""]","{""rule"": ""same meal_type; calories ±10%; protein ±8g"", ""status"": ""READY"", ""valid_substitute_ids"": [""MEAL-111"", ""MEAL-135"", ""MEAL-103"", ""MEAL-115"", ""MEAL-127""]}",images/MEAL-123.png,approved
MEAL-124,شوفان الإفطار بالموز والكاكاو 6,Cocoa Banana Breakfast Oats 6,Breakfast,441,20.6,67.0,13.3,374 g,"[{""name_ar"": ""شوفان"", ""name_en"": ""Oats"", ""quantity"": 45, ""unit"": ""g""}, {""name_ar"": ""حليب قليل الدسم"", ""name_en"": ""Low-fat milk"", ""quantity"": 220, ""unit"": ""g""}, {""name_ar"": ""موز"", ""name_en"": ""Banana"", ""quantity"": 90, ""unit"": ""g""}, {""name_ar"": ""زبدة فول سوداني"", ""name_en"": ""Peanut butter"", ""quantity"": 14, ""unit"": ""g""}, {""name_ar"": ""كاكاو غير محلى"", ""name_en"": ""Unsweetened cocoa"", ""quantity"": 5, ""unit"": ""g""}]","[""اطهِ الشوفان مع الحليب على نار هادئة مع التحريك، ثم أضف بقية المكونات عند التقديم.""]","[""Simmer the oats with milk while stirring, then add the remaining ingredients to serve.""]","[""gluten"", ""milk"", ""peanuts""]","{""rule"": ""same meal_type; calories ±10%; protein ±8g"", ""status"": ""READY"", ""valid_substitute_ids"": [""MEAL-104"", ""MEAL-108"", ""MEAL-112"", ""MEAL-116"", ""MEAL-120""]}",images/MEAL-124.png,approved
MEAL-125,وعاء الشوفان والزبادي مع موز بالليمون والأعشاب طازج,Fresh Lemon Herb Banana Yogurt Oat Bowl,Breakfast,511,24.9,74.6,14.3,305 g,"[{""name_ar"": ""شوفان"", ""name_en"": ""Oats"", ""quantity"": 57, ""unit"": ""g""}, {""name_ar"": ""زبادي يوناني"", ""name_en"": ""Greek yogurt"", ""quantity"": 140, ""unit"": ""g""}, {""name_ar"": ""موز"", ""name_en"": ""Banana"", ""quantity"": 90, ""unit"": ""g""}, {""name_ar"": ""بذور الشيا"", ""name_en"": ""Chia seeds"", ""quantity"": 10, ""unit"": ""g""}, {""name_ar"": ""عسل"", ""name_en"": ""Honey"", ""quantity"": 8, ""unit"": ""g""}, {""name_ar"": ""الليمون والأعشاب"", ""name_en"": ""Lemon Herb seasoning"", ""quantity"": 2, ""unit"": ""g""}]","[""اخلط المكونات الأساسية في وعاء، ثم رتّب الفاكهة والإضافات فوقها وقدّم فوراً.""]","[""Combine the base ingredients in a bowl, arrange the fruit and toppings, and serve immediately.""]","[""gluten"", ""milk""]","{""rule"": ""same meal_type; calories ±10%; protein ±8g"", ""status"": ""READY"", ""valid_substitute_ids"": [""MEAL-137"", ""MEAL-113"", ""MEAL-133"", ""MEAL-101"", ""MEAL-121""]}",images/MEAL-125.png,approved
MEAL-126,توست الإفطار بالبيض وسبانخ بالثوم والبابريكا محمص,Toasted Garlic Paprika Spinach Egg Breakfast Toast,Breakfast,428,34.6,32.6,17.9,345 g,"[{""name_ar"": ""بيض"", ""name_en"": ""Egg"", ""quantity"": 100, ""unit"": ""g""}, {""name_ar"": ""بياض البيض"", ""name_en"": ""Egg whites"", ""quantity"": 100, ""unit"": ""g""}, {""name_ar"": ""سبانخ"", ""name_en"": ""Spinach"", ""quantity"": 70, ""unit"": ""g""}, {""name_ar"": ""خبز قمح كامل"", ""name_en"": ""Whole-wheat bread"", ""quantity"": 70, ""unit"": ""g""}, {""name_ar"": ""زيت زيتون"", ""name_en"": ""Olive oil"", ""quantity"": 5, ""unit"": ""g""}, {""name_ar"": ""الثوم والبابريكا"", ""name_en"": ""Garlic Paprika seasoning"", ""quantity"": 2, ""unit"": ""g""}]","[""سخّن الزيت، شوّح البروتين حتى ينضج، أضف الخضار، ثم قدّم الخليط مع الكربوهيدرات الساخنة.""]","[""Heat the oil, sauté the protein until cooked, add the vegetables, and serve with the warm carbohydrate.""]","[""egg"", ""gluten""]","{""rule"": ""same meal_type; calories ±10%; protein ±8g"", ""status"": ""READY"", ""valid_substitute_ids"": [""MEAL-102"", ""MEAL-106"", ""MEAL-110"", ""MEAL-114"", ""MEAL-118""]}",images/MEAL-126.png,approved
MEAL-127,طبق إفطار الجبن القريش مع برتقال,Orange Cottage Cheese Breakfast Plate,Breakfast,451,31.3,44.9,17.6,360 g,"[{""name_ar"": ""جبن قريش"", ""name_en"": ""Cottage cheese"", ""quantity"": 180, ""unit"": ""g""}, {""name_ar"": ""برتقال"", ""name_en"": ""Orange"", ""quantity"": 110, ""unit"": ""g""}, {""name_ar"": ""لوز"", ""name_en"": ""Almonds"", ""quantity"": 15, ""unit"": ""g""}, {""name_ar"": ""خبز قمح كامل"", ""name_en"": ""Whole-wheat bread"", ""quantity"": 55, ""unit"": ""g""}]","[""حضّر المكونات وقطّع الطازج منها، ثم رتّب الحصة كاملة في طبق واحد.""]","[""Prepare and slice the fresh ingredients, then arrange the full serving on one plate.""]","[""gluten"", ""milk"", ""tree nuts""]","{""rule"": ""same meal_type; calories ±10%; protein ±8g"", ""status"": ""READY"", ""valid_substitute_ids"": [""MEAL-103"", ""MEAL-115"", ""MEAL-111"", ""MEAL-123"", ""MEAL-135""]}",images/MEAL-127.png,approved
MEAL-128,شوفان الإفطار بالموز والكاكاو 7,Cocoa Banana Breakfast Oats 7,Breakfast,441,20.6,67.0,13.3,374 g,"[{""name_ar"": ""شوفان"", ""name_en"": ""Oats"", ""quantity"": 45, ""unit"": ""g""}, {""name_ar"": ""حليب قليل الدسم"", ""name_en"": ""Low-fat milk"", ""quantity"": 220, ""unit"": ""g""}, {""name_ar"": ""موز"", ""name_en"": ""Banana"", ""quantity"": 90, ""unit"": ""g""}, {""name_ar"": ""زبدة فول سوداني"", ""name_en"": ""Peanut butter"", ""quantity"": 14, ""unit"": ""g""}, {""name_ar"": ""كاكاو غير محلى"", ""name_en"": ""Unsweetened cocoa"", ""quantity"": 5, ""unit"": ""g""}]","[""اطهِ الشوفان مع الحليب على نار هادئة مع التحريك، ثم أضف بقية المكونات عند التقديم.""]","[""Simmer the oats with milk while stirring, then add the remaining ingredients to serve.""]","[""gluten"", ""milk"", ""peanuts""]","{""rule"": ""same meal_type; calories ±10%; protein ±8g"", ""status"": ""READY"", ""valid_substitute_ids"": [""MEAL-104"", ""MEAL-108"", ""MEAL-112"", ""MEAL-116"", ""MEAL-120""]}",images/MEAL-128.png,approved
MEAL-129,وعاء الشوفان والزبادي مع توت مشكل,Mixed berries Yogurt Oat Bowl,Breakfast,491,25.2,67.5,14.5,309 g,"[{""name_ar"": ""شوفان"", ""name_en"": ""Oats"", ""quantity"": 61, ""unit"": ""g""}, {""name_ar"": ""زبادي يوناني"", ""name_en"": ""Greek yogurt"", ""quantity"": 140, ""unit"": ""g""}, {""name_ar"": ""توت مشكل"", ""name_en"": ""Mixed berries"", ""quantity"": 90, ""unit"": ""g""}, {""name_ar"": ""بذور الشيا"", ""name_en"": ""Chia seeds"", ""quantity"": 10, ""unit"": ""g""}, {""name_ar"": ""عسل"", ""name_en"": ""Honey"", ""quantity"": 8, ""unit"": ""g""}]","[""اخلط المكونات الأساسية في وعاء، ثم رتّب الفاكهة والإضافات فوقها وقدّم فوراً.""]","[""Combine the base ingredients in a bowl, arrange the fruit and toppings, and serve immediately.""]","[""gluten"", ""milk""]","{""rule"": ""same meal_type; calories ±10%; protein ±8g"", ""status"": ""READY"", ""valid_substitute_ids"": [""MEAL-117"", ""MEAL-109"", ""MEAL-107"", ""MEAL-119"", ""MEAL-131""]}",images/MEAL-129.png,approved
MEAL-130,توست الإفطار بالبيض وسبانخ بالزنجبيل والليمون الأخضر طازج,Fresh Ginger Lime Spinach Egg Breakfast Toast,Breakfast,428,34.6,32.6,17.9,345 g,"[{""name_ar"": ""بيض"", ""name_en"": ""Egg"", ""quantity"": 100, ""unit"": ""g""}, {""name_ar"": ""بياض البيض"", ""name_en"": ""Egg whites"", ""quantity"": 100, ""unit"": ""g""}, {""name_ar"": ""سبانخ"", ""name_en"": ""Spinach"", ""quantity"": 70, ""unit"": ""g""}, {""name_ar"": ""خبز قمح كامل"", ""name_en"": ""Whole-wheat bread"", ""quantity"": 70, ""unit"": ""g""}, {""name_ar"": ""زيت زيتون"", ""name_en"": ""Olive oil"", ""quantity"": 5, ""unit"": ""g""}, {""name_ar"": ""الزنجبيل والليمون الأخضر"", ""name_en"": ""Ginger Lime seasoning"", ""quantity"": 2, ""unit"": ""g""}]","[""سخّن الزيت، شوّح البروتين حتى ينضج، أضف الخضار، ثم قدّم الخليط مع الكربوهيدرات الساخنة.""]","[""Heat the oil, sauté the protein until cooked, add the vegetables, and serve with the warm carbohydrate.""]","[""egg"", ""gluten""]","{""rule"": ""same meal_type; calories ±10%; protein ±8g"", ""status"": ""READY"", ""valid_substitute_ids"": [""MEAL-102"", ""MEAL-106"", ""MEAL-110"", ""MEAL-114"", ""MEAL-118""]}",images/MEAL-130.png,approved
MEAL-131,طبق إفطار الجبن القريش مع موز,Banana Cottage Cheese Breakfast Plate,Breakfast,497,31.5,57.0,17.9,360 g,"[{""name_ar"": ""جبن قريش"", ""name_en"": ""Cottage cheese"", ""quantity"": 180, ""unit"": ""g""}, {""name_ar"": ""موز"", ""name_en"": ""Banana"", ""quantity"": 110, ""unit"": ""g""}, {""name_ar"": ""لوز"", ""name_en"": ""Almonds"", ""quantity"": 15, ""unit"": ""g""}, {""name_ar"": ""خبز قمح كامل"", ""name_en"": ""Whole-wheat bread"", ""quantity"": 55, ""unit"": ""g""}]","[""حضّر المكونات وقطّع الطازج منها، ثم رتّب الحصة كاملة في طبق واحد.""]","[""Prepare and slice the fresh ingredients, then arrange the full serving on one plate.""]","[""gluten"", ""milk"", ""tree nuts""]","{""rule"": ""same meal_type; calories ±10%; protein ±8g"", ""status"": ""READY"", ""valid_substitute_ids"": [""MEAL-107"", ""MEAL-119"", ""MEAL-109"", ""MEAL-121"", ""MEAL-129""]}",images/MEAL-131.png,approved
MEAL-132,شوفان الإفطار بالموز والكاكاو 8,Cocoa Banana Breakfast Oats 8,Breakfast,441,20.6,67.0,13.3,374 g,"[{""name_ar"": ""شوفان"", ""name_en"": ""Oats"", ""quantity"": 45, ""unit"": ""g""}, {""name_ar"": ""حليب قليل الدسم"", ""name_en"": ""Low-fat milk"", ""quantity"": 220, ""unit"": ""g""}, {""name_ar"": ""موز"", ""name_en"": ""Banana"", ""quantity"": 90, ""unit"": ""g""}, {""name_ar"": ""زبدة فول سوداني"", ""name_en"": ""Peanut butter"", ""quantity"": 14, ""unit"": ""g""}, {""name_ar"": ""كاكاو غير محلى"", ""name_en"": ""Unsweetened cocoa"", ""quantity"": 5, ""unit"": ""g""}]","[""اطهِ الشوفان مع الحليب على نار هادئة مع التحريك، ثم أضف بقية المكونات عند التقديم.""]","[""Simmer the oats with milk while stirring, then add the remaining ingredients to serve.""]","[""gluten"", ""milk"", ""peanuts""]","{""rule"": ""same meal_type; calories ±10%; protein ±8g"", ""status"": ""READY"", ""valid_substitute_ids"": [""MEAL-104"", ""MEAL-108"", ""MEAL-112"", ""MEAL-116"", ""MEAL-120""]}",images/MEAL-132.png,approved
MEAL-133,وعاء الشوفان والزبادي مع برتقال,Orange Yogurt Oat Bowl,Breakfast,504,26.1,70.0,14.6,313 g,"[{""name_ar"": ""شوفان"", ""name_en"": ""Oats"", ""quantity"": 65, ""unit"": ""g""}, {""name_ar"": ""زبادي يوناني"", ""name_en"": ""Greek yogurt"", ""quantity"": 140, ""unit"": ""g""}, {""name_ar"": ""برتقال"", ""name_en"": ""Orange"", ""quantity"": 90, ""unit"": ""g""}, {""name_ar"": ""بذور الشيا"", ""name_en"": ""Chia seeds"", ""quantity"": 10, ""unit"": ""g""}, {""name_ar"": ""عسل"", ""name_en"": ""Honey"", ""quantity"": 8, ""unit"": ""g""}]","[""اخلط المكونات الأساسية في وعاء، ثم رتّب الفاكهة والإضافات فوقها وقدّم فوراً.""]","[""Combine the base ingredients in a bowl, arrange the fruit and toppings, and serve immediately.""]","[""gluten"", ""milk""]","{""rule"": ""same meal_type; calories ±10%; protein ±8g"", ""status"": ""READY"", ""valid_substitute_ids"": [""MEAL-101"", ""MEAL-113"", ""MEAL-121"", ""MEAL-125"", ""MEAL-107""]}",images/MEAL-133.png,approved
MEAL-134,توست الإفطار بالبيض وسبانخ,Spinach Egg Breakfast Toast,Breakfast,428,34.6,32.6,17.9,345 g,"[{""name_ar"": ""بيض"", ""name_en"": ""Egg"", ""quantity"": 100, ""unit"": ""g""}, {""name_ar"": ""بياض البيض"", ""name_en"": ""Egg whites"", ""quantity"": 100, ""unit"": ""g""}, {""name_ar"": ""سبانخ"", ""name_en"": ""Spinach"", ""quantity"": 70, ""unit"": ""g""}, {""name_ar"": ""خبز قمح كامل"", ""name_en"": ""Whole-wheat bread"", ""quantity"": 70, ""unit"": ""g""}, {""name_ar"": ""زيت زيتون"", ""name_en"": ""Olive oil"", ""quantity"": 5, ""unit"": ""g""}]","[""سخّن الزيت، شوّح البروتين حتى ينضج، أضف الخضار، ثم قدّم الخليط مع الكربوهيدرات الساخنة.""]","[""Heat the oil, sauté the protein until cooked, add the vegetables, and serve with the warm carbohydrate.""]","[""egg"", ""gluten""]","{""rule"": ""same meal_type; calories ±10%; protein ±8g"", ""status"": ""READY"", ""valid_substitute_ids"": [""MEAL-102"", ""MEAL-106"", ""MEAL-110"", ""MEAL-114"", ""MEAL-118""]}",images/MEAL-134.png,approved
MEAL-135,طبق إفطار الجبن القريش مع توت مشكل,Mixed berries Cottage Cheese Breakfast Plate,Breakfast,454,31.1,45.1,17.9,360 g,"[{""name_ar"": ""جبن قريش"", ""name_en"": ""Cottage cheese"", ""quantity"": 180, ""unit"": ""g""}, {""name_ar"": ""توت مشكل"", ""name_en"": ""Mixed berries"", ""quantity"": 110, ""unit"": ""g""}, {""name_ar"": ""لوز"", ""name_en"": ""Almonds"", ""quantity"": 15, ""unit"": ""g""}, {""name_ar"": ""خبز قمح كامل"", ""name_en"": ""Whole-wheat bread"", ""quantity"": 55, ""unit"": ""g""}]","[""حضّر المكونات وقطّع الطازج منها، ثم رتّب الحصة كاملة في طبق واحد.""]","[""Prepare and slice the fresh ingredients, then arrange the full serving on one plate.""]","[""gluten"", ""milk"", ""tree nuts""]","{""rule"": ""same meal_type; calories ±10%; protein ±8g"", ""status"": ""READY"", ""valid_substitute_ids"": [""MEAL-111"", ""MEAL-123"", ""MEAL-103"", ""MEAL-115"", ""MEAL-127""]}",images/MEAL-135.png,approved
MEAL-136,شوفان الإفطار بالموز والكاكاو 9,Cocoa Banana Breakfast Oats 9,Breakfast,441,20.6,67.0,13.3,374 g,"[{""name_ar"": ""شوفان"", ""name_en"": ""Oats"", ""quantity"": 45, ""unit"": ""g""}, {""name_ar"": ""حليب قليل الدسم"", ""name_en"": ""Low-fat milk"", ""quantity"": 220, ""unit"": ""g""}, {""name_ar"": ""موز"", ""name_en"": ""Banana"", ""quantity"": 90, ""unit"": ""g""}, {""name_ar"": ""زبدة فول سوداني"", ""name_en"": ""Peanut butter"", ""quantity"": 14, ""unit"": ""g""}, {""name_ar"": ""كاكاو غير محلى"", ""name_en"": ""Unsweetened cocoa"", ""quantity"": 5, ""unit"": ""g""}]","[""اطهِ الشوفان مع الحليب على نار هادئة مع التحريك، ثم أضف بقية المكونات عند التقديم.""]","[""Simmer the oats with milk while stirring, then add the remaining ingredients to serve.""]","[""gluten"", ""milk"", ""peanuts""]","{""rule"": ""same meal_type; calories ±10%; protein ±8g"", ""status"": ""READY"", ""valid_substitute_ids"": [""MEAL-104"", ""MEAL-108"", ""MEAL-112"", ""MEAL-116"", ""MEAL-120""]}",images/MEAL-136.png,approved
MEAL-137,وعاء الشوفان والزبادي مع موز,Banana Yogurt Oat Bowl,Breakfast,514,25.1,75.2,14.3,306 g,"[{""name_ar"": ""شوفان"", ""name_en"": ""Oats"", ""quantity"": 58, ""unit"": ""g""}, {""name_ar"": ""زبادي يوناني"", ""name_en"": ""Greek yogurt"", ""quantity"": 140, ""unit"": ""g""}, {""name_ar"": ""موز"", ""name_en"": ""Banana"", ""quantity"": 90, ""unit"": ""g""}, {""name_ar"": ""بذور الشيا"", ""name_en"": ""Chia seeds"", ""quantity"": 10, ""unit"": ""g""}, {""name_ar"": ""عسل"", ""name_en"": ""Honey"", ""quantity"": 8, ""unit"": ""g""}]","[""اخلط المكونات الأساسية في وعاء، ثم رتّب الفاكهة والإضافات فوقها وقدّم فوراً.""]","[""Combine the base ingredients in a bowl, arrange the fruit and toppings, and serve immediately.""]","[""gluten"", ""milk""]","{""rule"": ""same meal_type; calories ±10%; protein ±8g"", ""status"": ""READY"", ""valid_substitute_ids"": [""MEAL-125"", ""MEAL-113"", ""MEAL-133"", ""MEAL-101"", ""MEAL-121""]}",images/MEAL-137.png,approved
MEAL-138,صدر دجاج مع أرز بني مطبوخ وبروكلي بالثوم والبابريكا مبرد,Chilled Garlic Paprika Chicken breast with Cooked brown rice and Broccoli,Lunch,514,47.2,49.1,13.8,447 g,"[{""name_ar"": ""صدر دجاج"", ""name_en"": ""Chicken breast"", ""quantity"": 130, ""unit"": ""g""}, {""name_ar"": ""أرز بني مطبوخ"", ""name_en"": ""Cooked brown rice"", ""quantity"": 150, ""unit"": ""g""}, {""name_ar"": ""بروكلي"", ""name_en"": ""Broccoli"", ""quantity"": 90, ""unit"": ""g""}, {""name_ar"": ""فلفل رومي"", ""name_en"": ""Bell pepper"", ""quantity"": 70, ""unit"": ""g""}, {""name_ar"": ""زيت زيتون"", ""name_en"": ""Olive oil"", ""quantity"": 7, ""unit"": ""g""}, {""name_ar"": ""الثوم والبابريكا"", ""name_en"": ""Garlic Paprika seasoning"", ""quantity"": 2, ""unit"": ""g""}]","[""تبّل البروتين واشوه حتى ينضج، وسخّن الحبوب والخضار، ثم رتّبها في طبق متوازن.""]","[""Season and grill the protein until cooked through, warm the grain and vegetables, then plate evenly.""]",[],"{""rule"": ""same meal_type; calories ±10%; protein ±8g"", ""status"": ""READY"", ""valid_substitute_ids"": [""MEAL-174"", ""MEAL-160"", ""MEAL-147"", ""MEAL-161"", ""MEAL-169""]}",images/MEAL-138.png,approved
MEAL-139,صدر ديك رومي مع معكرونة قمح كامل مطبوخة وسبانخ بالكمون والكزبرة دافئ,Warm Cumin Coriander Turkey breast with Cooked whole-wheat pasta and Spinach,Lunch,535,53.1,56.9,12.6,477 g,"[{""name_ar"": ""صدر ديك رومي"", ""name_en"": ""Turkey breast"", ""quantity"": 140, ""unit"": ""g""}, {""name_ar"": ""معكرونة قمح كامل مطبوخة"", ""name_en"": ""Cooked whole-wheat pasta"", ""quantity"": 170, ""unit"": ""g""}, {""name_ar"": ""سبانخ"", ""name_en"": ""Spinach"", ""quantity"": 90, ""unit"": ""g""}, {""name_ar"": ""خيار"", ""name_en"": ""Cucumber"", ""quantity"": 70, ""unit"": ""g""}, {""name_ar"": ""زيت زيتون"", ""name_en"": ""Olive oil"", ""quantity"": 7, ""unit"": ""g""}, {""name_ar"": ""الكمون والكزبرة"", ""name_en"": ""Cumin Coriander seasoning"", ""quantity"": 2, ""unit"": ""g""}]","[""رتّب البروتين والخضار في صينية مع الزيت واشوِها حتى تنضج، ثم قدّمها مع الكربوهيدرات.""]","[""Arrange the protein and vegetables on a tray with oil, roast until done, and serve with the carbohydrate.""]","[""gluten""]","{""rule"": ""same meal_type; calories ±10%; protein ±8g"", ""status"": ""READY"", ""valid_substitute_ids"": [""MEAL-175"", ""MEAL-165"", ""MEAL-166"", ""MEAL-152"", ""MEAL-156""]}",images/MEAL-139.png,approved
MEAL-140,سلمون مع بطاطس وبروكلي بإكليل الجبل والفلفل طازج,Fresh Rosemary Pepper Salmon with Potato and Broccoli,Lunch,573,36.7,43.9,27.3,507 g,"[{""name_ar"": ""سلمون"", ""name_en"": ""Salmon"", ""quantity"": 150, ""unit"": ""g""}, {""name_ar"": ""بطاطس"", ""name_en"": ""Potato"", ""quantity"": 190, ""unit"": ""g""}, {""name_ar"": ""بروكلي"", ""name_en"": ""Broccoli"", ""quantity"": 90, ""unit"": ""g""}, {""name_ar"": ""فلفل رومي"", ""name_en"": ""Bell pepper"", ""quantity"": 70, ""unit"": ""g""}, {""name_ar"": ""زيت زيتون"", ""name_en"": ""Olive oil"", ""quantity"": 7, ""unit"": ""g""}, {""name_ar"": ""إكليل الجبل والفلفل"", ""name_en"": ""Rosemary Pepper seasoning"", ""quantity"": 2, ""unit"": ""g""}]","[""سخّن الزيت، شوّح البروتين حتى ينضج، أضف الخضار، ثم قدّم الخليط مع الكربوهيدرات الساخنة.""]","[""Heat the oil, sauté the protein until cooked, add the vegetables, and serve with the warm carbohydrate.""]","[""fish""]","{""rule"": ""same meal_type; calories ±10%; protein ±8g"", ""status"": ""READY"", ""valid_substitute_ids"": [""MEAL-176"", ""MEAL-149"", ""MEAL-158"", ""MEAL-167"", ""MEAL-144""]}",images/MEAL-140.png,approved
MEAL-141,تونة مع أرز بني مطبوخ وسبانخ بالسماق والنعناع محمص,Toasted Sumac Mint Tuna with Cooked brown rice and Spinach,Lunch,489,53.5,44.2,10.5,477 g,"[{""name_ar"": ""تونة"", ""name_en"": ""Tuna"", ""quantity"": 160, ""unit"": ""g""}, {""name_ar"": ""أرز بني مطبوخ"", ""name_en"": ""Cooked brown rice"", ""quantity"": 150, ""unit"": ""g""}, {""name_ar"": ""سبانخ"", ""name_en"": ""Spinach"", ""quantity"": 90, ""unit"": ""g""}, {""name_ar"": ""خيار"", ""name_en"": ""Cucumber"", ""quantity"": 70, ""unit"": ""g""}, {""name_ar"": ""زيت زيتون"", ""name_en"": ""Olive oil"", ""quantity"": 7, ""unit"": ""g""}, {""name_ar"": ""السماق والنعناع"", ""name_en"": ""Sumac Mint seasoning"", ""quantity"": 2, ""unit"": ""g""}]","[""تبّل المكونات واخبز البروتين والخضار حتى النضج، ثم قدّمها مع الحبوب أو البطاطس.""]","[""Season the ingredients, bake the protein and vegetables until done, then serve with the grain or potato.""]","[""fish""]","{""rule"": ""same meal_type; calories ±10%; protein ±8g"", ""status"": ""READY"", ""valid_substitute_ids"": [""MEAL-177"", ""MEAL-151"", ""MEAL-168"", ""MEAL-169"", ""MEAL-147""]}",images/MEAL-141.png,approved
MEAL-142,روبيان مع معكرونة قمح كامل مطبوخة وبروكلي بالزنجبيل والليمون الأخضر مشوي,Roasted Ginger Lime Shrimp with Cooked whole-wheat pasta and Broccoli,Lunch,497,43.4,62.1,10.8,467 g,"[{""name_ar"": ""روبيان"", ""name_en"": ""Shrimp"", ""quantity"": 130, ""unit"": ""g""}, {""name_ar"": ""معكرونة قمح كامل مطبوخة"", ""name_en"": ""Cooked whole-wheat pasta"", ""quantity"": 170, ""unit"": ""g""}, {""name_ar"": ""بروكلي"", ""name_en"": ""Broccoli"", ""quantity"": 90, ""unit"": ""g""}, {""name_ar"": ""فلفل رومي"", ""name_en"": ""Bell pepper"", ""quantity"": 70, ""unit"": ""g""}, {""name_ar"": ""زيت زيتون"", ""name_en"": ""Olive oil"", ""quantity"": 7, ""unit"": ""g""}, {""name_ar"": ""الزنجبيل والليمون الأخضر"", ""name_en"": ""Ginger Lime seasoning"", ""quantity"": 2, ""unit"": ""g""}]","[""تبّل البروتين واشوه حتى ينضج، وسخّن الحبوب والخضار، ثم رتّبها في طبق متوازن.""]","[""Season and grill the protein until cooked through, warm the grain and vegetables, then plate evenly.""]","[""gluten"", ""shellfish""]","{""rule"": ""same meal_type; calories ±10%; protein ±8g"", ""status"": ""READY"", ""valid_substitute_ids"": [""MEAL-178"", ""MEAL-168"", ""MEAL-170"", ""MEAL-169"", ""MEAL-143""]}",images/MEAL-142.png,approved
MEAL-143,لحم بقري قليل الدهن مع بطاطس وسبانخ بالشبت والحمضيات مبرد,Chilled Dill Citrus Lean beef with Potato and Spinach,Lunch,486,43.3,39.0,18.8,497 g,"[{""name_ar"": ""لحم بقري قليل الدهن"", ""name_en"": ""Lean beef"", ""quantity"": 140, ""unit"": ""g""}, {""name_ar"": ""بطاطس"", ""name_en"": ""Potato"", ""quantity"": 190, ""unit"": ""g""}, {""name_ar"": ""سبانخ"", ""name_en"": ""Spinach"", ""quantity"": 90, ""unit"": ""g""}, {""name_ar"": ""خيار"", ""name_en"": ""Cucumber"", ""quantity"": 70, ""unit"": ""g""}, {""name_ar"": ""زيت زيتون"", ""name_en"": ""Olive oil"", ""quantity"": 7, ""unit"": ""g""}, {""name_ar"": ""الشبت والحمضيات"", ""name_en"": ""Dill Citrus seasoning"", ""quantity"": 2, ""unit"": ""g""}]","[""رتّب البروتين والخضار في صينية مع الزيت واشوِها حتى تنضج، ثم قدّمها مع الكربوهيدرات.""]","[""Arrange the protein and vegetables on a tray with oil, roast until done, and serve with the carbohydrate.""]",[],"{""rule"": ""same meal_type; calories ±10%; protein ±8g"", ""status"": ""READY"", ""valid_substitute_ids"": [""MEAL-179"", ""MEAL-151"", ""MEAL-170"", ""MEAL-142"", ""MEAL-178""]}",images/MEAL-143.png,approved
MEAL-144,توفو مع أرز بني مطبوخ وبروكلي بالريحان والأوريغانو دافئ,Warm Basil Oregano Tofu with Cooked brown rice and Broccoli,Lunch,516,32.4,53.3,22.1,467 g,"[{""name_ar"": ""توفو"", ""name_en"": ""Tofu"", ""quantity"": 150, ""unit"": ""g""}, {""name_ar"": ""أرز بني مطبوخ"", ""name_en"": ""Cooked brown rice"", ""quantity"": 150, ""unit"": ""g""}, {""name_ar"": ""بروكلي"", ""name_en"": ""Broccoli"", ""quantity"": 90, ""unit"": ""g""}, {""name_ar"": ""فلفل رومي"", ""name_en"": ""Bell pepper"", ""quantity"": 70, ""unit"": ""g""}, {""name_ar"": ""زيت زيتون"", ""name_en"": ""Olive oil"", ""quantity"": 7, ""unit"": ""g""}, {""name_ar"": ""الريحان والأوريغانو"", ""name_en"": ""Basil Oregano seasoning"", ""quantity"": 2, ""unit"": ""g""}]","[""سخّن الزيت، شوّح البروتين حتى ينضج، أضف الخضار، ثم قدّم الخليط مع الكربوهيدرات الساخنة.""]","[""Heat the oil, sauté the protein until cooked, add the vegetables, and serve with the warm carbohydrate.""]","[""soy""]","{""rule"": ""same meal_type; calories ±10%; protein ±8g"", ""status"": ""READY"", ""valid_substitute_ids"": [""MEAL-180"", ""MEAL-163"", ""MEAL-153"", ""MEAL-167"", ""MEAL-158""]}",images/MEAL-144.png,approved
MEAL-145,عدس مطبوخ مع معكرونة قمح كامل مطبوخة وسبانخ بالقرفة والفانيليا طازج,Fresh Cinnamon Vanilla Cooked lentils with Cooked whole-wheat pasta and Spinach,Lunch,532,26.8,88.9,11.0,497 g,"[{""name_ar"": ""عدس مطبوخ"", ""name_en"": ""Cooked lentils"", ""quantity"": 160, ""unit"": ""g""}, {""name_ar"": ""معكرونة قمح كامل مطبوخة"", ""name_en"": ""Cooked whole-wheat pasta"", ""quantity"": 170, ""unit"": ""g""}, {""name_ar"": ""سبانخ"", ""name_en"": ""Spinach"", ""quantity"": 90, ""unit"": ""g""}, {""name_ar"": ""خيار"", ""name_en"": ""Cucumber"", ""quantity"": 70, ""unit"": ""g""}, {""name_ar"": ""زيت زيتون"", ""name_en"": ""Olive oil"", ""quantity"": 7, ""unit"": ""g""}, {""name_ar"": ""القرفة والفانيليا"", ""name_en"": ""Cinnamon Vanilla seasoning"", ""quantity"": 2, ""unit"": ""g""}]","[""تبّل المكونات واخبز البروتين والخضار حتى النضج، ثم قدّمها مع الحبوب أو البطاطس.""]","[""Season the ingredients, bake the protein and vegetables until done, then serve with the grain or potato.""]","[""gluten""]","{""rule"": ""same meal_type; calories ±10%; protein ±8g"", ""status"": ""READY"", ""valid_substitute_ids"": [""MEAL-181"", ""MEAL-158"", ""MEAL-172"", ""MEAL-154"", ""MEAL-144""]}",images/MEAL-145.png,approved
MEAL-146,حمص مطبوخ مع بطاطس وبروكلي بالهيل والسمسم,Cardamom Sesame Cooked chickpeas with Potato and Broccoli,Lunch,475,18.2,79.6,11.1,487 g,"[{""name_ar"": ""حمص مطبوخ"", ""name_en"": ""Cooked chickpeas"", ""quantity"": 130, ""unit"": ""g""}, {""name_ar"": ""بطاطس"", ""name_en"": ""Potato"", ""quantity"": 190, ""unit"": ""g""}, {""name_ar"": ""بروكلي"", ""name_en"": ""Broccoli"", ""quantity"": 90, ""unit"": ""g""}, {""name_ar"": ""فلفل رومي"", ""name_en"": ""Bell pepper"", ""quantity"": 70, ""unit"": ""g""}, {""name_ar"": ""زيت زيتون"", ""name_en"": ""Olive oil"", ""quantity"": 7, ""unit"": ""g""}, {""name_ar"": ""الهيل والسمسم"", ""name_en"": ""Cardamom Sesame seasoning"", ""quantity"": 2, ""unit"": ""g""}]","[""تبّل البروتين واشوه حتى ينضج، وسخّن الحبوب والخضار، ثم رتّبها في طبق متوازن.""]","[""Season and grill the protein until cooked through, warm the grain and vegetables, then plate evenly.""]",[],"{""rule"": ""same meal_type; calories ±10%; protein ±8g"", ""status"": ""READY"", ""valid_substitute_ids"": [""MEAL-155"", ""MEAL-173"", ""MEAL-164"", ""MEAL-163"", ""MEAL-154""]}",images/MEAL-146.png,approved
MEAL-147,صدر دجاج مع أرز بني مطبوخ وسبانخ بالكركم والفلفل,Turmeric Pepper Chicken breast with Cooked brown rice and Spinach,Lunch,509,50.5,44.2,14.0,457 g,"[{""name_ar"": ""صدر دجاج"", ""name_en"": ""Chicken breast"", ""quantity"": 140, ""unit"": ""g""}, {""name_ar"": ""أرز بني مطبوخ"", ""name_en"": ""Cooked brown rice"", ""quantity"": 150, ""unit"": ""g""}, {""name_ar"": ""سبانخ"", ""name_en"": ""Spinach"", ""quantity"": 90, ""unit"": ""g""}, {""name_ar"": ""خيار"", ""name_en"": ""Cucumber"", ""quantity"": 70, ""unit"": ""g""}, {""name_ar"": ""زيت زيتون"", ""name_en"": ""Olive oil"", ""quantity"": 7, ""unit"": ""g""}, {""name_ar"": ""الكركم والفلفل"", ""name_en"": ""Turmeric Pepper seasoning"", ""quantity"": 2, ""unit"": ""g""}]","[""رتّب البروتين والخضار في صينية مع الزيت واشوِها حتى تنضج، ثم قدّمها مع الكربوهيدرات.""]","[""Arrange the protein and vegetables on a tray with oil, roast until done, and serve with the carbohydrate.""]",[],"{""rule"": ""same meal_type; calories ±10%; protein ±8g"", ""status"": ""READY"", ""valid_substitute_ids"": [""MEAL-169"", ""MEAL-138"", ""MEAL-174"", ""MEAL-160"", ""MEAL-168""]}",images/MEAL-147.png,approved
MEAL-148,صدر ديك رومي مع معكرونة قمح كامل مطبوخة وبروكلي بالبقدونس والليمون,Parsley Lemon Turkey breast with Cooked whole-wheat pasta and Broccoli,Lunch,571,55.7,61.9,12.9,487 g,"[{""name_ar"": ""صدر ديك رومي"", ""name_en"": ""Turkey breast"", ""quantity"": 150, ""unit"": ""g""}, {""name_ar"": ""معكرونة قمح كامل مطبوخة"", ""name_en"": ""Cooked whole-wheat pasta"", ""quantity"": 170, ""unit"": ""g""}, {""name_ar"": ""بروكلي"", ""name_en"": ""Broccoli"", ""quantity"": 90, ""unit"": ""g""}, {""name_ar"": ""فلفل رومي"", ""name_en"": ""Bell pepper"", ""quantity"": 70, ""unit"": ""g""}, {""name_ar"": ""زيت زيتون"", ""name_en"": ""Olive oil"", ""quantity"": 7, ""unit"": ""g""}, {""name_ar"": ""البقدونس والليمون"", ""name_en"": ""Parsley Lemon seasoning"", ""quantity"": 2, ""unit"": ""g""}]","[""سخّن الزيت، شوّح البروتين حتى ينضج، أضف الخضار، ثم قدّم الخليط مع الكربوهيدرات الساخنة.""]","[""Heat the oil, sauté the protein until cooked, add the vegetables, and serve with the warm carbohydrate.""]","[""gluten""]","{""rule"": ""same meal_type; calories ±10%; protein ±8g"", ""status"": ""READY"", ""valid_substitute_ids"": [""MEAL-157"", ""MEAL-156"", ""MEAL-166"", ""MEAL-165"", ""MEAL-139""]}",images/MEAL-148.png,approved
MEAL-149,سلمون مع بطاطس وسبانخ بالليمون والأعشاب,Lemon Herb Salmon with Potato and Spinach,Lunch,572,38.9,39.0,28.4,517 g,"[{""name_ar"": ""سلمون"", ""name_en"": ""Salmon"", ""quantity"": 160, ""unit"": ""g""}, {""name_ar"": ""بطاطس"", ""name_en"": ""Potato"", ""quantity"": 190, ""unit"": ""g""}, {""name_ar"": ""سبانخ"", ""name_en"": ""Spinach"", ""quantity"": 90, ""unit"": ""g""}, {""name_ar"": ""خيار"", ""name_en"": ""Cucumber"", ""quantity"": 70, ""unit"": ""g""}, {""name_ar"": ""زيت زيتون"", ""name_en"": ""Olive oil"", ""quantity"": 7, ""unit"": ""g""}, {""name_ar"": ""الليمون والأعشاب"", ""name_en"": ""Lemon Herb seasoning"", ""quantity"": 2, ""unit"": ""g""}]","[""تبّل المكونات واخبز البروتين والخضار حتى النضج، ثم قدّمها مع الحبوب أو البطاطس.""]","[""Season the ingredients, bake the protein and vegetables until done, then serve with the grain or potato.""]","[""fish""]","{""rule"": ""same meal_type; calories ±10%; protein ±8g"", ""status"": ""READY"", ""valid_substitute_ids"": [""MEAL-140"", ""MEAL-176"", ""MEAL-158"", ""MEAL-167"", ""MEAL-152""]}",images/MEAL-149.png,approved
MEAL-150,تونة مع أرز بني مطبوخ وبروكلي بالثوم والبابريكا,Garlic Paprika Tuna with Cooked brown rice and Broccoli,Lunch,471,44.6,49.1,10.4,447 g,"[{""name_ar"": ""تونة"", ""name_en"": ""Tuna"", ""quantity"": 130, ""unit"": ""g""}, {""name_ar"": ""أرز بني مطبوخ"", ""name_en"": ""Cooked brown rice"", ""quantity"": 150, ""unit"": ""g""}, {""name_ar"": ""بروكلي"", ""name_en"": ""Broccoli"", ""quantity"": 90, ""unit"": ""g""}, {""name_ar"": ""فلفل رومي"", ""name_en"": ""Bell pepper"", ""quantity"": 70, ""unit"": ""g""}, {""name_ar"": ""زيت زيتون"", ""name_en"": ""Olive oil"", ""quantity"": 7, ""unit"": ""g""}, {""name_ar"": ""الثوم والبابريكا"", ""name_en"": ""Garlic Paprika seasoning"", ""quantity"": 2, ""unit"": ""g""}]","[""تبّل البروتين واشوه حتى ينضج، وسخّن الحبوب والخضار، ثم رتّبها في طبق متوازن.""]","[""Season and grill the protein until cooked through, warm the grain and vegetables, then plate evenly.""]","[""fish""]","{""rule"": ""same meal_type; calories ±10%; protein ±8g"", ""status"": ""READY"", ""valid_substitute_ids"": [""MEAL-159"", ""MEAL-151"", ""MEAL-143"", ""MEAL-179"", ""MEAL-170""]}",images/MEAL-150.png,approved
MEAL-151,روبيان مع معكرونة قمح كامل مطبوخة وسبانخ بالكمون والكزبرة,Cumin Coriander Shrimp with Cooked whole-wheat pasta and Spinach,Lunch,485,46.1,57.2,10.7,477 g,"[{""name_ar"": ""روبيان"", ""name_en"": ""Shrimp"", ""quantity"": 140, ""unit"": ""g""}, {""name_ar"": ""معكرونة قمح كامل مطبوخة"", ""name_en"": ""Cooked whole-wheat pasta"", ""quantity"": 170, ""unit"": ""g""}, {""name_ar"": ""سبانخ"", ""name_en"": ""Spinach"", ""quantity"": 90, ""unit"": ""g""}, {""name_ar"": ""خيار"", ""name_en"": ""Cucumber"", ""quantity"": 70, ""unit"": ""g""}, {""name_ar"": ""زيت زيتون"", ""name_en"": ""Olive oil"", ""quantity"": 7, ""unit"": ""g""}, {""name_ar"": ""الكمون والكزبرة"", ""name_en"": ""Cumin Coriander seasoning"", ""quantity"": 2, ""unit"": ""g""}]","[""رتّب البروتين والخضار في صينية مع الزيت واشوِها حتى تنضج، ثم قدّمها مع الكربوهيدرات.""]","[""Arrange the protein and vegetables on a tray with oil, roast until done, and serve with the carbohydrate.""]","[""gluten"", ""shellfish""]","{""rule"": ""same meal_type; calories ±10%; protein ±8g"", ""status"": ""READY"", ""valid_substitute_ids"": [""MEAL-143"", ""MEAL-179"", ""MEAL-141"", ""MEAL-177"", ""MEAL-170""]}",images/MEAL-151.png,approved
MEAL-152,لحم بقري قليل الدهن مع بطاطس وبروكلي بإكليل الجبل والفلفل,Rosemary Pepper Lean beef with Potato and Broccoli,Lunch,525,45.7,43.9,19.8,507 g,"[{""name_ar"": ""لحم بقري قليل الدهن"", ""name_en"": ""Lean beef"", ""quantity"": 150, ""unit"": ""g""}, {""name_ar"": ""بطاطس"", ""name_en"": ""Potato"", ""quantity"": 190, ""unit"": ""g""}, {""name_ar"": ""بروكلي"", ""name_en"": ""Broccoli"", ""quantity"": 90, ""unit"": ""g""}, {""name_ar"": ""فلفل رومي"", ""name_en"": ""Bell pepper"", ""quantity"": 70, ""unit"": ""g""}, {""name_ar"": ""زيت زيتون"", ""name_en"": ""Olive oil"", ""quantity"": 7, ""unit"": ""g""}, {""name_ar"": ""إكليل الجبل والفلفل"", ""name_en"": ""Rosemary Pepper seasoning"", ""quantity"": 2, ""unit"": ""g""}]","[""سخّن الزيت، شوّح البروتين حتى ينضج، أضف الخضار، ثم قدّم الخليط مع الكربوهيدرات الساخنة.""]","[""Heat the oil, sauté the protein until cooked, add the vegetables, and serve with the warm carbohydrate.""]",[],"{""rule"": ""same meal_type; calories ±10%; protein ±8g"", ""status"": ""READY"", ""valid_substitute_ids"": [""MEAL-161"", ""MEAL-160"", ""MEAL-139"", ""MEAL-175"", ""MEAL-138""]}",images/MEAL-152.png,approved
MEAL-153,توفو مع أرز بني مطبوخ وسبانخ بالسماق والنعناع,Sumac Mint Tofu with Cooked brown rice and Spinach,Lunch,508,34.4,48.6,22.9,477 g,"[{""name_ar"": ""توفو"", ""name_en"": ""Tofu"", ""quantity"": 160, ""unit"": ""g""}, {""name_ar"": ""أرز بني مطبوخ"", ""name_en"": ""Cooked brown rice"", ""quantity"": 150, ""unit"": ""g""}, {""name_ar"": ""سبانخ"", ""name_en"": ""Spinach"", ""quantity"": 90, ""unit"": ""g""}, {""name_ar"": ""خيار"", ""name_en"": ""Cucumber"", ""quantity"": 70, ""unit"": ""g""}, {""name_ar"": ""زيت زيتون"", ""name_en"": ""Olive oil"", ""quantity"": 7, ""unit"": ""g""}, {""name_ar"": ""السماق والنعناع"", ""name_en"": ""Sumac Mint seasoning"", ""quantity"": 2, ""unit"": ""g""}]","[""تبّل المكونات واخبز البروتين والخضار حتى النضج، ثم قدّمها مع الحبوب أو البطاطس.""]","[""Season the ingredients, bake the protein and vegetables until done, then serve with the grain or potato.""]","[""soy""]","{""rule"": ""same meal_type; calories ±10%; protein ±8g"", ""status"": ""READY"", ""valid_substitute_ids"": [""MEAL-144"", ""MEAL-180"", ""MEAL-170"", ""MEAL-162"", ""MEAL-167""]}",images/MEAL-153.png,approved
MEAL-154,عدس مطبوخ مع معكرونة قمح كامل مطبوخة وبروكلي بالزنجبيل والليمون الأخضر,Ginger Lime Cooked lentils with Cooked whole-wheat pasta and Broccoli,Lunch,519,23.9,87.9,11.0,467 g,"[{""name_ar"": ""عدس مطبوخ"", ""name_en"": ""Cooked lentils"", ""quantity"": 130, ""unit"": ""g""}, {""name_ar"": ""معكرونة قمح كامل مطبوخة"", ""name_en"": ""Cooked whole-wheat pasta"", ""quantity"": 170, ""unit"": ""g""}, {""name_ar"": ""بروكلي"", ""name_en"": ""Broccoli"", ""quantity"": 90, ""unit"": ""g""}, {""name_ar"": ""فلفل رومي"", ""name_en"": ""Bell pepper"", ""quantity"": 70, ""unit"": ""g""}, {""name_ar"": ""زيت زيتون"", ""name_en"": ""Olive oil"", ""quantity"": 7, ""unit"": ""g""}, {""name_ar"": ""الزنجبيل والليمون الأخضر"", ""name_en"": ""Ginger Lime seasoning"", ""quantity"": 2, ""unit"": ""g""}]","[""تبّل البروتين واشوه حتى ينضج، وسخّن الحبوب والخضار، ثم رتّبها في طبق متوازن.""]","[""Season and grill the protein until cooked through, warm the grain and vegetables, then plate evenly.""]","[""gluten""]","{""rule"": ""same meal_type; calories ±10%; protein ±8g"", ""status"": ""READY"", ""valid_substitute_ids"": [""MEAL-163"", ""MEAL-164"", ""MEAL-145"", ""MEAL-181"", ""MEAL-173""]}",images/MEAL-154.png,approved
MEAL-155,حمص مطبوخ مع بطاطس وسبانخ بالشبت والحمضيات,Dill Citrus Cooked chickpeas with Potato and Spinach,Lunch,469,19.4,77.4,11.3,497 g,"[{""name_ar"": ""حمص مطبوخ"", ""name_en"": ""Cooked chickpeas"", ""quantity"": 140, ""unit"": ""g""}, {""name_ar"": ""بطاطس"", ""name_en"": ""Potato"", ""quantity"": 190, ""unit"": ""g""}, {""name_ar"": ""سبانخ"", ""name_en"": ""Spinach"", ""quantity"": 90, ""unit"": ""g""}, {""name_ar"": ""خيار"", ""name_en"": ""Cucumber"", ""quantity"": 70, ""unit"": ""g""}, {""name_ar"": ""زيت زيتون"", ""name_en"": ""Olive oil"", ""quantity"": 7, ""unit"": ""g""}, {""name_ar"": ""الشبت والحمضيات"", ""name_en"": ""Dill Citrus seasoning"", ""quantity"": 2, ""unit"": ""g""}]","[""رتّب البروتين والخضار في صينية مع الزيت واشوِها حتى تنضج، ثم قدّمها مع الكربوهيدرات.""]","[""Arrange the protein and vegetables on a tray with oil, roast until done, and serve with the carbohydrate.""]",[],"{""rule"": ""same meal_type; calories ±10%; protein ±8g"", ""status"": ""READY"", ""valid_substitute_ids"": [""MEAL-146"", ""MEAL-173"", ""MEAL-164"", ""MEAL-163""]}",images/MEAL-155.png,approved
MEAL-156,صدر دجاج مع أرز بني مطبوخ وبروكلي بالريحان والأوريغانو,Basil Oregano Chicken breast with Cooked brown rice and Broccoli,Lunch,547,53.4,49.1,14.5,467 g,"[{""name_ar"": ""صدر دجاج"", ""name_en"": ""Chicken breast"", ""quantity"": 150, ""unit"": ""g""}, {""name_ar"": ""أرز بني مطبوخ"", ""name_en"": ""Cooked brown rice"", ""quantity"": 150, ""unit"": ""g""}, {""name_ar"": ""بروكلي"", ""name_en"": ""Broccoli"", ""quantity"": 90, ""unit"": ""g""}, {""name_ar"": ""فلفل رومي"", ""name_en"": ""Bell pepper"", ""quantity"": 70, ""unit"": ""g""}, {""name_ar"": ""زيت زيتون"", ""name_en"": ""Olive oil"", ""quantity"": 7, ""unit"": ""g""}, {""name_ar"": ""الريحان والأوريغانو"", ""name_en"": ""Basil Oregano seasoning"", ""quantity"": 2, ""unit"": ""g""}]","[""سخّن الزيت، شوّح البروتين حتى ينضج، أضف الخضار، ثم قدّم الخليط مع الكربوهيدرات الساخنة.""]","[""Heat the oil, sauté the protein until cooked, add the vegetables, and serve with the warm carbohydrate.""]",[],"{""rule"": ""same meal_type; calories ±10%; protein ±8g"", ""status"": ""READY"", ""valid_substitute_ids"": [""MEAL-166"", ""MEAL-165"", ""MEAL-139"", ""MEAL-175"", ""MEAL-157""]}",images/MEAL-156.png,approved
MEAL-157,صدر ديك رومي مع معكرونة قمح كامل مطبوخة وسبانخ بالقرفة والفانيليا,Cinnamon Vanilla Turkey breast with Cooked whole-wheat pasta and Spinach,Lunch,562,58.9,56.9,12.9,497 g,"[{""name_ar"": ""صدر ديك رومي"", ""name_en"": ""Turkey breast"", ""quantity"": 160, ""unit"": ""g""}, {""name_ar"": ""معكرونة قمح كامل مطبوخة"", ""name_en"": ""Cooked whole-wheat pasta"", ""quantity"": 170, ""unit"": ""g""}, {""name_ar"": ""سبانخ"", ""name_en"": ""Spinach"", ""quantity"": 90, ""unit"": ""g""}, {""name_ar"": ""خيار"", ""name_en"": ""Cucumber"", ""quantity"": 70, ""unit"": ""g""}, {""name_ar"": ""زيت زيتون"", ""name_en"": ""Olive oil"", ""quantity"": 7, ""unit"": ""g""}, {""name_ar"": ""القرفة والفانيليا"", ""name_en"": ""Cinnamon Vanilla seasoning"", ""quantity"": 2, ""unit"": ""g""}]","[""تبّل المكونات واخبز البروتين والخضار حتى النضج، ثم قدّمها مع الحبوب أو البطاطس.""]","[""Season the ingredients, bake the protein and vegetables until done, then serve with the grain or potato.""]","[""gluten""]","{""rule"": ""same meal_type; calories ±10%; protein ±8g"", ""status"": ""READY"", ""valid_substitute_ids"": [""MEAL-148"", ""MEAL-156"", ""MEAL-165"", ""MEAL-139"", ""MEAL-175""]}",images/MEAL-157.png,approved
MEAL-158,سلمون مع بطاطس وبروكلي بالهيل والسمسم,Cardamom Sesame Salmon with Potato and Broccoli,Lunch,532,32.7,43.9,24.7,487 g,"[{""name_ar"": ""سلمون"", ""name_en"": ""Salmon"", ""quantity"": 130, ""unit"": ""g""}, {""name_ar"": ""بطاطس"", ""name_en"": ""Potato"", ""quantity"": 190, ""unit"": ""g""}, {""name_ar"": ""بروكلي"", ""name_en"": ""Broccoli"", ""quantity"": 90, ""unit"": ""g""}, {""name_ar"": ""فلفل رومي"", ""name_en"": ""Bell pepper"", ""quantity"": 70, ""unit"": ""g""}, {""name_ar"": ""زيت زيتون"", ""name_en"": ""Olive oil"", ""quantity"": 7, ""unit"": ""g""}, {""name_ar"": ""الهيل والسمسم"", ""name_en"": ""Cardamom Sesame seasoning"", ""quantity"": 2, ""unit"": ""g""}]","[""تبّل البروتين واشوه حتى ينضج، وسخّن الحبوب والخضار، ثم رتّبها في طبق متوازن.""]","[""Season and grill the protein until cooked through, warm the grain and vegetables, then plate evenly.""]","[""fish""]","{""rule"": ""same meal_type; calories ±10%; protein ±8g"", ""status"": ""READY"", ""valid_substitute_ids"": [""MEAL-145"", ""MEAL-181"", ""MEAL-167"", ""MEAL-172"", ""MEAL-144""]}",images/MEAL-158.png,approved
MEAL-159,تونة مع أرز بني مطبوخ وسبانخ بالكركم والفلفل,Turmeric Pepper Tuna with Cooked brown rice and Spinach,Lunch,462,47.8,44.2,10.3,457 g,"[{""name_ar"": ""تونة"", ""name_en"": ""Tuna"", ""quantity"": 140, ""unit"": ""g""}, {""name_ar"": ""أرز بني مطبوخ"", ""name_en"": ""Cooked brown rice"", ""quantity"": 150, ""unit"": ""g""}, {""name_ar"": ""سبانخ"", ""name_en"": ""Spinach"", ""quantity"": 90, ""unit"": ""g""}, {""name_ar"": ""خيار"", ""name_en"": ""Cucumber"", ""quantity"": 70, ""unit"": ""g""}, {""name_ar"": ""زيت زيتون"", ""name_en"": ""Olive oil"", ""quantity"": 7, ""unit"": ""g""}, {""name_ar"": ""الكركم والفلفل"", ""name_en"": ""Turmeric Pepper seasoning"", ""quantity"": 2, ""unit"": ""g""}]","[""رتّب البروتين والخضار في صينية مع الزيت واشوِها حتى تنضج، ثم قدّمها مع الكربوهيدرات.""]","[""Arrange the protein and vegetables on a tray with oil, roast until done, and serve with the carbohydrate.""]","[""fish""]","{""rule"": ""same meal_type; calories ±10%; protein ±8g"", ""status"": ""READY"", ""valid_substitute_ids"": [""MEAL-150"", ""MEAL-151"", ""MEAL-143"", ""MEAL-179"", ""MEAL-141""]}",images/MEAL-159.png,approved
MEAL-160,روبيان مع معكرونة قمح كامل مطبوخة وبروكلي بالبقدونس والليمون,Parsley Lemon Shrimp with Cooked whole-wheat pasta and Broccoli,Lunch,517,48.2,62.2,10.9,487 g,"[{""name_ar"": ""روبيان"", ""name_en"": ""Shrimp"", ""quantity"": 150, ""unit"": ""g""}, {""name_ar"": ""معكرونة قمح كامل مطبوخة"", ""name_en"": ""Cooked whole-wheat pasta"", ""quantity"": 170, ""unit"": ""g""}, {""name_ar"": ""بروكلي"", ""name_en"": ""Broccoli"", ""quantity"": 90, ""unit"": ""g""}, {""name_ar"": ""فلفل رومي"", ""name_en"": ""Bell pepper"", ""quantity"": 70, ""unit"": ""g""}, {""name_ar"": ""زيت زيتون"", ""name_en"": ""Olive oil"", ""quantity"": 7, ""unit"": ""g""}, {""name_ar"": ""البقدونس والليمون"", ""name_en"": ""Parsley Lemon seasoning"", ""quantity"": 2, ""unit"": ""g""}]","[""سخّن الزيت، شوّح البروتين حتى ينضج، أضف الخضار، ثم قدّم الخليط مع الكربوهيدرات الساخنة.""]","[""Heat the oil, sauté the protein until cooked, add the vegetables, and serve with the warm carbohydrate.""]","[""gluten"", ""shellfish""]","{""rule"": ""same meal_type; calories ±10%; protein ±8g"", ""status"": ""READY"", ""valid_substitute_ids"": [""MEAL-138"", ""MEAL-174"", ""MEAL-161"", ""MEAL-147"", ""MEAL-152""]}",images/MEAL-160.png,approved
MEAL-161,لحم بقري قليل الدهن مع بطاطس وسبانخ بالليمون والأعشاب,Lemon Herb Lean beef with Potato and Spinach,Lunch,521,48.5,39.0,20.4,517 g,"[{""name_ar"": ""لحم بقري قليل الدهن"", ""name_en"": ""Lean beef"", ""quantity"": 160, ""unit"": ""g""}, {""name_ar"": ""بطاطس"", ""name_en"": ""Potato"", ""quantity"": 190, ""unit"": ""g""}, {""name_ar"": ""سبانخ"", ""name_en"": ""Spinach"", ""quantity"": 90, ""unit"": ""g""}, {""name_ar"": ""خيار"", ""name_en"": ""Cucumber"", ""quantity"": 70, ""unit"": ""g""}, {""name_ar"": ""زيت زيتون"", ""name_en"": ""Olive oil"", ""quantity"": 7, ""unit"": ""g""}, {""name_ar"": ""الليمون والأعشاب"", ""name_en"": ""Lemon Herb seasoning"", ""quantity"": 2, ""unit"": ""g""}]","[""تبّل المكونات واخبز البروتين والخضار حتى النضج، ثم قدّمها مع الحبوب أو البطاطس.""]","[""Season the ingredients, bake the protein and vegetables until done, then serve with the grain or potato.""]",[],"{""rule"": ""same meal_type; calories ±10%; protein ±8g"", ""status"": ""READY"", ""valid_substitute_ids"": [""MEAL-160"", ""MEAL-152"", ""MEAL-138"", ""MEAL-174"", ""MEAL-147""]}",images/MEAL-161.png,approved
MEAL-162,توفو مع أرز بني مطبوخ وبروكلي بالثوم والبابريكا,Garlic Paprika Tofu with Cooked brown rice and Broccoli,Lunch,487,29.0,52.7,20.4,447 g,"[{""name_ar"": ""توفو"", ""name_en"": ""Tofu"", ""quantity"": 130, ""unit"": ""g""}, {""name_ar"": ""أرز بني مطبوخ"", ""name_en"": ""Cooked brown rice"", ""quantity"": 150, ""unit"": ""g""}, {""name_ar"": ""بروكلي"", ""name_en"": ""Broccoli"", ""quantity"": 90, ""unit"": ""g""}, {""name_ar"": ""فلفل رومي"", ""name_en"": ""Bell pepper"", ""quantity"": 70, ""unit"": ""g""}, {""name_ar"": ""زيت زيتون"", ""name_en"": ""Olive oil"", ""quantity"": 7, ""unit"": ""g""}, {""name_ar"": ""الثوم والبابريكا"", ""name_en"": ""Garlic Paprika seasoning"", ""quantity"": 2, ""unit"": ""g""}]","[""تبّل البروتين واشوه حتى ينضج، وسخّن الحبوب والخضار، ثم رتّبها في طبق متوازن.""]","[""Season and grill the protein until cooked through, warm the grain and vegetables, then plate evenly.""]","[""soy""]","{""rule"": ""same meal_type; calories ±10%; protein ±8g"", ""status"": ""READY"", ""valid_substitute_ids"": [""MEAL-171"", ""MEAL-173"", ""MEAL-153"", ""MEAL-163"", ""MEAL-144""]}",images/MEAL-162.png,approved
MEAL-163,عدس مطبوخ مع معكرونة قمح كامل مطبوخة وسبانخ بالكمون والكزبرة,Cumin Coriander Cooked lentils with Cooked whole-wheat pasta and Spinach,Lunch,509,25.0,84.9,10.9,477 g,"[{""name_ar"": ""عدس مطبوخ"", ""name_en"": ""Cooked lentils"", ""quantity"": 140, ""unit"": ""g""}, {""name_ar"": ""معكرونة قمح كامل مطبوخة"", ""name_en"": ""Cooked whole-wheat pasta"", ""quantity"": 170, ""unit"": ""g""}, {""name_ar"": ""سبانخ"", ""name_en"": ""Spinach"", ""quantity"": 90, ""unit"": ""g""}, {""name_ar"": ""خيار"", ""name_en"": ""Cucumber"", ""quantity"": 70, ""unit"": ""g""}, {""name_ar"": ""زيت زيتون"", ""name_en"": ""Olive oil"", ""quantity"": 7, ""unit"": ""g""}, {""name_ar"": ""الكمون والكزبرة"", ""name_en"": ""Cumin Coriander seasoning"", ""quantity"": 2, ""unit"": ""g""}]","[""رتّب البروتين والخضار في صينية مع الزيت واشوِها حتى تنضج، ثم قدّمها مع الكربوهيدرات.""]","[""Arrange the protein and vegetables on a tray with oil, roast until done, and serve with the carbohydrate.""]","[""gluten""]","{""rule"": ""same meal_type; calories ±10%; protein ±8g"", ""status"": ""READY"", ""valid_substitute_ids"": [""MEAL-164"", ""MEAL-173"", ""MEAL-144"", ""MEAL-180"", ""MEAL-154""]}",images/MEAL-163.png,approved
MEAL-164,حمص مطبوخ مع بطاطس وبروكلي بإكليل الجبل والفلفل,Rosemary Pepper Cooked chickpeas with Potato and Broccoli,Lunch,507,20.0,85.0,11.7,507 g,"[{""name_ar"": ""حمص مطبوخ"", ""name_en"": ""Cooked chickpeas"", ""quantity"": 150, ""unit"": ""g""}, {""name_ar"": ""بطاطس"", ""name_en"": ""Potato"", ""quantity"": 190, ""unit"": ""g""}, {""name_ar"": ""بروكلي"", ""name_en"": ""Broccoli"", ""quantity"": 90, ""unit"": ""g""}, {""name_ar"": ""فلفل رومي"", ""name_en"": ""Bell pepper"", ""quantity"": 70, ""unit"": ""g""}, {""name_ar"": ""زيت زيتون"", ""name_en"": ""Olive oil"", ""quantity"": 7, ""unit"": ""g""}, {""name_ar"": ""إكليل الجبل والفلفل"", ""name_en"": ""Rosemary Pepper seasoning"", ""quantity"": 2, ""unit"": ""g""}]","[""سخّن الزيت، شوّح البروتين حتى ينضج، أضف الخضار، ثم قدّم الخليط مع الكربوهيدرات الساخنة.""]","[""Heat the oil, sauté the protein until cooked, add the vegetables, and serve with the warm carbohydrate.""]",[],"{""rule"": ""same meal_type; calories ±10%; protein ±8g"", ""status"": ""READY"", ""valid_substitute_ids"": [""MEAL-163"", ""MEAL-173"", ""MEAL-154"", ""MEAL-145"", ""MEAL-181""]}",images/MEAL-164.png,approved
MEAL-165,صدر دجاج مع أرز بني مطبوخ وسبانخ بالسماق والنعناع,Sumac Mint Chicken breast with Cooked brown rice and Spinach,Lunch,542,56.8,44.2,14.7,477 g,"[{""name_ar"": ""صدر دجاج"", ""name_en"": ""Chicken breast"", ""quantity"": 160, ""unit"": ""g""}, {""name_ar"": ""أرز بني مطبوخ"", ""name_en"": ""Cooked brown rice"", ""quantity"": 150, ""unit"": ""g""}, {""name_ar"": ""سبانخ"", ""name_en"": ""Spinach"", ""quantity"": 90, ""unit"": ""g""}, {""name_ar"": ""خيار"", ""name_en"": ""Cucumber"", ""quantity"": 70, ""unit"": ""g""}, {""name_ar"": ""زيت زيتون"", ""name_en"": ""Olive oil"", ""quantity"": 7, ""unit"": ""g""}, {""name_ar"": ""السماق والنعناع"", ""name_en"": ""Sumac Mint seasoning"", ""quantity"": 2, ""unit"": ""g""}]","[""تبّل المكونات واخبز البروتين والخضار حتى النضج، ثم قدّمها مع الحبوب أو البطاطس.""]","[""Season the ingredients, bake the protein and vegetables until done, then serve with the grain or potato.""]",[],"{""rule"": ""same meal_type; calories ±10%; protein ±8g"", ""status"": ""READY"", ""valid_substitute_ids"": [""MEAL-166"", ""MEAL-156"", ""MEAL-139"", ""MEAL-175"", ""MEAL-157""]}",images/MEAL-165.png,approved
MEAL-166,صدر ديك رومي مع معكرونة قمح كامل مطبوخة وبروكلي بالزنجبيل والليمون الأخضر,Ginger Lime Turkey breast with Cooked whole-wheat pasta and Broccoli,Lunch,544,49.9,61.9,12.5,467 g,"[{""name_ar"": ""صدر ديك رومي"", ""name_en"": ""Turkey breast"", ""quantity"": 130, ""unit"": ""g""}, {""name_ar"": ""معكرونة قمح كامل مطبوخة"", ""name_en"": ""Cooked whole-wheat pasta"", ""quantity"": 170, ""unit"": ""g""}, {""name_ar"": ""بروكلي"", ""name_en"": ""Broccoli"", ""quantity"": 90, ""unit"": ""g""}, {""name_ar"": ""فلفل رومي"", ""name_en"": ""Bell pepper"", ""quantity"": 70, ""unit"": ""g""}, {""name_ar"": ""زيت زيتون"", ""name_en"": ""Olive oil"", ""quantity"": 7, ""unit"": ""g""}, {""name_ar"": ""الزنجبيل والليمون الأخضر"", ""name_en"": ""Ginger Lime seasoning"", ""quantity"": 2, ""unit"": ""g""}]","[""تبّل البروتين واشوه حتى ينضج، وسخّن الحبوب والخضار، ثم رتّبها في طبق متوازن.""]","[""Season and grill the protein until cooked through, warm the grain and vegetables, then plate evenly.""]","[""gluten""]","{""rule"": ""same meal_type; calories ±10%; protein ±8g"", ""status"": ""READY"", ""valid_substitute_ids"": [""MEAL-165"", ""MEAL-156"", ""MEAL-139"", ""MEAL-175"", ""MEAL-152""]}",images/MEAL-166.png,approved
MEAL-167,سلمون مع بطاطس وسبانخ بالشبت والحمضيات,Dill Citrus Salmon with Potato and Spinach,Lunch,531,34.9,39.0,25.8,497 g,"[{""name_ar"": ""سلمون"", ""name_en"": ""Salmon"", ""quantity"": 140, ""unit"": ""g""}, {""name_ar"": ""بطاطس"", ""name_en"": ""Potato"", ""quantity"": 190, ""unit"": ""g""}, {""name_ar"": ""سبانخ"", ""name_en"": ""Spinach"", ""quantity"": 90, ""unit"": ""g""}, {""name_ar"": ""خيار"", ""name_en"": ""Cucumber"", ""quantity"": 70, ""unit"": ""g""}, {""name_ar"": ""زيت زيتون"", ""name_en"": ""Olive oil"", ""quantity"": 7, ""unit"": ""g""}, {""name_ar"": ""الشبت والحمضيات"", ""name_en"": ""Dill Citrus seasoning"", ""quantity"": 2, ""unit"": ""g""}]","[""رتّب البروتين والخضار في صينية مع الزيت واشوِها حتى تنضج، ثم قدّمها مع الكربوهيدرات.""]","[""Arrange the protein and vegetables on a tray with oil, roast until done, and serve with the carbohydrate.""]","[""fish""]","{""rule"": ""same meal_type; calories ±10%; protein ±8g"", ""status"": ""READY"", ""valid_substitute_ids"": [""MEAL-158"", ""MEAL-144"", ""MEAL-180"", ""MEAL-153"", ""MEAL-149""]}",images/MEAL-167.png,approved
MEAL-168,تونة مع أرز بني مطبوخ وبروكلي بالريحان والأوريغانو,Basil Oregano Tuna with Cooked brown rice and Broccoli,Lunch,498,50.4,49.1,10.6,467 g,"[{""name_ar"": ""تونة"", ""name_en"": ""Tuna"", ""quantity"": 150, ""unit"": ""g""}, {""name_ar"": ""أرز بني مطبوخ"", ""name_en"": ""Cooked brown rice"", ""quantity"": 150, ""unit"": ""g""}, {""name_ar"": ""بروكلي"", ""name_en"": ""Broccoli"", ""quantity"": 90, ""unit"": ""g""}, {""name_ar"": ""فلفل رومي"", ""name_en"": ""Bell pepper"", ""quantity"": 70, ""unit"": ""g""}, {""name_ar"": ""زيت زيتون"", ""name_en"": ""Olive oil"", ""quantity"": 7, ""unit"": ""g""}, {""name_ar"": ""الريحان والأوريغانو"", ""name_en"": ""Basil Oregano seasoning"", ""quantity"": 2, ""unit"": ""g""}]","[""سخّن الزيت، شوّح البروتين حتى ينضج، أضف الخضار، ثم قدّم الخليط مع الكربوهيدرات الساخنة.""]","[""Heat the oil, sauté the protein until cooked, add the vegetables, and serve with the warm carbohydrate.""]","[""fish""]","{""rule"": ""same meal_type; calories ±10%; protein ±8g"", ""status"": ""READY"", ""valid_substitute_ids"": [""MEAL-142"", ""MEAL-178"", ""MEAL-169"", ""MEAL-141"", ""MEAL-177""]}",images/MEAL-168.png,approved
MEAL-169,روبيان مع معكرونة قمح كامل مطبوخة وسبانخ بالقرفة والفانيليا,Cinnamon Vanilla Shrimp with Cooked whole-wheat pasta and Spinach,Lunch,505,50.9,57.3,10.8,497 g,"[{""name_ar"": ""روبيان"", ""name_en"": ""Shrimp"", ""quantity"": 160, ""unit"": ""g""}, {""name_ar"": ""معكرونة قمح كامل مطبوخة"", ""name_en"": ""Cooked whole-wheat pasta"", ""quantity"": 170, ""unit"": ""g""}, {""name_ar"": ""سبانخ"", ""name_en"": ""Spinach"", ""quantity"": 90, ""unit"": ""g""}, {""name_ar"": ""خيار"", ""name_en"": ""Cucumber"", ""quantity"": 70, ""unit"": ""g""}, {""name_ar"": ""زيت زيتون"", ""name_en"": ""Olive oil"", ""quantity"": 7, ""unit"": ""g""}, {""name_ar"": ""القرفة والفانيليا"", ""name_en"": ""Cinnamon Vanilla seasoning"", ""quantity"": 2, ""unit"": ""g""}]","[""تبّل المكونات واخبز البروتين والخضار حتى النضج، ثم قدّمها مع الحبوب أو البطاطس.""]","[""Season the ingredients, bake the protein and vegetables until done, then serve with the grain or potato.""]","[""gluten"", ""shellfish""]","{""rule"": ""same meal_type; calories ±10%; protein ±8g"", ""status"": ""READY"", ""valid_substitute_ids"": [""MEAL-147"", ""MEAL-168"", ""MEAL-142"", ""MEAL-178"", ""MEAL-138""]}",images/MEAL-169.png,approved
MEAL-170,لحم بقري قليل الدهن مع بطاطس وبروكلي بالهيل والسمسم,Cardamom Sesame Lean beef with Potato and Broccoli,Lunch,490,40.5,43.9,18.2,487 g,"[{""name_ar"": ""لحم بقري قليل الدهن"", ""name_en"": ""Lean beef"", ""quantity"": 130, ""unit"": ""g""}, {""name_ar"": ""بطاطس"", ""name_en"": ""Potato"", ""quantity"": 190, ""unit"": ""g""}, {""name_ar"": ""بروكلي"", ""name_en"": ""Broccoli"", ""quantity"": 90, ""unit"": ""g""}, {""name_ar"": ""فلفل رومي"", ""name_en"": ""Bell pepper"", ""quantity"": 70, ""unit"": ""g""}, {""name_ar"": ""زيت زيتون"", ""name_en"": ""Olive oil"", ""quantity"": 7, ""unit"": ""g""}, {""name_ar"": ""الهيل والسمسم"", ""name_en"": ""Cardamom Sesame seasoning"", ""quantity"": 2, ""unit"": ""g""}]","[""تبّل البروتين واشوه حتى ينضج، وسخّن الحبوب والخضار، ثم رتّبها في طبق متوازن.""]","[""Season and grill the protein until cooked through, warm the grain and vegetables, then plate evenly.""]",[],"{""rule"": ""same meal_type; calories ±10%; protein ±8g"", ""status"": ""READY"", ""valid_substitute_ids"": [""MEAL-143"", ""MEAL-179"", ""MEAL-151"", ""MEAL-142"", ""MEAL-178""]}",images/MEAL-170.png,approved
MEAL-171,توفو مع أرز بني مطبوخ وسبانخ بالكركم والفلفل,Turmeric Pepper Tofu with Cooked brown rice and Spinach,Lunch,479,30.9,48.1,21.1,457 g,"[{""name_ar"": ""توفو"", ""name_en"": ""Tofu"", ""quantity"": 140, ""unit"": ""g""}, {""name_ar"": ""أرز بني مطبوخ"", ""name_en"": ""Cooked brown rice"", ""quantity"": 150, ""unit"": ""g""}, {""name_ar"": ""سبانخ"", ""name_en"": ""Spinach"", ""quantity"": 90, ""unit"": ""g""}, {""name_ar"": ""خيار"", ""name_en"": ""Cucumber"", ""quantity"": 70, ""unit"": ""g""}, {""name_ar"": ""زيت زيتون"", ""name_en"": ""Olive oil"", ""quantity"": 7, ""unit"": ""g""}, {""name_ar"": ""الكركم والفلفل"", ""name_en"": ""Turmeric Pepper seasoning"", ""quantity"": 2, ""unit"": ""g""}]","[""رتّب البروتين والخضار في صينية مع الزيت واشوِها حتى تنضج، ثم قدّمها مع الكربوهيدرات.""]","[""Arrange the protein and vegetables on a tray with oil, roast until done, and serve with the carbohydrate.""]","[""soy""]","{""rule"": ""same meal_type; calories ±10%; protein ±8g"", ""status"": ""READY"", ""valid_substitute_ids"": [""MEAL-162"", ""MEAL-153"", ""MEAL-163"", ""MEAL-144"", ""MEAL-180""]}",images/MEAL-171.png,approved
MEAL-172,عدس مطبوخ مع معكرونة قمح كامل مطبوخة وبروكلي بالبقدونس والليمون,Parsley Lemon Cooked lentils with Cooked whole-wheat pasta and Broccoli,Lunch,542,25.7,91.9,11.1,487 g,"[{""name_ar"": ""عدس مطبوخ"", ""name_en"": ""Cooked lentils"", ""quantity"": 150, ""unit"": ""g""}, {""name_ar"": ""معكرونة قمح كامل مطبوخة"", ""name_en"": ""Cooked whole-wheat pasta"", ""quantity"": 170, ""unit"": ""g""}, {""name_ar"": ""بروكلي"", ""name_en"": ""Broccoli"", ""quantity"": 90, ""unit"": ""g""}, {""name_ar"": ""فلفل رومي"", ""name_en"": ""Bell pepper"", ""quantity"": 70, ""unit"": ""g""}, {""name_ar"": ""زيت زيتون"", ""name_en"": ""Olive oil"", ""quantity"": 7, ""unit"": ""g""}, {""name_ar"": ""البقدونس والليمون"", ""name_en"": ""Parsley Lemon seasoning"", ""quantity"": 2, ""unit"": ""g""}]","[""سخّن الزيت، شوّح البروتين حتى ينضج، أضف الخضار، ثم قدّم الخليط مع الكربوهيدرات الساخنة.""]","[""Heat the oil, sauté the protein until cooked, add the vegetables, and serve with the warm carbohydrate.""]","[""gluten""]","{""rule"": ""same meal_type; calories ±10%; protein ±8g"", ""status"": ""READY"", ""valid_substitute_ids"": [""MEAL-145"", ""MEAL-181"", ""MEAL-158"", ""MEAL-154"", ""MEAL-144""]}",images/MEAL-172.png,approved
MEAL-173,حمص مطبوخ مع بطاطس وسبانخ بالليمون والأعشاب,Lemon Herb Cooked chickpeas with Potato and Spinach,Lunch,502,21.1,82.8,11.8,517 g,"[{""name_ar"": ""حمص مطبوخ"", ""name_en"": ""Cooked chickpeas"", ""quantity"": 160, ""unit"": ""g""}, {""name_ar"": ""بطاطس"", ""name_en"": ""Potato"", ""quantity"": 190, ""unit"": ""g""}, {""name_ar"": ""سبانخ"", ""name_en"": ""Spinach"", ""quantity"": 90, ""unit"": ""g""}, {""name_ar"": ""خيار"", ""name_en"": ""Cucumber"", ""quantity"": 70, ""unit"": ""g""}, {""name_ar"": ""زيت زيتون"", ""name_en"": ""Olive oil"", ""quantity"": 7, ""unit"": ""g""}, {""name_ar"": ""الليمون والأعشاب"", ""name_en"": ""Lemon Herb seasoning"", ""quantity"": 2, ""unit"": ""g""}]","[""تبّل المكونات واخبز البروتين والخضار حتى النضج، ثم قدّمها مع الحبوب أو البطاطس.""]","[""Season the ingredients, bake the protein and vegetables until done, then serve with the grain or potato.""]",[],"{""rule"": ""same meal_type; calories ±10%; protein ±8g"", ""status"": ""READY"", ""valid_substitute_ids"": [""MEAL-164"", ""MEAL-163"", ""MEAL-162"", ""MEAL-154"", ""MEAL-146""]}",images/MEAL-173.png,approved
MEAL-174,صدر دجاج مع أرز بني مطبوخ وبروكلي بالثوم والبابريكا دافئ,Warm Garlic Paprika Chicken breast with Cooked brown rice and Broccoli,Lunch,514,47.2,49.1,13.8,447 g,"[{""name_ar"": ""صدر دجاج"", ""name_en"": ""Chicken breast"", ""quantity"": 130, ""unit"": ""g""}, {""name_ar"": ""أرز بني مطبوخ"", ""name_en"": ""Cooked brown rice"", ""quantity"": 150, ""unit"": ""g""}, {""name_ar"": ""بروكلي"", ""name_en"": ""Broccoli"", ""quantity"": 90, ""unit"": ""g""}, {""name_ar"": ""فلفل رومي"", ""name_en"": ""Bell pepper"", ""quantity"": 70, ""unit"": ""g""}, {""name_ar"": ""زيت زيتون"", ""name_en"": ""Olive oil"", ""quantity"": 7, ""unit"": ""g""}, {""name_ar"": ""الثوم والبابريكا"", ""name_en"": ""Garlic Paprika seasoning"", ""quantity"": 2, ""unit"": ""g""}]","[""تبّل البروتين واشوه حتى ينضج، وسخّن الحبوب والخضار، ثم رتّبها في طبق متوازن.""]","[""Season and grill the protein until cooked through, warm the grain and vegetables, then plate evenly.""]",[],"{""rule"": ""same meal_type; calories ±10%; protein ±8g"", ""status"": ""READY"", ""valid_substitute_ids"": [""MEAL-138"", ""MEAL-160"", ""MEAL-147"", ""MEAL-161"", ""MEAL-169""]}",images/MEAL-174.png,approved
MEAL-175,صدر ديك رومي مع معكرونة قمح كامل مطبوخة وسبانخ بالكمون والكزبرة طازج,Fresh Cumin Coriander Turkey breast with Cooked whole-wheat pasta and Spinach,Lunch,535,53.1,56.9,12.6,477 g,"[{""name_ar"": ""صدر ديك رومي"", ""name_en"": ""Turkey breast"", ""quantity"": 140, ""unit"": ""g""}, {""name_ar"": ""معكرونة قمح كامل مطبوخة"", ""name_en"": ""Cooked whole-wheat pasta"", ""quantity"": 170, ""unit"": ""g""}, {""name_ar"": ""سبانخ"", ""name_en"": ""Spinach"", ""quantity"": 90, ""unit"": ""g""}, {""name_ar"": ""خيار"", ""name_en"": ""Cucumber"", ""quantity"": 70, ""unit"": ""g""}, {""name_ar"": ""زيت زيتون"", ""name_en"": ""Olive oil"", ""quantity"": 7, ""unit"": ""g""}, {""name_ar"": ""الكمون والكزبرة"", ""name_en"": ""Cumin Coriander seasoning"", ""quantity"": 2, ""unit"": ""g""}]","[""رتّب البروتين والخضار في صينية مع الزيت واشوِها حتى تنضج، ثم قدّمها مع الكربوهيدرات.""]","[""Arrange the protein and vegetables on a tray with oil, roast until done, and serve with the carbohydrate.""]","[""gluten""]","{""rule"": ""same meal_type; calories ±10%; protein ±8g"", ""status"": ""READY"", ""valid_substitute_ids"": [""MEAL-139"", ""MEAL-165"", ""MEAL-166"", ""MEAL-152"", ""MEAL-156""]}",images/MEAL-175.png,approved
MEAL-176,سلمون مع بطاطس وبروكلي بإكليل الجبل والفلفل محمص,Toasted Rosemary Pepper Salmon with Potato and Broccoli,Lunch,573,36.7,43.9,27.3,507 g,"[{""name_ar"": ""سلمون"", ""name_en"": ""Salmon"", ""quantity"": 150, ""unit"": ""g""}, {""name_ar"": ""بطاطس"", ""name_en"": ""Potato"", ""quantity"": 190, ""unit"": ""g""}, {""name_ar"": ""بروكلي"", ""name_en"": ""Broccoli"", ""quantity"": 90, ""unit"": ""g""}, {""name_ar"": ""فلفل رومي"", ""name_en"": ""Bell pepper"", ""quantity"": 70, ""unit"": ""g""}, {""name_ar"": ""زيت زيتون"", ""name_en"": ""Olive oil"", ""quantity"": 7, ""unit"": ""g""}, {""name_ar"": ""إكليل الجبل والفلفل"", ""name_en"": ""Rosemary Pepper seasoning"", ""quantity"": 2, ""unit"": ""g""}]","[""سخّن الزيت، شوّح البروتين حتى ينضج، أضف الخضار، ثم قدّم الخليط مع الكربوهيدرات الساخنة.""]","[""Heat the oil, sauté the protein until cooked, add the vegetables, and serve with the warm carbohydrate.""]","[""fish""]","{""rule"": ""same meal_type; calories ±10%; protein ±8g"", ""status"": ""READY"", ""valid_substitute_ids"": [""MEAL-140"", ""MEAL-149"", ""MEAL-158"", ""MEAL-167"", ""MEAL-144""]}",images/MEAL-176.png,approved
MEAL-177,تونة مع أرز بني مطبوخ وسبانخ بالسماق والنعناع مشوي,Roasted Sumac Mint Tuna with Cooked brown rice and Spinach,Lunch,489,53.5,44.2,10.5,477 g,"[{""name_ar"": ""تونة"", ""name_en"": ""Tuna"", ""quantity"": 160, ""unit"": ""g""}, {""name_ar"": ""أرز بني مطبوخ"", ""name_en"": ""Cooked brown rice"", ""quantity"": 150, ""unit"": ""g""}, {""name_ar"": ""سبانخ"", ""name_en"": ""Spinach"", ""quantity"": 90, ""unit"": ""g""}, {""name_ar"": ""خيار"", ""name_en"": ""Cucumber"", ""quantity"": 70, ""unit"": ""g""}, {""name_ar"": ""زيت زيتون"", ""name_en"": ""Olive oil"", ""quantity"": 7, ""unit"": ""g""}, {""name_ar"": ""السماق والنعناع"", ""name_en"": ""Sumac Mint seasoning"", ""quantity"": 2, ""unit"": ""g""}]","[""تبّل المكونات واخبز البروتين والخضار حتى النضج، ثم قدّمها مع الحبوب أو البطاطس.""]","[""Season the ingredients, bake the protein and vegetables until done, then serve with the grain or potato.""]","[""fish""]","{""rule"": ""same meal_type; calories ±10%; protein ±8g"", ""status"": ""READY"", ""valid_substitute_ids"": [""MEAL-141"", ""MEAL-151"", ""MEAL-168"", ""MEAL-169"", ""MEAL-147""]}",images/MEAL-177.png,approved
MEAL-178,روبيان مع معكرونة قمح كامل مطبوخة وبروكلي بالزنجبيل والليمون الأخضر مبرد,Chilled Ginger Lime Shrimp with Cooked whole-wheat pasta and Broccoli,Lunch,497,43.4,62.1,10.8,467 g,"[{""name_ar"": ""روبيان"", ""name_en"": ""Shrimp"", ""quantity"": 130, ""unit"": ""g""}, {""name_ar"": ""معكرونة قمح كامل مطبوخة"", ""name_en"": ""Cooked whole-wheat pasta"", ""quantity"": 170, ""unit"": ""g""}, {""name_ar"": ""بروكلي"", ""name_en"": ""Broccoli"", ""quantity"": 90, ""unit"": ""g""}, {""name_ar"": ""فلفل رومي"", ""name_en"": ""Bell pepper"", ""quantity"": 70, ""unit"": ""g""}, {""name_ar"": ""زيت زيتون"", ""name_en"": ""Olive oil"", ""quantity"": 7, ""unit"": ""g""}, {""name_ar"": ""الزنجبيل والليمون الأخضر"", ""name_en"": ""Ginger Lime seasoning"", ""quantity"": 2, ""unit"": ""g""}]","[""تبّل البروتين واشوه حتى ينضج، وسخّن الحبوب والخضار، ثم رتّبها في طبق متوازن.""]","[""Season and grill the protein until cooked through, warm the grain and vegetables, then plate evenly.""]","[""gluten"", ""shellfish""]","{""rule"": ""same meal_type; calories ±10%; protein ±8g"", ""status"": ""READY"", ""valid_substitute_ids"": [""MEAL-142"", ""MEAL-168"", ""MEAL-170"", ""MEAL-169"", ""MEAL-143""]}",images/MEAL-178.png,approved
MEAL-179,لحم بقري قليل الدهن مع بطاطس وسبانخ بالشبت والحمضيات دافئ,Warm Dill Citrus Lean beef with Potato and Spinach,Lunch,486,43.3,39.0,18.8,497 g,"[{""name_ar"": ""لحم بقري قليل الدهن"", ""name_en"": ""Lean beef"", ""quantity"": 140, ""unit"": ""g""}, {""name_ar"": ""بطاطس"", ""name_en"": ""Potato"", ""quantity"": 190, ""unit"": ""g""}, {""name_ar"": ""سبانخ"", ""name_en"": ""Spinach"", ""quantity"": 90, ""unit"": ""g""}, {""name_ar"": ""خيار"", ""name_en"": ""Cucumber"", ""quantity"": 70, ""unit"": ""g""}, {""name_ar"": ""زيت زيتون"", ""name_en"": ""Olive oil"", ""quantity"": 7, ""unit"": ""g""}, {""name_ar"": ""الشبت والحمضيات"", ""name_en"": ""Dill Citrus seasoning"", ""quantity"": 2, ""unit"": ""g""}]","[""رتّب البروتين والخضار في صينية مع الزيت واشوِها حتى تنضج، ثم قدّمها مع الكربوهيدرات.""]","[""Arrange the protein and vegetables on a tray with oil, roast until done, and serve with the carbohydrate.""]",[],"{""rule"": ""same meal_type; calories ±10%; protein ±8g"", ""status"": ""READY"", ""valid_substitute_ids"": [""MEAL-143"", ""MEAL-151"", ""MEAL-170"", ""MEAL-142"", ""MEAL-178""]}",images/MEAL-179.png,approved
MEAL-180,توفو مع أرز بني مطبوخ وبروكلي بالريحان والأوريغانو طازج,Fresh Basil Oregano Tofu with Cooked brown rice and Broccoli,Lunch,516,32.4,53.3,22.1,467 g,"[{""name_ar"": ""توفو"", ""name_en"": ""Tofu"", ""quantity"": 150, ""unit"": ""g""}, {""name_ar"": ""أرز بني مطبوخ"", ""name_en"": ""Cooked brown rice"", ""quantity"": 150, ""unit"": ""g""}, {""name_ar"": ""بروكلي"", ""name_en"": ""Broccoli"", ""quantity"": 90, ""unit"": ""g""}, {""name_ar"": ""فلفل رومي"", ""name_en"": ""Bell pepper"", ""quantity"": 70, ""unit"": ""g""}, {""name_ar"": ""زيت زيتون"", ""name_en"": ""Olive oil"", ""quantity"": 7, ""unit"": ""g""}, {""name_ar"": ""الريحان والأوريغانو"", ""name_en"": ""Basil Oregano seasoning"", ""quantity"": 2, ""unit"": ""g""}]","[""سخّن الزيت، شوّح البروتين حتى ينضج، أضف الخضار، ثم قدّم الخليط مع الكربوهيدرات الساخنة.""]","[""Heat the oil, sauté the protein until cooked, add the vegetables, and serve with the warm carbohydrate.""]","[""soy""]","{""rule"": ""same meal_type; calories ±10%; protein ±8g"", ""status"": ""READY"", ""valid_substitute_ids"": [""MEAL-144"", ""MEAL-163"", ""MEAL-153"", ""MEAL-167"", ""MEAL-158""]}",images/MEAL-180.png,approved
MEAL-181,عدس مطبوخ مع معكرونة قمح كامل مطبوخة وسبانخ بالقرفة والفانيليا محمص,Toasted Cinnamon Vanilla Cooked lentils with Cooked whole-wheat pasta and Spinach,Lunch,532,26.8,88.9,11.0,497 g,"[{""name_ar"": ""عدس مطبوخ"", ""name_en"": ""Cooked lentils"", ""quantity"": 160, ""unit"": ""g""}, {""name_ar"": ""معكرونة قمح كامل مطبوخة"", ""name_en"": ""Cooked whole-wheat pasta"", ""quantity"": 170, ""unit"": ""g""}, {""name_ar"": ""سبانخ"", ""name_en"": ""Spinach"", ""quantity"": 90, ""unit"": ""g""}, {""name_ar"": ""خيار"", ""name_en"": ""Cucumber"", ""quantity"": 70, ""unit"": ""g""}, {""name_ar"": ""زيت زيتون"", ""name_en"": ""Olive oil"", ""quantity"": 7, ""unit"": ""g""}, {""name_ar"": ""القرفة والفانيليا"", ""name_en"": ""Cinnamon Vanilla seasoning"", ""quantity"": 2, ""unit"": ""g""}]","[""تبّل المكونات واخبز البروتين والخضار حتى النضج، ثم قدّمها مع الحبوب أو البطاطس.""]","[""Season the ingredients, bake the protein and vegetables until done, then serve with the grain or potato.""]","[""gluten""]","{""rule"": ""same meal_type; calories ±10%; protein ±8g"", ""status"": ""READY"", ""valid_substitute_ids"": [""MEAL-145"", ""MEAL-158"", ""MEAL-172"", ""MEAL-154"", ""MEAL-144""]}",images/MEAL-181.png,approved
MEAL-182,صدر دجاج مع أرز بني مطبوخ وبروكلي بالهيل والسمسم,Cardamom Sesame Chicken breast with Cooked brown rice and Broccoli,Dinner,514,47.2,49.1,13.8,447 g,"[{""name_ar"": ""صدر دجاج"", ""name_en"": ""Chicken breast"", ""quantity"": 130, ""unit"": ""g""}, {""name_ar"": ""أرز بني مطبوخ"", ""name_en"": ""Cooked brown rice"", ""quantity"": 150, ""unit"": ""g""}, {""name_ar"": ""بروكلي"", ""name_en"": ""Broccoli"", ""quantity"": 90, ""unit"": ""g""}, {""name_ar"": ""فلفل رومي"", ""name_en"": ""Bell pepper"", ""quantity"": 70, ""unit"": ""g""}, {""name_ar"": ""زيت زيتون"", ""name_en"": ""Olive oil"", ""quantity"": 7, ""unit"": ""g""}, {""name_ar"": ""الهيل والسمسم"", ""name_en"": ""Cardamom Sesame seasoning"", ""quantity"": 2, ""unit"": ""g""}]","[""تبّل البروتين واشوه حتى ينضج، وسخّن الحبوب والخضار، ثم رتّبها في طبق متوازن.""]","[""Season and grill the protein until cooked through, warm the grain and vegetables, then plate evenly.""]",[],"{""rule"": ""same meal_type; calories ±10%; protein ±8g"", ""status"": ""READY"", ""valid_substitute_ids"": [""MEAL-218"", ""MEAL-204"", ""MEAL-191"", ""MEAL-205"", ""MEAL-213""]}",images/MEAL-182.png,approved
MEAL-183,صدر ديك رومي مع معكرونة قمح كامل مطبوخة وسبانخ بالكركم والفلفل,Turmeric Pepper Turkey breast with Cooked whole-wheat pasta and Spinach,Dinner,535,53.1,56.9,12.6,477 g,"[{""name_ar"": ""صدر ديك رومي"", ""name_en"": ""Turkey breast"", ""quantity"": 140, ""unit"": ""g""}, {""name_ar"": ""معكرونة قمح كامل مطبوخة"", ""name_en"": ""Cooked whole-wheat pasta"", ""quantity"": 170, ""unit"": ""g""}, {""name_ar"": ""سبانخ"", ""name_en"": ""Spinach"", ""quantity"": 90, ""unit"": ""g""}, {""name_ar"": ""خيار"", ""name_en"": ""Cucumber"", ""quantity"": 70, ""unit"": ""g""}, {""name_ar"": ""زيت زيتون"", ""name_en"": ""Olive oil"", ""quantity"": 7, ""unit"": ""g""}, {""name_ar"": ""الكركم والفلفل"", ""name_en"": ""Turmeric Pepper seasoning"", ""quantity"": 2, ""unit"": ""g""}]","[""رتّب البروتين والخضار في صينية مع الزيت واشوِها حتى تنضج، ثم قدّمها مع الكربوهيدرات.""]","[""Arrange the protein and vegetables on a tray with oil, roast until done, and serve with the carbohydrate.""]","[""gluten""]","{""rule"": ""same meal_type; calories ±10%; protein ±8g"", ""status"": ""READY"", ""valid_substitute_ids"": [""MEAL-219"", ""MEAL-209"", ""MEAL-210"", ""MEAL-196"", ""MEAL-200""]}",images/MEAL-183.png,approved
MEAL-184,سلمون مع بطاطس وبروكلي بالبقدونس والليمون,Parsley Lemon Salmon with Potato and Broccoli,Dinner,573,36.7,43.9,27.3,507 g,"[{""name_ar"": ""سلمون"", ""name_en"": ""Salmon"", ""quantity"": 150, ""unit"": ""g""}, {""name_ar"": ""بطاطس"", ""name_en"": ""Potato"", ""quantity"": 190, ""unit"": ""g""}, {""name_ar"": ""بروكلي"", ""name_en"": ""Broccoli"", ""quantity"": 90, ""unit"": ""g""}, {""name_ar"": ""فلفل رومي"", ""name_en"": ""Bell pepper"", ""quantity"": 70, ""unit"": ""g""}, {""name_ar"": ""زيت زيتون"", ""name_en"": ""Olive oil"", ""quantity"": 7, ""unit"": ""g""}, {""name_ar"": ""البقدونس والليمون"", ""name_en"": ""Parsley Lemon seasoning"", ""quantity"": 2, ""unit"": ""g""}]","[""سخّن الزيت، شوّح البروتين حتى ينضج، أضف الخضار، ثم قدّم الخليط مع الكربوهيدرات الساخنة.""]","[""Heat the oil, sauté the protein until cooked, add the vegetables, and serve with the warm carbohydrate.""]","[""fish""]","{""rule"": ""same meal_type; calories ±10%; protein ±8g"", ""status"": ""READY"", ""valid_substitute_ids"": [""MEAL-193"", ""MEAL-202"", ""MEAL-211"", ""MEAL-188""]}",images/MEAL-184.png,approved
MEAL-185,تونة مع أرز بني مطبوخ وسبانخ بالليمون والأعشاب,Lemon Herb Tuna with Cooked brown rice and Spinach,Dinner,489,53.5,44.2,10.5,477 g,"[{""name_ar"": ""تونة"", ""name_en"": ""Tuna"", ""quantity"": 160, ""unit"": ""g""}, {""name_ar"": ""أرز بني مطبوخ"", ""name_en"": ""Cooked brown rice"", ""quantity"": 150, ""unit"": ""g""}, {""name_ar"": ""سبانخ"", ""name_en"": ""Spinach"", ""quantity"": 90, ""unit"": ""g""}, {""name_ar"": ""خيار"", ""name_en"": ""Cucumber"", ""quantity"": 70, ""unit"": ""g""}, {""name_ar"": ""زيت زيتون"", ""name_en"": ""Olive oil"", ""quantity"": 7, ""unit"": ""g""}, {""name_ar"": ""الليمون والأعشاب"", ""name_en"": ""Lemon Herb seasoning"", ""quantity"": 2, ""unit"": ""g""}]","[""تبّل المكونات واخبز البروتين والخضار حتى النضج، ثم قدّمها مع الحبوب أو البطاطس.""]","[""Season the ingredients, bake the protein and vegetables until done, then serve with the grain or potato.""]","[""fish""]","{""rule"": ""same meal_type; calories ±10%; protein ±8g"", ""status"": ""READY"", ""valid_substitute_ids"": [""MEAL-195"", ""MEAL-212"", ""MEAL-213"", ""MEAL-191"", ""MEAL-182""]}",images/MEAL-185.png,approved
MEAL-186,روبيان مع معكرونة قمح كامل مطبوخة وبروكلي بالثوم والبابريكا,Garlic Paprika Shrimp with Cooked whole-wheat pasta and Broccoli,Dinner,497,43.4,62.1,10.8,467 g,"[{""name_ar"": ""روبيان"", ""name_en"": ""Shrimp"", ""quantity"": 130, ""unit"": ""g""}, {""name_ar"": ""معكرونة قمح كامل مطبوخة"", ""name_en"": ""Cooked whole-wheat pasta"", ""quantity"": 170, ""unit"": ""g""}, {""name_ar"": ""بروكلي"", ""name_en"": ""Broccoli"", ""quantity"": 90, ""unit"": ""g""}, {""name_ar"": ""فلفل رومي"", ""name_en"": ""Bell pepper"", ""quantity"": 70, ""unit"": ""g""}, {""name_ar"": ""زيت زيتون"", ""name_en"": ""Olive oil"", ""quantity"": 7, ""unit"": ""g""}, {""name_ar"": ""الثوم والبابريكا"", ""name_en"": ""Garlic Paprika seasoning"", ""quantity"": 2, ""unit"": ""g""}]","[""تبّل البروتين واشوه حتى ينضج، وسخّن الحبوب والخضار، ثم رتّبها في طبق متوازن.""]","[""Season and grill the protein until cooked through, warm the grain and vegetables, then plate evenly.""]","[""gluten"", ""shellfish""]","{""rule"": ""same meal_type; calories ±10%; protein ±8g"", ""status"": ""READY"", ""valid_substitute_ids"": [""MEAL-212"", ""MEAL-214"", ""MEAL-213"", ""MEAL-187"", ""MEAL-195""]}",images/MEAL-186.png,approved
MEAL-187,لحم بقري قليل الدهن مع بطاطس وسبانخ بالكمون والكزبرة,Cumin Coriander Lean beef with Potato and Spinach,Dinner,486,43.3,39.0,18.8,497 g,"[{""name_ar"": ""لحم بقري قليل الدهن"", ""name_en"": ""Lean beef"", ""quantity"": 140, ""unit"": ""g""}, {""name_ar"": ""بطاطس"", ""name_en"": ""Potato"", ""quantity"": 190, ""unit"": ""g""}, {""name_ar"": ""سبانخ"", ""name_en"": ""Spinach"", ""quantity"": 90, ""unit"": ""g""}, {""name_ar"": ""خيار"", ""name_en"": ""Cucumber"", ""quantity"": 70, ""unit"": ""g""}, {""name_ar"": ""زيت زيتون"", ""name_en"": ""Olive oil"", ""quantity"": 7, ""unit"": ""g""}, {""name_ar"": ""الكمون والكزبرة"", ""name_en"": ""Cumin Coriander seasoning"", ""quantity"": 2, ""unit"": ""g""}]","[""رتّب البروتين والخضار في صينية مع الزيت واشوِها حتى تنضج، ثم قدّمها مع الكربوهيدرات.""]","[""Arrange the protein and vegetables on a tray with oil, roast until done, and serve with the carbohydrate.""]",[],"{""rule"": ""same meal_type; calories ±10%; protein ±8g"", ""status"": ""READY"", ""valid_substitute_ids"": [""MEAL-195"", ""MEAL-214"", ""MEAL-186"", ""MEAL-212"", ""MEAL-194""]}",images/MEAL-187.png,approved
MEAL-188,توفو مع أرز بني مطبوخ وبروكلي بإكليل الجبل والفلفل,Rosemary Pepper Tofu with Cooked brown rice and Broccoli,Dinner,516,32.4,53.3,22.1,467 g,"[{""name_ar"": ""توفو"", ""name_en"": ""Tofu"", ""quantity"": 150, ""unit"": ""g""}, {""name_ar"": ""أرز بني مطبوخ"", ""name_en"": ""Cooked brown rice"", ""quantity"": 150, ""unit"": ""g""}, {""name_ar"": ""بروكلي"", ""name_en"": ""Broccoli"", ""quantity"": 90, ""unit"": ""g""}, {""name_ar"": ""فلفل رومي"", ""name_en"": ""Bell pepper"", ""quantity"": 70, ""unit"": ""g""}, {""name_ar"": ""زيت زيتون"", ""name_en"": ""Olive oil"", ""quantity"": 7, ""unit"": ""g""}, {""name_ar"": ""إكليل الجبل والفلفل"", ""name_en"": ""Rosemary Pepper seasoning"", ""quantity"": 2, ""unit"": ""g""}]","[""سخّن الزيت، شوّح البروتين حتى ينضج، أضف الخضار، ثم قدّم الخليط مع الكربوهيدرات الساخنة.""]","[""Heat the oil, sauté the protein until cooked, add the vegetables, and serve with the warm carbohydrate.""]","[""soy""]","{""rule"": ""same meal_type; calories ±10%; protein ±8g"", ""status"": ""READY"", ""valid_substitute_ids"": [""MEAL-207"", ""MEAL-197"", ""MEAL-211"", ""MEAL-202"", ""MEAL-189""]}",images/MEAL-188.png,approved
MEAL-189,عدس مطبوخ مع معكرونة قمح كامل مطبوخة وسبانخ بالسماق والنعناع,Sumac Mint Cooked lentils with Cooked whole-wheat pasta and Spinach,Dinner,532,26.8,88.9,11.0,497 g,"[{""name_ar"": ""عدس مطبوخ"", ""name_en"": ""Cooked lentils"", ""quantity"": 160, ""unit"": ""g""}, {""name_ar"": ""معكرونة قمح كامل مطبوخة"", ""name_en"": ""Cooked whole-wheat pasta"", ""quantity"": 170, ""unit"": ""g""}, {""name_ar"": ""سبانخ"", ""name_en"": ""Spinach"", ""quantity"": 90, ""unit"": ""g""}, {""name_ar"": ""خيار"", ""name_en"": ""Cucumber"", ""quantity"": 70, ""unit"": ""g""}, {""name_ar"": ""زيت زيتون"", ""name_en"": ""Olive oil"", ""quantity"": 7, ""unit"": ""g""}, {""name_ar"": ""السماق والنعناع"", ""name_en"": ""Sumac Mint seasoning"", ""quantity"": 2, ""unit"": ""g""}]","[""تبّل المكونات واخبز البروتين والخضار حتى النضج، ثم قدّمها مع الحبوب أو البطاطس.""]","[""Season the ingredients, bake the protein and vegetables until done, then serve with the grain or potato.""]","[""gluten""]","{""rule"": ""same meal_type; calories ±10%; protein ±8g"", ""status"": ""READY"", ""valid_substitute_ids"": [""MEAL-202"", ""MEAL-216"", ""MEAL-198"", ""MEAL-188"", ""MEAL-207""]}",images/MEAL-189.png,approved
MEAL-190,حمص مطبوخ مع بطاطس وبروكلي بالزنجبيل والليمون الأخضر,Ginger Lime Cooked chickpeas with Potato and Broccoli,Dinner,475,18.2,79.6,11.1,487 g,"[{""name_ar"": ""حمص مطبوخ"", ""name_en"": ""Cooked chickpeas"", ""quantity"": 130, ""unit"": ""g""}, {""name_ar"": ""بطاطس"", ""name_en"": ""Potato"", ""quantity"": 190, ""unit"": ""g""}, {""name_ar"": ""بروكلي"", ""name_en"": ""Broccoli"", ""quantity"": 90, ""unit"": ""g""}, {""name_ar"": ""فلفل رومي"", ""name_en"": ""Bell pepper"", ""quantity"": 70, ""unit"": ""g""}, {""name_ar"": ""زيت زيتون"", ""name_en"": ""Olive oil"", ""quantity"": 7, ""unit"": ""g""}, {""name_ar"": ""الزنجبيل والليمون الأخضر"", ""name_en"": ""Ginger Lime seasoning"", ""quantity"": 2, ""unit"": ""g""}]","[""تبّل البروتين واشوه حتى ينضج، وسخّن الحبوب والخضار، ثم رتّبها في طبق متوازن.""]","[""Season and grill the protein until cooked through, warm the grain and vegetables, then plate evenly.""]",[],"{""rule"": ""same meal_type; calories ±10%; protein ±8g"", ""status"": ""READY"", ""valid_substitute_ids"": [""MEAL-199"", ""MEAL-217"", ""MEAL-208"", ""MEAL-207"", ""MEAL-198""]}",images/MEAL-190.png,approved
MEAL-191,صدر دجاج مع أرز بني مطبوخ وسبانخ بالشبت والحمضيات,Dill Citrus Chicken breast with Cooked brown rice and Spinach,Dinner,509,50.5,44.2,14.0,457 g,"[{""name_ar"": ""صدر دجاج"", ""name_en"": ""Chicken breast"", ""quantity"": 140, ""unit"": ""g""}, {""name_ar"": ""أرز بني مطبوخ"", ""name_en"": ""Cooked brown rice"", ""quantity"": 150, ""unit"": ""g""}, {""name_ar"": ""سبانخ"", ""name_en"": ""Spinach"", ""quantity"": 90, ""unit"": ""g""}, {""name_ar"": ""خيار"", ""name_en"": ""Cucumber"", ""quantity"": 70, ""unit"": ""g""}, {""name_ar"": ""زيت زيتون"", ""name_en"": ""Olive oil"", ""quantity"": 7, ""unit"": ""g""}, {""name_ar"": ""الشبت والحمضيات"", ""name_en"": ""Dill Citrus seasoning"", ""quantity"": 2, ""unit"": ""g""}]","[""رتّب البروتين والخضار في صينية مع الزيت واشوِها حتى تنضج، ثم قدّمها مع الكربوهيدرات.""]","[""Arrange the protein and vegetables on a tray with oil, roast until done, and serve with the carbohydrate.""]",[],"{""rule"": ""same meal_type; calories ±10%; protein ±8g"", ""status"": ""READY"", ""valid_substitute_ids"": [""MEAL-213"", ""MEAL-182"", ""MEAL-218"", ""MEAL-204"", ""MEAL-212""]}",images/MEAL-191.png,approved
MEAL-192,صدر ديك رومي مع معكرونة قمح كامل مطبوخة وبروكلي بالريحان والأوريغانو,Basil Oregano Turkey breast with Cooked whole-wheat pasta and Broccoli,Dinner,571,55.7,61.9,12.9,487 g,"[{""name_ar"": ""صدر ديك رومي"", ""name_en"": ""Turkey breast"", ""quantity"": 150, ""unit"": ""g""}, {""name_ar"": ""معكرونة قمح كامل مطبوخة"", ""name_en"": ""Cooked whole-wheat pasta"", ""quantity"": 170, ""unit"": ""g""}, {""name_ar"": ""بروكلي"", ""name_en"": ""Broccoli"", ""quantity"": 90, ""unit"": ""g""}, {""name_ar"": ""فلفل رومي"", ""name_en"": ""Bell pepper"", ""quantity"": 70, ""unit"": ""g""}, {""name_ar"": ""زيت زيتون"", ""name_en"": ""Olive oil"", ""quantity"": 7, ""unit"": ""g""}, {""name_ar"": ""الريحان والأوريغانو"", ""name_en"": ""Basil Oregano seasoning"", ""quantity"": 2, ""unit"": ""g""}]","[""سخّن الزيت، شوّح البروتين حتى ينضج، أضف الخضار، ثم قدّم الخليط مع الكربوهيدرات الساخنة.""]","[""Heat the oil, sauté the protein until cooked, add the vegetables, and serve with the warm carbohydrate.""]","[""gluten""]","{""rule"": ""same meal_type; calories ±10%; protein ±8g"", ""status"": ""READY"", ""valid_substitute_ids"": [""MEAL-201"", ""MEAL-200"", ""MEAL-210"", ""MEAL-209"", ""MEAL-183""]}",images/MEAL-192.png,approved
MEAL-193,سلمون مع بطاطس وسبانخ بالقرفة والفانيليا,Cinnamon Vanilla Salmon with Potato and Spinach,Dinner,572,38.9,39.0,28.4,517 g,"[{""name_ar"": ""سلمون"", ""name_en"": ""Salmon"", ""quantity"": 160, ""unit"": ""g""}, {""name_ar"": ""بطاطس"", ""name_en"": ""Potato"", ""quantity"": 190, ""unit"": ""g""}, {""name_ar"": ""سبانخ"", ""name_en"": ""Spinach"", ""quantity"": 90, ""unit"": ""g""}, {""name_ar"": ""خيار"", ""name_en"": ""Cucumber"", ""quantity"": 70, ""unit"": ""g""}, {""name_ar"": ""زيت زيتون"", ""name_en"": ""Olive oil"", ""quantity"": 7, ""unit"": ""g""}, {""name_ar"": ""القرفة والفانيليا"", ""name_en"": ""Cinnamon Vanilla seasoning"", ""quantity"": 2, ""unit"": ""g""}]","[""تبّل المكونات واخبز البروتين والخضار حتى النضج، ثم قدّمها مع الحبوب أو البطاطس.""]","[""Season the ingredients, bake the protein and vegetables until done, then serve with the grain or potato.""]","[""fish""]","{""rule"": ""same meal_type; calories ±10%; protein ±8g"", ""status"": ""READY"", ""valid_substitute_ids"": [""MEAL-184"", ""MEAL-202"", ""MEAL-211"", ""MEAL-196"", ""MEAL-188""]}",images/MEAL-193.png,approved
MEAL-194,تونة مع أرز بني مطبوخ وبروكلي بالهيل والسمسم,Cardamom Sesame Tuna with Cooked brown rice and Broccoli,Dinner,471,44.6,49.1,10.4,447 g,"[{""name_ar"": ""تونة"", ""name_en"": ""Tuna"", ""quantity"": 130, ""unit"": ""g""}, {""name_ar"": ""أرز بني مطبوخ"", ""name_en"": ""Cooked brown rice"", ""quantity"": 150, ""unit"": ""g""}, {""name_ar"": ""بروكلي"", ""name_en"": ""Broccoli"", ""quantity"": 90, ""unit"": ""g""}, {""name_ar"": ""فلفل رومي"", ""name_en"": ""Bell pepper"", ""quantity"": 70, ""unit"": ""g""}, {""name_ar"": ""زيت زيتون"", ""name_en"": ""Olive oil"", ""quantity"": 7, ""unit"": ""g""}, {""name_ar"": ""الهيل والسمسم"", ""name_en"": ""Cardamom Sesame seasoning"", ""quantity"": 2, ""unit"": ""g""}]","[""تبّل البروتين واشوه حتى ينضج، وسخّن الحبوب والخضار، ثم رتّبها في طبق متوازن.""]","[""Season and grill the protein until cooked through, warm the grain and vegetables, then plate evenly.""]","[""fish""]","{""rule"": ""same meal_type; calories ±10%; protein ±8g"", ""status"": ""READY"", ""valid_substitute_ids"": [""MEAL-203"", ""MEAL-195"", ""MEAL-187"", ""MEAL-214"", ""MEAL-186""]}",images/MEAL-194.png,approved
MEAL-195,روبيان مع معكرونة قمح كامل مطبوخة وسبانخ بالكركم والفلفل,Turmeric Pepper Shrimp with Cooked whole-wheat pasta and Spinach,Dinner,485,46.1,57.2,10.7,477 g,"[{""name_ar"": ""روبيان"", ""name_en"": ""Shrimp"", ""quantity"": 140, ""unit"": ""g""}, {""name_ar"": ""معكرونة قمح كامل مطبوخة"", ""name_en"": ""Cooked whole-wheat pasta"", ""quantity"": 170, ""unit"": ""g""}, {""name_ar"": ""سبانخ"", ""name_en"": ""Spinach"", ""quantity"": 90, ""unit"": ""g""}, {""name_ar"": ""خيار"", ""name_en"": ""Cucumber"", ""quantity"": 70, ""unit"": ""g""}, {""name_ar"": ""زيت زيتون"", ""name_en"": ""Olive oil"", ""quantity"": 7, ""unit"": ""g""}, {""name_ar"": ""الكركم والفلفل"", ""name_en"": ""Turmeric Pepper seasoning"", ""quantity"": 2, ""unit"": ""g""}]","[""رتّب البروتين والخضار في صينية مع الزيت واشوِها حتى تنضج، ثم قدّمها مع الكربوهيدرات.""]","[""Arrange the protein and vegetables on a tray with oil, roast until done, and serve with the carbohydrate.""]","[""gluten"", ""shellfish""]","{""rule"": ""same meal_type; calories ±10%; protein ±8g"", ""status"": ""READY"", ""valid_substitute_ids"": [""MEAL-187"", ""MEAL-185"", ""MEAL-214"", ""MEAL-186"", ""MEAL-212""]}",images/MEAL-195.png,approved
MEAL-196,لحم بقري قليل الدهن مع بطاطس وبروكلي بالبقدونس والليمون,Parsley Lemon Lean beef with Potato and Broccoli,Dinner,525,45.7,43.9,19.8,507 g,"[{""name_ar"": ""لحم بقري قليل الدهن"", ""name_en"": ""Lean beef"", ""quantity"": 150, ""unit"": ""g""}, {""name_ar"": ""بطاطس"", ""name_en"": ""Potato"", ""quantity"": 190, ""unit"": ""g""}, {""name_ar"": ""بروكلي"", ""name_en"": ""Broccoli"", ""quantity"": 90, ""unit"": ""g""}, {""name_ar"": ""فلفل رومي"", ""name_en"": ""Bell pepper"", ""quantity"": 70, ""unit"": ""g""}, {""name_ar"": ""زيت زيتون"", ""name_en"": ""Olive oil"", ""quantity"": 7, ""unit"": ""g""}, {""name_ar"": ""البقدونس والليمون"", ""name_en"": ""Parsley Lemon seasoning"", ""quantity"": 2, ""unit"": ""g""}]","[""سخّن الزيت، شوّح البروتين حتى ينضج، أضف الخضار، ثم قدّم الخليط مع الكربوهيدرات الساخنة.""]","[""Heat the oil, sauté the protein until cooked, add the vegetables, and serve with the warm carbohydrate.""]",[],"{""rule"": ""same meal_type; calories ±10%; protein ±8g"", ""status"": ""READY"", ""valid_substitute_ids"": [""MEAL-205"", ""MEAL-204"", ""MEAL-183"", ""MEAL-219"", ""MEAL-182""]}",images/MEAL-196.png,approved
MEAL-197,توفو مع أرز بني مطبوخ وسبانخ بالليمون والأعشاب,Lemon Herb Tofu with Cooked brown rice and Spinach,Dinner,508,34.4,48.6,22.9,477 g,"[{""name_ar"": ""توفو"", ""name_en"": ""Tofu"", ""quantity"": 160, ""unit"": ""g""}, {""name_ar"": ""أرز بني مطبوخ"", ""name_en"": ""Cooked brown rice"", ""quantity"": 150, ""unit"": ""g""}, {""name_ar"": ""سبانخ"", ""name_en"": ""Spinach"", ""quantity"": 90, ""unit"": ""g""}, {""name_ar"": ""خيار"", ""name_en"": ""Cucumber"", ""quantity"": 70, ""unit"": ""g""}, {""name_ar"": ""زيت زيتون"", ""name_en"": ""Olive oil"", ""quantity"": 7, ""unit"": ""g""}, {""name_ar"": ""الليمون والأعشاب"", ""name_en"": ""Lemon Herb seasoning"", ""quantity"": 2, ""unit"": ""g""}]","[""تبّل المكونات واخبز البروتين والخضار حتى النضج، ثم قدّمها مع الحبوب أو البطاطس.""]","[""Season the ingredients, bake the protein and vegetables until done, then serve with the grain or potato.""]","[""soy""]","{""rule"": ""same meal_type; calories ±10%; protein ±8g"", ""status"": ""READY"", ""valid_substitute_ids"": [""MEAL-188"", ""MEAL-214"", ""MEAL-206"", ""MEAL-211"", ""MEAL-202""]}",images/MEAL-197.png,approved
MEAL-198,عدس مطبوخ مع معكرونة قمح كامل مطبوخة وبروكلي بالثوم والبابريكا,Garlic Paprika Cooked lentils with Cooked whole-wheat pasta and Broccoli,Dinner,519,23.9,87.9,11.0,467 g,"[{""name_ar"": ""عدس مطبوخ"", ""name_en"": ""Cooked lentils"", ""quantity"": 130, ""unit"": ""g""}, {""name_ar"": ""معكرونة قمح كامل مطبوخة"", ""name_en"": ""Cooked whole-wheat pasta"", ""quantity"": 170, ""unit"": ""g""}, {""name_ar"": ""بروكلي"", ""name_en"": ""Broccoli"", ""quantity"": 90, ""unit"": ""g""}, {""name_ar"": ""فلفل رومي"", ""name_en"": ""Bell pepper"", ""quantity"": 70, ""unit"": ""g""}, {""name_ar"": ""زيت زيتون"", ""name_en"": ""Olive oil"", ""quantity"": 7, ""unit"": ""g""}, {""name_ar"": ""الثوم والبابريكا"", ""name_en"": ""Garlic Paprika seasoning"", ""quantity"": 2, ""unit"": ""g""}]","[""تبّل البروتين واشوه حتى ينضج، وسخّن الحبوب والخضار، ثم رتّبها في طبق متوازن.""]","[""Season and grill the protein until cooked through, warm the grain and vegetables, then plate evenly.""]","[""gluten""]","{""rule"": ""same meal_type; calories ±10%; protein ±8g"", ""status"": ""READY"", ""valid_substitute_ids"": [""MEAL-207"", ""MEAL-208"", ""MEAL-189"", ""MEAL-217"", ""MEAL-216""]}",images/MEAL-198.png,approved
MEAL-199,حمص مطبوخ مع بطاطس وسبانخ بالكمون والكزبرة,Cumin Coriander Cooked chickpeas with Potato and Spinach,Dinner,469,19.4,77.4,11.3,497 g,"[{""name_ar"": ""حمص مطبوخ"", ""name_en"": ""Cooked chickpeas"", ""quantity"": 140, ""unit"": ""g""}, {""name_ar"": ""بطاطس"", ""name_en"": ""Potato"", ""quantity"": 190, ""unit"": ""g""}, {""name_ar"": ""سبانخ"", ""name_en"": ""Spinach"", ""quantity"": 90, ""unit"": ""g""}, {""name_ar"": ""خيار"", ""name_en"": ""Cucumber"", ""quantity"": 70, ""unit"": ""g""}, {""name_ar"": ""زيت زيتون"", ""name_en"": ""Olive oil"", ""quantity"": 7, ""unit"": ""g""}, {""name_ar"": ""الكمون والكزبرة"", ""name_en"": ""Cumin Coriander seasoning"", ""quantity"": 2, ""unit"": ""g""}]","[""رتّب البروتين والخضار في صينية مع الزيت واشوِها حتى تنضج، ثم قدّمها مع الكربوهيدرات.""]","[""Arrange the protein and vegetables on a tray with oil, roast until done, and serve with the carbohydrate.""]",[],"{""rule"": ""same meal_type; calories ±10%; protein ±8g"", ""status"": ""READY"", ""valid_substitute_ids"": [""MEAL-190"", ""MEAL-217"", ""MEAL-208"", ""MEAL-207""]}",images/MEAL-199.png,approved
MEAL-200,صدر دجاج مع أرز بني مطبوخ وبروكلي بإكليل الجبل والفلفل,Rosemary Pepper Chicken breast with Cooked brown rice and Broccoli,Dinner,547,53.4,49.1,14.5,467 g,"[{""name_ar"": ""صدر دجاج"", ""name_en"": ""Chicken breast"", ""quantity"": 150, ""unit"": ""g""}, {""name_ar"": ""أرز بني مطبوخ"", ""name_en"": ""Cooked brown rice"", ""quantity"": 150, ""unit"": ""g""}, {""name_ar"": ""بروكلي"", ""name_en"": ""Broccoli"", ""quantity"": 90, ""unit"": ""g""}, {""name_ar"": ""فلفل رومي"", ""name_en"": ""Bell pepper"", ""quantity"": 70, ""unit"": ""g""}, {""name_ar"": ""زيت زيتون"", ""name_en"": ""Olive oil"", ""quantity"": 7, ""unit"": ""g""}, {""name_ar"": ""إكليل الجبل والفلفل"", ""name_en"": ""Rosemary Pepper seasoning"", ""quantity"": 2, ""unit"": ""g""}]","[""سخّن الزيت، شوّح البروتين حتى ينضج، أضف الخضار، ثم قدّم الخليط مع الكربوهيدرات الساخنة.""]","[""Heat the oil, sauté the protein until cooked, add the vegetables, and serve with the warm carbohydrate.""]",[],"{""rule"": ""same meal_type; calories ±10%; protein ±8g"", ""status"": ""READY"", ""valid_substitute_ids"": [""MEAL-210"", ""MEAL-209"", ""MEAL-183"", ""MEAL-219"", ""MEAL-201""]}",images/MEAL-200.png,approved
MEAL-201,صدر ديك رومي مع معكرونة قمح كامل مطبوخة وسبانخ بالسماق والنعناع,Sumac Mint Turkey breast with Cooked whole-wheat pasta and Spinach,Dinner,562,58.9,56.9,12.9,497 g,"[{""name_ar"": ""صدر ديك رومي"", ""name_en"": ""Turkey breast"", ""quantity"": 160, ""unit"": ""g""}, {""name_ar"": ""معكرونة قمح كامل مطبوخة"", ""name_en"": ""Cooked whole-wheat pasta"", ""quantity"": 170, ""unit"": ""g""}, {""name_ar"": ""سبانخ"", ""name_en"": ""Spinach"", ""quantity"": 90, ""unit"": ""g""}, {""name_ar"": ""خيار"", ""name_en"": ""Cucumber"", ""quantity"": 70, ""unit"": ""g""}, {""name_ar"": ""زيت زيتون"", ""name_en"": ""Olive oil"", ""quantity"": 7, ""unit"": ""g""}, {""name_ar"": ""السماق والنعناع"", ""name_en"": ""Sumac Mint seasoning"", ""quantity"": 2, ""unit"": ""g""}]","[""تبّل المكونات واخبز البروتين والخضار حتى النضج، ثم قدّمها مع الحبوب أو البطاطس.""]","[""Season the ingredients, bake the protein and vegetables until done, then serve with the grain or potato.""]","[""gluten""]","{""rule"": ""same meal_type; calories ±10%; protein ±8g"", ""status"": ""READY"", ""valid_substitute_ids"": [""MEAL-192"", ""MEAL-200"", ""MEAL-209"", ""MEAL-183"", ""MEAL-219""]}",images/MEAL-201.png,approved
MEAL-202,سلمون مع بطاطس وبروكلي,Salmon with Potato and Broccoli,Dinner,532,32.7,43.9,24.7,487 g,"[{""name_ar"": ""سلمون"", ""name_en"": ""Salmon"", ""quantity"": 130, ""unit"": ""g""}, {""name_ar"": ""بطاطس"", ""name_en"": ""Potato"", ""quantity"": 190, ""unit"": ""g""}, {""name_ar"": ""بروكلي"", ""name_en"": ""Broccoli"", ""quantity"": 90, ""unit"": ""g""}, {""name_ar"": ""فلفل رومي"", ""name_en"": ""Bell pepper"", ""quantity"": 70, ""unit"": ""g""}, {""name_ar"": ""زيت زيتون"", ""name_en"": ""Olive oil"", ""quantity"": 7, ""unit"": ""g""}]","[""تبّل البروتين واشوه حتى ينضج، وسخّن الحبوب والخضار، ثم رتّبها في طبق متوازن.""]","[""Season and grill the protein until cooked through, warm the grain and vegetables, then plate evenly.""]","[""fish""]","{""rule"": ""same meal_type; calories ±10%; protein ±8g"", ""status"": ""READY"", ""valid_substitute_ids"": [""MEAL-189"", ""MEAL-211"", ""MEAL-216"", ""MEAL-188"", ""MEAL-207""]}",images/MEAL-202.png,approved
MEAL-203,تونة مع أرز بني مطبوخ وسبانخ,Tuna with Cooked brown rice and Spinach,Dinner,462,47.8,44.2,10.3,457 g,"[{""name_ar"": ""تونة"", ""name_en"": ""Tuna"", ""quantity"": 140, ""unit"": ""g""}, {""name_ar"": ""أرز بني مطبوخ"", ""name_en"": ""Cooked brown rice"", ""quantity"": 150, ""unit"": ""g""}, {""name_ar"": ""سبانخ"", ""name_en"": ""Spinach"", ""quantity"": 90, ""unit"": ""g""}, {""name_ar"": ""خيار"", ""name_en"": ""Cucumber"", ""quantity"": 70, ""unit"": ""g""}, {""name_ar"": ""زيت زيتون"", ""name_en"": ""Olive oil"", ""quantity"": 7, ""unit"": ""g""}]","[""رتّب البروتين والخضار في صينية مع الزيت واشوِها حتى تنضج، ثم قدّمها مع الكربوهيدرات.""]","[""Arrange the protein and vegetables on a tray with oil, roast until done, and serve with the carbohydrate.""]","[""fish""]","{""rule"": ""same meal_type; calories ±10%; protein ±8g"", ""status"": ""READY"", ""valid_substitute_ids"": [""MEAL-194"", ""MEAL-195"", ""MEAL-187"", ""MEAL-185"", ""MEAL-214""]}",images/MEAL-203.png,approved
MEAL-204,روبيان مع معكرونة قمح كامل مطبوخة وبروكلي,Shrimp with Cooked whole-wheat pasta and Broccoli,Dinner,517,48.2,62.2,10.9,487 g,"[{""name_ar"": ""روبيان"", ""name_en"": ""Shrimp"", ""quantity"": 150, ""unit"": ""g""}, {""name_ar"": ""معكرونة قمح كامل مطبوخة"", ""name_en"": ""Cooked whole-wheat pasta"", ""quantity"": 170, ""unit"": ""g""}, {""name_ar"": ""بروكلي"", ""name_en"": ""Broccoli"", ""quantity"": 90, ""unit"": ""g""}, {""name_ar"": ""فلفل رومي"", ""name_en"": ""Bell pepper"", ""quantity"": 70, ""unit"": ""g""}, {""name_ar"": ""زيت زيتون"", ""name_en"": ""Olive oil"", ""quantity"": 7, ""unit"": ""g""}]","[""سخّن الزيت، شوّح البروتين حتى ينضج، أضف الخضار، ثم قدّم الخليط مع الكربوهيدرات الساخنة.""]","[""Heat the oil, sauté the protein until cooked, add the vegetables, and serve with the warm carbohydrate.""]","[""gluten"", ""shellfish""]","{""rule"": ""same meal_type; calories ±10%; protein ±8g"", ""status"": ""READY"", ""valid_substitute_ids"": [""MEAL-182"", ""MEAL-218"", ""MEAL-205"", ""MEAL-191"", ""MEAL-196""]}",images/MEAL-204.png,approved
MEAL-205,لحم بقري قليل الدهن مع بطاطس وسبانخ,Lean beef with Potato and Spinach,Dinner,521,48.5,39.0,20.4,517 g,"[{""name_ar"": ""لحم بقري قليل الدهن"", ""name_en"": ""Lean beef"", ""quantity"": 160, ""unit"": ""g""}, {""name_ar"": ""بطاطس"", ""name_en"": ""Potato"", ""quantity"": 190, ""unit"": ""g""}, {""name_ar"": ""سبانخ"", ""name_en"": ""Spinach"", ""quantity"": 90, ""unit"": ""g""}, {""name_ar"": ""خيار"", ""name_en"": ""Cucumber"", ""quantity"": 70, ""unit"": ""g""}, {""name_ar"": ""زيت زيتون"", ""name_en"": ""Olive oil"", ""quantity"": 7, ""unit"": ""g""}]","[""تبّل المكونات واخبز البروتين والخضار حتى النضج، ثم قدّمها مع الحبوب أو البطاطس.""]","[""Season the ingredients, bake the protein and vegetables until done, then serve with the grain or potato.""]",[],"{""rule"": ""same meal_type; calories ±10%; protein ±8g"", ""status"": ""READY"", ""valid_substitute_ids"": [""MEAL-204"", ""MEAL-196"", ""MEAL-182"", ""MEAL-218"", ""MEAL-191""]}",images/MEAL-205.png,approved
MEAL-206,توفو مع أرز بني مطبوخ وبروكلي,Tofu with Cooked brown rice and Broccoli,Dinner,487,29.0,52.7,20.4,447 g,"[{""name_ar"": ""توفو"", ""name_en"": ""Tofu"", ""quantity"": 130, ""unit"": ""g""}, {""name_ar"": ""أرز بني مطبوخ"", ""name_en"": ""Cooked brown rice"", ""quantity"": 150, ""unit"": ""g""}, {""name_ar"": ""بروكلي"", ""name_en"": ""Broccoli"", ""quantity"": 90, ""unit"": ""g""}, {""name_ar"": ""فلفل رومي"", ""name_en"": ""Bell pepper"", ""quantity"": 70, ""unit"": ""g""}, {""name_ar"": ""زيت زيتون"", ""name_en"": ""Olive oil"", ""quantity"": 7, ""unit"": ""g""}]","[""تبّل البروتين واشوه حتى ينضج، وسخّن الحبوب والخضار، ثم رتّبها في طبق متوازن.""]","[""Season and grill the protein until cooked through, warm the grain and vegetables, then plate evenly.""]","[""soy""]","{""rule"": ""same meal_type; calories ±10%; protein ±8g"", ""status"": ""READY"", ""valid_substitute_ids"": [""MEAL-215"", ""MEAL-217"", ""MEAL-197"", ""MEAL-207"", ""MEAL-188""]}",images/MEAL-206.png,approved
MEAL-207,عدس مطبوخ مع معكرونة قمح كامل مطبوخة وسبانخ,Cooked lentils with Cooked whole-wheat pasta and Spinach,Dinner,509,25.0,84.9,10.9,477 g,"[{""name_ar"": ""عدس مطبوخ"", ""name_en"": ""Cooked lentils"", ""quantity"": 140, ""unit"": ""g""}, {""name_ar"": ""معكرونة قمح كامل مطبوخة"", ""name_en"": ""Cooked whole-wheat pasta"", ""quantity"": 170, ""unit"": ""g""}, {""name_ar"": ""سبانخ"", ""name_en"": ""Spinach"", ""quantity"": 90, ""unit"": ""g""}, {""name_ar"": ""خيار"", ""name_en"": ""Cucumber"", ""quantity"": 70, ""unit"": ""g""}, {""name_ar"": ""زيت زيتون"", ""name_en"": ""Olive oil"", ""quantity"": 7, ""unit"": ""g""}]","[""رتّب البروتين والخضار في صينية مع الزيت واشوِها حتى تنضج، ثم قدّمها مع الكربوهيدرات.""]","[""Arrange the protein and vegetables on a tray with oil, roast until done, and serve with the carbohydrate.""]","[""gluten""]","{""rule"": ""same meal_type; calories ±10%; protein ±8g"", ""status"": ""READY"", ""valid_substitute_ids"": [""MEAL-208"", ""MEAL-217"", ""MEAL-188"", ""MEAL-198"", ""MEAL-206""]}",images/MEAL-207.png,approved
MEAL-208,حمص مطبوخ مع بطاطس وبروكلي,Cooked chickpeas with Potato and Broccoli,Dinner,507,20.0,85.0,11.7,507 g,"[{""name_ar"": ""حمص مطبوخ"", ""name_en"": ""Cooked chickpeas"", ""quantity"": 150, ""unit"": ""g""}, {""name_ar"": ""بطاطس"", ""name_en"": ""Potato"", ""quantity"": 190, ""unit"": ""g""}, {""name_ar"": ""بروكلي"", ""name_en"": ""Broccoli"", ""quantity"": 90, ""unit"": ""g""}, {""name_ar"": ""فلفل رومي"", ""name_en"": ""Bell pepper"", ""quantity"": 70, ""unit"": ""g""}, {""name_ar"": ""زيت زيتون"", ""name_en"": ""Olive oil"", ""quantity"": 7, ""unit"": ""g""}]","[""سخّن الزيت، شوّح البروتين حتى ينضج، أضف الخضار، ثم قدّم الخليط مع الكربوهيدرات الساخنة.""]","[""Heat the oil, sauté the protein until cooked, add the vegetables, and serve with the warm carbohydrate.""]",[],"{""rule"": ""same meal_type; calories ±10%; protein ±8g"", ""status"": ""READY"", ""valid_substitute_ids"": [""MEAL-207"", ""MEAL-217"", ""MEAL-198"", ""MEAL-189"", ""MEAL-190""]}",images/MEAL-208.png,approved
MEAL-209,صدر دجاج مع أرز بني مطبوخ وسبانخ,Chicken breast with Cooked brown rice and Spinach,Dinner,542,56.8,44.2,14.7,477 g,"[{""name_ar"": ""صدر دجاج"", ""name_en"": ""Chicken breast"", ""quantity"": 160, ""unit"": ""g""}, {""name_ar"": ""أرز بني مطبوخ"", ""name_en"": ""Cooked brown rice"", ""quantity"": 150, ""unit"": ""g""}, {""name_ar"": ""سبانخ"", ""name_en"": ""Spinach"", ""quantity"": 90, ""unit"": ""g""}, {""name_ar"": ""خيار"", ""name_en"": ""Cucumber"", ""quantity"": 70, ""unit"": ""g""}, {""name_ar"": ""زيت زيتون"", ""name_en"": ""Olive oil"", ""quantity"": 7, ""unit"": ""g""}]","[""تبّل المكونات واخبز البروتين والخضار حتى النضج، ثم قدّمها مع الحبوب أو البطاطس.""]","[""Season the ingredients, bake the protein and vegetables until done, then serve with the grain or potato.""]",[],"{""rule"": ""same meal_type; calories ±10%; protein ±8g"", ""status"": ""READY"", ""valid_substitute_ids"": [""MEAL-210"", ""MEAL-200"", ""MEAL-183"", ""MEAL-219"", ""MEAL-201""]}",images/MEAL-209.png,approved
MEAL-210,صدر ديك رومي مع معكرونة قمح كامل مطبوخة وبروكلي,Turkey breast with Cooked whole-wheat pasta and Broccoli,Dinner,544,49.9,61.9,12.5,467 g,"[{""name_ar"": ""صدر ديك رومي"", ""name_en"": ""Turkey breast"", ""quantity"": 130, ""unit"": ""g""}, {""name_ar"": ""معكرونة قمح كامل مطبوخة"", ""name_en"": ""Cooked whole-wheat pasta"", ""quantity"": 170, ""unit"": ""g""}, {""name_ar"": ""بروكلي"", ""name_en"": ""Broccoli"", ""quantity"": 90, ""unit"": ""g""}, {""name_ar"": ""فلفل رومي"", ""name_en"": ""Bell pepper"", ""quantity"": 70, ""unit"": ""g""}, {""name_ar"": ""زيت زيتون"", ""name_en"": ""Olive oil"", ""quantity"": 7, ""unit"": ""g""}]","[""تبّل البروتين واشوه حتى ينضج، وسخّن الحبوب والخضار، ثم رتّبها في طبق متوازن.""]","[""Season and grill the protein until cooked through, warm the grain and vegetables, then plate evenly.""]","[""gluten""]","{""rule"": ""same meal_type; calories ±10%; protein ±8g"", ""status"": ""READY"", ""valid_substitute_ids"": [""MEAL-209"", ""MEAL-200"", ""MEAL-183"", ""MEAL-219"", ""MEAL-196""]}",images/MEAL-210.png,approved
MEAL-211,سلمون مع بطاطس وسبانخ,Salmon with Potato and Spinach,Dinner,531,34.9,39.0,25.8,497 g,"[{""name_ar"": ""سلمون"", ""name_en"": ""Salmon"", ""quantity"": 140, ""unit"": ""g""}, {""name_ar"": ""بطاطس"", ""name_en"": ""Potato"", ""quantity"": 190, ""unit"": ""g""}, {""name_ar"": ""سبانخ"", ""name_en"": ""Spinach"", ""quantity"": 90, ""unit"": ""g""}, {""name_ar"": ""خيار"", ""name_en"": ""Cucumber"", ""quantity"": 70, ""unit"": ""g""}, {""name_ar"": ""زيت زيتون"", ""name_en"": ""Olive oil"", ""quantity"": 7, ""unit"": ""g""}]","[""رتّب البروتين والخضار في صينية مع الزيت واشوِها حتى تنضج، ثم قدّمها مع الكربوهيدرات.""]","[""Arrange the protein and vegetables on a tray with oil, roast until done, and serve with the carbohydrate.""]","[""fish""]","{""rule"": ""same meal_type; calories ±10%; protein ±8g"", ""status"": ""READY"", ""valid_substitute_ids"": [""MEAL-202"", ""MEAL-188"", ""MEAL-197"", ""MEAL-193"", ""MEAL-214""]}",images/MEAL-211.png,approved
MEAL-212,تونة مع أرز بني مطبوخ وبروكلي,Tuna with Cooked brown rice and Broccoli,Dinner,498,50.4,49.1,10.6,467 g,"[{""name_ar"": ""تونة"", ""name_en"": ""Tuna"", ""quantity"": 150, ""unit"": ""g""}, {""name_ar"": ""أرز بني مطبوخ"", ""name_en"": ""Cooked brown rice"", ""quantity"": 150, ""unit"": ""g""}, {""name_ar"": ""بروكلي"", ""name_en"": ""Broccoli"", ""quantity"": 90, ""unit"": ""g""}, {""name_ar"": ""فلفل رومي"", ""name_en"": ""Bell pepper"", ""quantity"": 70, ""unit"": ""g""}, {""name_ar"": ""زيت زيتون"", ""name_en"": ""Olive oil"", ""quantity"": 7, ""unit"": ""g""}]","[""سخّن الزيت، شوّح البروتين حتى ينضج، أضف الخضار، ثم قدّم الخليط مع الكربوهيدرات الساخنة.""]","[""Heat the oil, sauté the protein until cooked, add the vegetables, and serve with the warm carbohydrate.""]","[""fish""]","{""rule"": ""same meal_type; calories ±10%; protein ±8g"", ""status"": ""READY"", ""valid_substitute_ids"": [""MEAL-186"", ""MEAL-213"", ""MEAL-185"", ""MEAL-191"", ""MEAL-187""]}",images/MEAL-212.png,approved
MEAL-213,روبيان مع معكرونة قمح كامل مطبوخة وسبانخ,Shrimp with Cooked whole-wheat pasta and Spinach,Dinner,505,50.9,57.3,10.8,497 g,"[{""name_ar"": ""روبيان"", ""name_en"": ""Shrimp"", ""quantity"": 160, ""unit"": ""g""}, {""name_ar"": ""معكرونة قمح كامل مطبوخة"", ""name_en"": ""Cooked whole-wheat pasta"", ""quantity"": 170, ""unit"": ""g""}, {""name_ar"": ""سبانخ"", ""name_en"": ""Spinach"", ""quantity"": 90, ""unit"": ""g""}, {""name_ar"": ""خيار"", ""name_en"": ""Cucumber"", ""quantity"": 70, ""unit"": ""g""}, {""name_ar"": ""زيت زيتون"", ""name_en"": ""Olive oil"", ""quantity"": 7, ""unit"": ""g""}]","[""تبّل المكونات واخبز البروتين والخضار حتى النضج، ثم قدّمها مع الحبوب أو البطاطس.""]","[""Season the ingredients, bake the protein and vegetables until done, then serve with the grain or potato.""]","[""gluten"", ""shellfish""]","{""rule"": ""same meal_type; calories ±10%; protein ±8g"", ""status"": ""READY"", ""valid_substitute_ids"": [""MEAL-191"", ""MEAL-212"", ""MEAL-186"", ""MEAL-182"", ""MEAL-218""]}",images/MEAL-213.png,approved
MEAL-214,لحم بقري قليل الدهن مع بطاطس وبروكلي,Lean beef with Potato and Broccoli,Dinner,490,40.5,43.9,18.2,487 g,"[{""name_ar"": ""لحم بقري قليل الدهن"", ""name_en"": ""Lean beef"", ""quantity"": 130, ""unit"": ""g""}, {""name_ar"": ""بطاطس"", ""name_en"": ""Potato"", ""quantity"": 190, ""unit"": ""g""}, {""name_ar"": ""بروكلي"", ""name_en"": ""Broccoli"", ""quantity"": 90, ""unit"": ""g""}, {""name_ar"": ""فلفل رومي"", ""name_en"": ""Bell pepper"", ""quantity"": 70, ""unit"": ""g""}, {""name_ar"": ""زيت زيتون"", ""name_en"": ""Olive oil"", ""quantity"": 7, ""unit"": ""g""}]","[""تبّل البروتين واشوه حتى ينضج، وسخّن الحبوب والخضار، ثم رتّبها في طبق متوازن.""]","[""Season and grill the protein until cooked through, warm the grain and vegetables, then plate evenly.""]",[],"{""rule"": ""same meal_type; calories ±10%; protein ±8g"", ""status"": ""READY"", ""valid_substitute_ids"": [""MEAL-187"", ""MEAL-195"", ""MEAL-186"", ""MEAL-197"", ""MEAL-194""]}",images/MEAL-214.png,approved
MEAL-215,توفو مع أرز بني مطبوخ وسبانخ,Tofu with Cooked brown rice and Spinach,Dinner,479,30.9,48.1,21.1,457 g,"[{""name_ar"": ""توفو"", ""name_en"": ""Tofu"", ""quantity"": 140, ""unit"": ""g""}, {""name_ar"": ""أرز بني مطبوخ"", ""name_en"": ""Cooked brown rice"", ""quantity"": 150, ""unit"": ""g""}, {""name_ar"": ""سبانخ"", ""name_en"": ""Spinach"", ""quantity"": 90, ""unit"": ""g""}, {""name_ar"": ""خيار"", ""name_en"": ""Cucumber"", ""quantity"": 70, ""unit"": ""g""}, {""name_ar"": ""زيت زيتون"", ""name_en"": ""Olive oil"", ""quantity"": 7, ""unit"": ""g""}]","[""رتّب البروتين والخضار في صينية مع الزيت واشوِها حتى تنضج، ثم قدّمها مع الكربوهيدرات.""]","[""Arrange the protein and vegetables on a tray with oil, roast until done, and serve with the carbohydrate.""]","[""soy""]","{""rule"": ""same meal_type; calories ±10%; protein ±8g"", ""status"": ""READY"", ""valid_substitute_ids"": [""MEAL-206"", ""MEAL-197"", ""MEAL-207"", ""MEAL-188"", ""MEAL-198""]}",images/MEAL-215.png,approved
MEAL-216,عدس مطبوخ مع معكرونة قمح كامل مطبوخة وبروكلي,Cooked lentils with Cooked whole-wheat pasta and Broccoli,Dinner,542,25.7,91.9,11.1,487 g,"[{""name_ar"": ""عدس مطبوخ"", ""name_en"": ""Cooked lentils"", ""quantity"": 150, ""unit"": ""g""}, {""name_ar"": ""معكرونة قمح كامل مطبوخة"", ""name_en"": ""Cooked whole-wheat pasta"", ""quantity"": 170, ""unit"": ""g""}, {""name_ar"": ""بروكلي"", ""name_en"": ""Broccoli"", ""quantity"": 90, ""unit"": ""g""}, {""name_ar"": ""فلفل رومي"", ""name_en"": ""Bell pepper"", ""quantity"": 70, ""unit"": ""g""}, {""name_ar"": ""زيت زيتون"", ""name_en"": ""Olive oil"", ""quantity"": 7, ""unit"": ""g""}]","[""سخّن الزيت، شوّح البروتين حتى ينضج، أضف الخضار، ثم قدّم الخليط مع الكربوهيدرات الساخنة.""]","[""Heat the oil, sauté the protein until cooked, add the vegetables, and serve with the warm carbohydrate.""]","[""gluten""]","{""rule"": ""same meal_type; calories ±10%; protein ±8g"", ""status"": ""READY"", ""valid_substitute_ids"": [""MEAL-189"", ""MEAL-202"", ""MEAL-198"", ""MEAL-188"", ""MEAL-207""]}",images/MEAL-216.png,approved
MEAL-217,حمص مطبوخ مع بطاطس وسبانخ,Cooked chickpeas with Potato and Spinach,Dinner,502,21.1,82.8,11.8,517 g,"[{""name_ar"": ""حمص مطبوخ"", ""name_en"": ""Cooked chickpeas"", ""quantity"": 160, ""unit"": ""g""}, {""name_ar"": ""بطاطس"", ""name_en"": ""Potato"", ""quantity"": 190, ""unit"": ""g""}, {""name_ar"": ""سبانخ"", ""name_en"": ""Spinach"", ""quantity"": 90, ""unit"": ""g""}, {""name_ar"": ""خيار"", ""name_en"": ""Cucumber"", ""quantity"": 70, ""unit"": ""g""}, {""name_ar"": ""زيت زيتون"", ""name_en"": ""Olive oil"", ""quantity"": 7, ""unit"": ""g""}]","[""تبّل المكونات واخبز البروتين والخضار حتى النضج، ثم قدّمها مع الحبوب أو البطاطس.""]","[""Season the ingredients, bake the protein and vegetables until done, then serve with the grain or potato.""]",[],"{""rule"": ""same meal_type; calories ±10%; protein ±8g"", ""status"": ""READY"", ""valid_substitute_ids"": [""MEAL-208"", ""MEAL-207"", ""MEAL-206"", ""MEAL-198"", ""MEAL-190""]}",images/MEAL-217.png,approved
MEAL-218,صدر دجاج مع أرز بني مطبوخ وبروكلي,Chicken breast with Cooked brown rice and Broccoli,Dinner,514,47.2,49.1,13.8,447 g,"[{""name_ar"": ""صدر دجاج"", ""name_en"": ""Chicken breast"", ""quantity"": 130, ""unit"": ""g""}, {""name_ar"": ""أرز بني مطبوخ"", ""name_en"": ""Cooked brown rice"", ""quantity"": 150, ""unit"": ""g""}, {""name_ar"": ""بروكلي"", ""name_en"": ""Broccoli"", ""quantity"": 90, ""unit"": ""g""}, {""name_ar"": ""فلفل رومي"", ""name_en"": ""Bell pepper"", ""quantity"": 70, ""unit"": ""g""}, {""name_ar"": ""زيت زيتون"", ""name_en"": ""Olive oil"", ""quantity"": 7, ""unit"": ""g""}]","[""تبّل البروتين واشوه حتى ينضج، وسخّن الحبوب والخضار، ثم رتّبها في طبق متوازن.""]","[""Season and grill the protein until cooked through, warm the grain and vegetables, then plate evenly.""]",[],"{""rule"": ""same meal_type; calories ±10%; protein ±8g"", ""status"": ""READY"", ""valid_substitute_ids"": [""MEAL-182"", ""MEAL-204"", ""MEAL-191"", ""MEAL-205"", ""MEAL-213""]}",images/MEAL-218.png,approved
MEAL-219,صدر ديك رومي مع معكرونة قمح كامل مطبوخة وسبانخ,Turkey breast with Cooked whole-wheat pasta and Spinach,Dinner,535,53.1,56.9,12.6,477 g,"[{""name_ar"": ""صدر ديك رومي"", ""name_en"": ""Turkey breast"", ""quantity"": 140, ""unit"": ""g""}, {""name_ar"": ""معكرونة قمح كامل مطبوخة"", ""name_en"": ""Cooked whole-wheat pasta"", ""quantity"": 170, ""unit"": ""g""}, {""name_ar"": ""سبانخ"", ""name_en"": ""Spinach"", ""quantity"": 90, ""unit"": ""g""}, {""name_ar"": ""خيار"", ""name_en"": ""Cucumber"", ""quantity"": 70, ""unit"": ""g""}, {""name_ar"": ""زيت زيتون"", ""name_en"": ""Olive oil"", ""quantity"": 7, ""unit"": ""g""}]","[""رتّب البروتين والخضار في صينية مع الزيت واشوِها حتى تنضج، ثم قدّمها مع الكربوهيدرات.""]","[""Arrange the protein and vegetables on a tray with oil, roast until done, and serve with the carbohydrate.""]","[""gluten""]","{""rule"": ""same meal_type; calories ±10%; protein ±8g"", ""status"": ""READY"", ""valid_substitute_ids"": [""MEAL-183"", ""MEAL-209"", ""MEAL-210"", ""MEAL-196"", ""MEAL-200""]}",images/MEAL-219.png,approved
MEAL-220,وجبة خفيفة من زبادي يوناني وموز بالبقدونس والليمون طازج,Fresh Parsley Lemon Greek yogurt Banana Snack,Snack,356,19.4,38.2,15.8,291 g,"[{""name_ar"": ""زبادي يوناني"", ""name_en"": ""Greek yogurt"", ""quantity"": 170, ""unit"": ""g""}, {""name_ar"": ""موز"", ""name_en"": ""Banana"", ""quantity"": 100, ""unit"": ""g""}, {""name_ar"": ""لوز"", ""name_en"": ""Almonds"", ""quantity"": 14, ""unit"": ""g""}, {""name_ar"": ""عسل"", ""name_en"": ""Honey"", ""quantity"": 7, ""unit"": ""g""}, {""name_ar"": ""البقدونس والليمون"", ""name_en"": ""Parsley Lemon seasoning"", ""quantity"": 2, ""unit"": ""g""}]","[""ضع الزبادي في كوب تقديم، ثم أضف الفاكهة والمكسرات والعسل بطبقات.""]","[""Spoon the yogurt into a serving cup, then layer with fruit, nuts, and honey.""]","[""milk"", ""tree nuts""]","{""rule"": ""same meal_type; calories ±10%; protein ±8g"", ""status"": ""READY"", ""valid_substitute_ids"": [""MEAL-232"", ""MEAL-244"", ""MEAL-223"", ""MEAL-227"", ""MEAL-231""]}",images/MEAL-220.png,approved
MEAL-221,وجبة خفيفة من تفاح وزبدة فول سوداني بالليمون والأعشاب محمص,Toasted Lemon Herb Apple Peanut butter Snack,Snack,317,17.6,28.9,16.6,274 g,"[{""name_ar"": ""تفاح"", ""name_en"": ""Apple"", ""quantity"": 150, ""unit"": ""g""}, {""name_ar"": ""زبدة فول سوداني"", ""name_en"": ""Peanut butter"", ""quantity"": 24, ""unit"": ""g""}, {""name_ar"": ""جبن قريش"", ""name_en"": ""Cottage cheese"", ""quantity"": 100, ""unit"": ""g""}, {""name_ar"": ""الليمون والأعشاب"", ""name_en"": ""Lemon Herb seasoning"", ""quantity"": 2, ""unit"": ""g""}]","[""حضّر المكونات وقطّع الطازج منها، ثم رتّب الحصة كاملة في طبق واحد.""]","[""Prepare and slice the fresh ingredients, then arrange the full serving on one plate.""]","[""milk"", ""peanuts""]","{""rule"": ""same meal_type; calories ±10%; protein ±8g"", ""status"": ""READY"", ""valid_substitute_ids"": [""MEAL-225"", ""MEAL-229"", ""MEAL-233"", ""MEAL-237"", ""MEAL-241""]}",images/MEAL-221.png,approved
MEAL-222,وجبة خفيفة من حمص مطبوخ وطحينة بالثوم والبابريكا مشوي,Roasted Garlic Paprika Cooked chickpeas Tahini Snack,Snack,315,14.7,42.8,11.3,315 g,"[{""name_ar"": ""حمص مطبوخ"", ""name_en"": ""Cooked chickpeas"", ""quantity"": 120, ""unit"": ""g""}, {""name_ar"": ""طحينة"", ""name_en"": ""Tahini"", ""quantity"": 15, ""unit"": ""g""}, {""name_ar"": ""خيار"", ""name_en"": ""Cucumber"", ""quantity"": 100, ""unit"": ""g""}, {""name_ar"": ""طماطم"", ""name_en"": ""Tomato"", ""quantity"": 80, ""unit"": ""g""}, {""name_ar"": ""الثوم والبابريكا"", ""name_en"": ""Garlic Paprika seasoning"", ""quantity"": 2, ""unit"": ""g""}]","[""اخلط المكونات الأساسية في وعاء، ثم رتّب الفاكهة والإضافات فوقها وقدّم فوراً.""]","[""Combine the base ingredients in a bowl, arrange the fruit and toppings, and serve immediately.""]","[""sesame""]","{""rule"": ""same meal_type; calories ±10%; protein ±8g"", ""status"": ""READY"", ""valid_substitute_ids"": [""MEAL-226"", ""MEAL-230"", ""MEAL-234"", ""MEAL-238"", ""MEAL-242""]}",images/MEAL-222.png,approved
MEAL-223,وجبة خفيفة من شوفان وتمر بالكمون والكزبرة مبرد,Chilled Cumin Coriander Oats Dates Snack,Snack,353,12.2,56.5,12.3,94 g,"[{""name_ar"": ""شوفان"", ""name_en"": ""Oats"", ""quantity"": 35, ""unit"": ""g""}, {""name_ar"": ""تمر"", ""name_en"": ""Dates"", ""quantity"": 35, ""unit"": ""g""}, {""name_ar"": ""زبدة فول سوداني"", ""name_en"": ""Peanut butter"", ""quantity"": 18, ""unit"": ""g""}, {""name_ar"": ""كاكاو غير محلى"", ""name_en"": ""Unsweetened cocoa"", ""quantity"": 6, ""unit"": ""g""}, {""name_ar"": ""الكمون والكزبرة"", ""name_en"": ""Cumin Coriander seasoning"", ""quantity"": 2, ""unit"": ""g""}]","[""اخلط المكونات حتى تتماسك، شكّلها إلى كرات متساوية، وبرّدها قبل التقديم.""]","[""Mix until cohesive, roll into equal bites, and chill before serving.""]","[""gluten"", ""peanuts""]","{""rule"": ""same meal_type; calories ±10%; protein ±8g"", ""status"": ""READY"", ""valid_substitute_ids"": [""MEAL-227"", ""MEAL-231"", ""MEAL-235"", ""MEAL-239"", ""MEAL-243""]}",images/MEAL-223.png,approved
MEAL-224,وجبة خفيفة من زبادي يوناني وتوت مشكل بإكليل الجبل والفلفل,Rosemary Pepper Greek yogurt Mixed berries Snack,Snack,317,19.0,27.4,15.8,291 g,"[{""name_ar"": ""زبادي يوناني"", ""name_en"": ""Greek yogurt"", ""quantity"": 170, ""unit"": ""g""}, {""name_ar"": ""توت مشكل"", ""name_en"": ""Mixed berries"", ""quantity"": 100, ""unit"": ""g""}, {""name_ar"": ""لوز"", ""name_en"": ""Almonds"", ""quantity"": 14, ""unit"": ""g""}, {""name_ar"": ""عسل"", ""name_en"": ""Honey"", ""quantity"": 7, ""unit"": ""g""}, {""name_ar"": ""إكليل الجبل والفلفل"", ""name_en"": ""Rosemary Pepper seasoning"", ""quantity"": 2, ""unit"": ""g""}]","[""ضع الزبادي في كوب تقديم، ثم أضف الفاكهة والمكسرات والعسل بطبقات.""]","[""Spoon the yogurt into a serving cup, then layer with fruit, nuts, and honey.""]","[""milk"", ""tree nuts""]","{""rule"": ""same meal_type; calories ±10%; protein ±8g"", ""status"": ""READY"", ""valid_substitute_ids"": [""MEAL-236"", ""MEAL-221"", ""MEAL-225"", ""MEAL-229"", ""MEAL-233""]}",images/MEAL-224.png,approved
MEAL-225,وجبة خفيفة من تفاح وزبدة فول سوداني بالسماق والنعناع طازج,Fresh Sumac Mint Apple Peanut butter Snack,Snack,317,17.6,28.9,16.6,274 g,"[{""name_ar"": ""تفاح"", ""name_en"": ""Apple"", ""quantity"": 150, ""unit"": ""g""}, {""name_ar"": ""زبدة فول سوداني"", ""name_en"": ""Peanut butter"", ""quantity"": 24, ""unit"": ""g""}, {""name_ar"": ""جبن قريش"", ""name_en"": ""Cottage cheese"", ""quantity"": 100, ""unit"": ""g""}, {""name_ar"": ""السماق والنعناع"", ""name_en"": ""Sumac Mint seasoning"", ""quantity"": 2, ""unit"": ""g""}]","[""حضّر المكونات وقطّع الطازج منها، ثم رتّب الحصة كاملة في طبق واحد.""]","[""Prepare and slice the fresh ingredients, then arrange the full serving on one plate.""]","[""milk"", ""peanuts""]","{""rule"": ""same meal_type; calories ±10%; protein ±8g"", ""status"": ""READY"", ""valid_substitute_ids"": [""MEAL-221"", ""MEAL-229"", ""MEAL-233"", ""MEAL-237"", ""MEAL-241""]}",images/MEAL-225.png,approved
MEAL-226,وجبة خفيفة من حمص مطبوخ وطحينة بالزنجبيل والليمون الأخضر محمص,Toasted Ginger Lime Cooked chickpeas Tahini Snack,Snack,315,14.7,42.8,11.3,315 g,"[{""name_ar"": ""حمص مطبوخ"", ""name_en"": ""Cooked chickpeas"", ""quantity"": 120, ""unit"": ""g""}, {""name_ar"": ""طحينة"", ""name_en"": ""Tahini"", ""quantity"": 15, ""unit"": ""g""}, {""name_ar"": ""خيار"", ""name_en"": ""Cucumber"", ""quantity"": 100, ""unit"": ""g""}, {""name_ar"": ""طماطم"", ""name_en"": ""Tomato"", ""quantity"": 80, ""unit"": ""g""}, {""name_ar"": ""الزنجبيل والليمون الأخضر"", ""name_en"": ""Ginger Lime seasoning"", ""quantity"": 2, ""unit"": ""g""}]","[""اخلط المكونات الأساسية في وعاء، ثم رتّب الفاكهة والإضافات فوقها وقدّم فوراً.""]","[""Combine the base ingredients in a bowl, arrange the fruit and toppings, and serve immediately.""]","[""sesame""]","{""rule"": ""same meal_type; calories ±10%; protein ±8g"", ""status"": ""READY"", ""valid_substitute_ids"": [""MEAL-222"", ""MEAL-230"", ""MEAL-234"", ""MEAL-238"", ""MEAL-242""]}",images/MEAL-226.png,approved
MEAL-227,وجبة خفيفة من شوفان وتمر بالشبت والحمضيات مشوي,Roasted Dill Citrus Oats Dates Snack,Snack,353,12.2,56.5,12.3,94 g,"[{""name_ar"": ""شوفان"", ""name_en"": ""Oats"", ""quantity"": 35, ""unit"": ""g""}, {""name_ar"": ""تمر"", ""name_en"": ""Dates"", ""quantity"": 35, ""unit"": ""g""}, {""name_ar"": ""زبدة فول سوداني"", ""name_en"": ""Peanut butter"", ""quantity"": 18, ""unit"": ""g""}, {""name_ar"": ""كاكاو غير محلى"", ""name_en"": ""Unsweetened cocoa"", ""quantity"": 6, ""unit"": ""g""}, {""name_ar"": ""الشبت والحمضيات"", ""name_en"": ""Dill Citrus seasoning"", ""quantity"": 2, ""unit"": ""g""}]","[""اخلط المكونات حتى تتماسك، شكّلها إلى كرات متساوية، وبرّدها قبل التقديم.""]","[""Mix until cohesive, roll into equal bites, and chill before serving.""]","[""gluten"", ""peanuts""]","{""rule"": ""same meal_type; calories ±10%; protein ±8g"", ""status"": ""READY"", ""valid_substitute_ids"": [""MEAL-223"", ""MEAL-231"", ""MEAL-235"", ""MEAL-239"", ""MEAL-243""]}",images/MEAL-227.png,approved
MEAL-228,وجبة خفيفة من زبادي يوناني وبرتقال بالريحان والأوريغانو,Basil Oregano Greek yogurt Orange Snack,Snack,314,19.2,27.2,15.6,291 g,"[{""name_ar"": ""زبادي يوناني"", ""name_en"": ""Greek yogurt"", ""quantity"": 170, ""unit"": ""g""}, {""name_ar"": ""برتقال"", ""name_en"": ""Orange"", ""quantity"": 100, ""unit"": ""g""}, {""name_ar"": ""لوز"", ""name_en"": ""Almonds"", ""quantity"": 14, ""unit"": ""g""}, {""name_ar"": ""عسل"", ""name_en"": ""Honey"", ""quantity"": 7, ""unit"": ""g""}, {""name_ar"": ""الريحان والأوريغانو"", ""name_en"": ""Basil Oregano seasoning"", ""quantity"": 2, ""unit"": ""g""}]","[""ضع الزبادي في كوب تقديم، ثم أضف الفاكهة والمكسرات والعسل بطبقات.""]","[""Spoon the yogurt into a serving cup, then layer with fruit, nuts, and honey.""]","[""milk"", ""tree nuts""]","{""rule"": ""same meal_type; calories ±10%; protein ±8g"", ""status"": ""READY"", ""valid_substitute_ids"": [""MEAL-240"", ""MEAL-222"", ""MEAL-226"", ""MEAL-230"", ""MEAL-234""]}",images/MEAL-228.png,approved
MEAL-229,وجبة خفيفة من تفاح وزبدة فول سوداني بالقرفة والفانيليا دافئ,Warm Cinnamon Vanilla Apple Peanut butter Snack,Snack,317,17.6,28.9,16.6,274 g,"[{""name_ar"": ""تفاح"", ""name_en"": ""Apple"", ""quantity"": 150, ""unit"": ""g""}, {""name_ar"": ""زبدة فول سوداني"", ""name_en"": ""Peanut butter"", ""quantity"": 24, ""unit"": ""g""}, {""name_ar"": ""جبن قريش"", ""name_en"": ""Cottage cheese"", ""quantity"": 100, ""unit"": ""g""}, {""name_ar"": ""القرفة والفانيليا"", ""name_en"": ""Cinnamon Vanilla seasoning"", ""quantity"": 2, ""unit"": ""g""}]","[""حضّر المكونات وقطّع الطازج منها، ثم رتّب الحصة كاملة في طبق واحد.""]","[""Prepare and slice the fresh ingredients, then arrange the full serving on one plate.""]","[""milk"", ""peanuts""]","{""rule"": ""same meal_type; calories ±10%; protein ±8g"", ""status"": ""READY"", ""valid_substitute_ids"": [""MEAL-221"", ""MEAL-225"", ""MEAL-233"", ""MEAL-237"", ""MEAL-241""]}",images/MEAL-229.png,approved
MEAL-230,وجبة خفيفة من حمص مطبوخ وطحينة بالهيل والسمسم طازج,Fresh Cardamom Sesame Cooked chickpeas Tahini Snack,Snack,315,14.7,42.8,11.3,315 g,"[{""name_ar"": ""حمص مطبوخ"", ""name_en"": ""Cooked chickpeas"", ""quantity"": 120, ""unit"": ""g""}, {""name_ar"": ""طحينة"", ""name_en"": ""Tahini"", ""quantity"": 15, ""unit"": ""g""}, {""name_ar"": ""خيار"", ""name_en"": ""Cucumber"", ""quantity"": 100, ""unit"": ""g""}, {""name_ar"": ""طماطم"", ""name_en"": ""Tomato"", ""quantity"": 80, ""unit"": ""g""}, {""name_ar"": ""الهيل والسمسم"", ""name_en"": ""Cardamom Sesame seasoning"", ""quantity"": 2, ""unit"": ""g""}]","[""اخلط المكونات الأساسية في وعاء، ثم رتّب الفاكهة والإضافات فوقها وقدّم فوراً.""]","[""Combine the base ingredients in a bowl, arrange the fruit and toppings, and serve immediately.""]","[""sesame""]","{""rule"": ""same meal_type; calories ±10%; protein ±8g"", ""status"": ""READY"", ""valid_substitute_ids"": [""MEAL-222"", ""MEAL-226"", ""MEAL-234"", ""MEAL-238"", ""MEAL-242""]}",images/MEAL-230.png,approved
MEAL-231,وجبة خفيفة من شوفان وتمر بالكركم والفلفل محمص,Toasted Turmeric Pepper Oats Dates Snack,Snack,353,12.2,56.5,12.3,94 g,"[{""name_ar"": ""شوفان"", ""name_en"": ""Oats"", ""quantity"": 35, ""unit"": ""g""}, {""name_ar"": ""تمر"", ""name_en"": ""Dates"", ""quantity"": 35, ""unit"": ""g""}, {""name_ar"": ""زبدة فول سوداني"", ""name_en"": ""Peanut butter"", ""quantity"": 18, ""unit"": ""g""}, {""name_ar"": ""كاكاو غير محلى"", ""name_en"": ""Unsweetened cocoa"", ""quantity"": 6, ""unit"": ""g""}, {""name_ar"": ""الكركم والفلفل"", ""name_en"": ""Turmeric Pepper seasoning"", ""quantity"": 2, ""unit"": ""g""}]","[""اخلط المكونات حتى تتماسك، شكّلها إلى كرات متساوية، وبرّدها قبل التقديم.""]","[""Mix until cohesive, roll into equal bites, and chill before serving.""]","[""gluten"", ""peanuts""]","{""rule"": ""same meal_type; calories ±10%; protein ±8g"", ""status"": ""READY"", ""valid_substitute_ids"": [""MEAL-223"", ""MEAL-227"", ""MEAL-235"", ""MEAL-239"", ""MEAL-243""]}",images/MEAL-231.png,approved
MEAL-232,وجبة خفيفة من زبادي يوناني وموز بالبقدونس والليمون مشوي,Roasted Parsley Lemon Greek yogurt Banana Snack,Snack,356,19.4,38.2,15.8,291 g,"[{""name_ar"": ""زبادي يوناني"", ""name_en"": ""Greek yogurt"", ""quantity"": 170, ""unit"": ""g""}, {""name_ar"": ""موز"", ""name_en"": ""Banana"", ""quantity"": 100, ""unit"": ""g""}, {""name_ar"": ""لوز"", ""name_en"": ""Almonds"", ""quantity"": 14, ""unit"": ""g""}, {""name_ar"": ""عسل"", ""name_en"": ""Honey"", ""quantity"": 7, ""unit"": ""g""}, {""name_ar"": ""البقدونس والليمون"", ""name_en"": ""Parsley Lemon seasoning"", ""quantity"": 2, ""unit"": ""g""}]","[""ضع الزبادي في كوب تقديم، ثم أضف الفاكهة والمكسرات والعسل بطبقات.""]","[""Spoon the yogurt into a serving cup, then layer with fruit, nuts, and honey.""]","[""milk"", ""tree nuts""]","{""rule"": ""same meal_type; calories ±10%; protein ±8g"", ""status"": ""READY"", ""valid_substitute_ids"": [""MEAL-220"", ""MEAL-244"", ""MEAL-223"", ""MEAL-227"", ""MEAL-231""]}",images/MEAL-232.png,approved
MEAL-233,وجبة خفيفة من تفاح وزبدة فول سوداني بالليمون والأعشاب مبرد,Chilled Lemon Herb Apple Peanut butter Snack,Snack,317,17.6,28.9,16.6,274 g,"[{""name_ar"": ""تفاح"", ""name_en"": ""Apple"", ""quantity"": 150, ""unit"": ""g""}, {""name_ar"": ""زبدة فول سوداني"", ""name_en"": ""Peanut butter"", ""quantity"": 24, ""unit"": ""g""}, {""name_ar"": ""جبن قريش"", ""name_en"": ""Cottage cheese"", ""quantity"": 100, ""unit"": ""g""}, {""name_ar"": ""الليمون والأعشاب"", ""name_en"": ""Lemon Herb seasoning"", ""quantity"": 2, ""unit"": ""g""}]","[""حضّر المكونات وقطّع الطازج منها، ثم رتّب الحصة كاملة في طبق واحد.""]","[""Prepare and slice the fresh ingredients, then arrange the full serving on one plate.""]","[""milk"", ""peanuts""]","{""rule"": ""same meal_type; calories ±10%; protein ±8g"", ""status"": ""READY"", ""valid_substitute_ids"": [""MEAL-221"", ""MEAL-225"", ""MEAL-229"", ""MEAL-237"", ""MEAL-241""]}",images/MEAL-233.png,approved
MEAL-234,وجبة خفيفة من حمص مطبوخ وطحينة بالثوم والبابريكا دافئ,Warm Garlic Paprika Cooked chickpeas Tahini Snack,Snack,315,14.7,42.8,11.3,315 g,"[{""name_ar"": ""حمص مطبوخ"", ""name_en"": ""Cooked chickpeas"", ""quantity"": 120, ""unit"": ""g""}, {""name_ar"": ""طحينة"", ""name_en"": ""Tahini"", ""quantity"": 15, ""unit"": ""g""}, {""name_ar"": ""خيار"", ""name_en"": ""Cucumber"", ""quantity"": 100, ""unit"": ""g""}, {""name_ar"": ""طماطم"", ""name_en"": ""Tomato"", ""quantity"": 80, ""unit"": ""g""}, {""name_ar"": ""الثوم والبابريكا"", ""name_en"": ""Garlic Paprika seasoning"", ""quantity"": 2, ""unit"": ""g""}]","[""اخلط المكونات الأساسية في وعاء، ثم رتّب الفاكهة والإضافات فوقها وقدّم فوراً.""]","[""Combine the base ingredients in a bowl, arrange the fruit and toppings, and serve immediately.""]","[""sesame""]","{""rule"": ""same meal_type; calories ±10%; protein ±8g"", ""status"": ""READY"", ""valid_substitute_ids"": [""MEAL-222"", ""MEAL-226"", ""MEAL-230"", ""MEAL-238"", ""MEAL-242""]}",images/MEAL-234.png,approved
MEAL-235,وجبة خفيفة من شوفان وتمر بالكمون والكزبرة طازج,Fresh Cumin Coriander Oats Dates Snack,Snack,353,12.2,56.5,12.3,94 g,"[{""name_ar"": ""شوفان"", ""name_en"": ""Oats"", ""quantity"": 35, ""unit"": ""g""}, {""name_ar"": ""تمر"", ""name_en"": ""Dates"", ""quantity"": 35, ""unit"": ""g""}, {""name_ar"": ""زبدة فول سوداني"", ""name_en"": ""Peanut butter"", ""quantity"": 18, ""unit"": ""g""}, {""name_ar"": ""كاكاو غير محلى"", ""name_en"": ""Unsweetened cocoa"", ""quantity"": 6, ""unit"": ""g""}, {""name_ar"": ""الكمون والكزبرة"", ""name_en"": ""Cumin Coriander seasoning"", ""quantity"": 2, ""unit"": ""g""}]","[""اخلط المكونات حتى تتماسك، شكّلها إلى كرات متساوية، وبرّدها قبل التقديم.""]","[""Mix until cohesive, roll into equal bites, and chill before serving.""]","[""gluten"", ""peanuts""]","{""rule"": ""same meal_type; calories ±10%; protein ±8g"", ""status"": ""READY"", ""valid_substitute_ids"": [""MEAL-223"", ""MEAL-227"", ""MEAL-231"", ""MEAL-239"", ""MEAL-243""]}",images/MEAL-235.png,approved
MEAL-236,وجبة خفيفة من زبادي يوناني وتوت مشكل,Greek yogurt Mixed berries Snack,Snack,317,19.0,27.4,15.8,291 g,"[{""name_ar"": ""زبادي يوناني"", ""name_en"": ""Greek yogurt"", ""quantity"": 170, ""unit"": ""g""}, {""name_ar"": ""توت مشكل"", ""name_en"": ""Mixed berries"", ""quantity"": 100, ""unit"": ""g""}, {""name_ar"": ""لوز"", ""name_en"": ""Almonds"", ""quantity"": 14, ""unit"": ""g""}, {""name_ar"": ""عسل"", ""name_en"": ""Honey"", ""quantity"": 7, ""unit"": ""g""}]","[""ضع الزبادي في كوب تقديم، ثم أضف الفاكهة والمكسرات والعسل بطبقات.""]","[""Spoon the yogurt into a serving cup, then layer with fruit, nuts, and honey.""]","[""milk"", ""tree nuts""]","{""rule"": ""same meal_type; calories ±10%; protein ±8g"", ""status"": ""READY"", ""valid_substitute_ids"": [""MEAL-224"", ""MEAL-221"", ""MEAL-225"", ""MEAL-229"", ""MEAL-233""]}",images/MEAL-236.png,approved
MEAL-237,وجبة خفيفة من تفاح وزبدة فول سوداني بالسماق والنعناع مشوي,Roasted Sumac Mint Apple Peanut butter Snack,Snack,317,17.6,28.9,16.6,274 g,"[{""name_ar"": ""تفاح"", ""name_en"": ""Apple"", ""quantity"": 150, ""unit"": ""g""}, {""name_ar"": ""زبدة فول سوداني"", ""name_en"": ""Peanut butter"", ""quantity"": 24, ""unit"": ""g""}, {""name_ar"": ""جبن قريش"", ""name_en"": ""Cottage cheese"", ""quantity"": 100, ""unit"": ""g""}, {""name_ar"": ""السماق والنعناع"", ""name_en"": ""Sumac Mint seasoning"", ""quantity"": 2, ""unit"": ""g""}]","[""حضّر المكونات وقطّع الطازج منها، ثم رتّب الحصة كاملة في طبق واحد.""]","[""Prepare and slice the fresh ingredients, then arrange the full serving on one plate.""]","[""milk"", ""peanuts""]","{""rule"": ""same meal_type; calories ±10%; protein ±8g"", ""status"": ""READY"", ""valid_substitute_ids"": [""MEAL-221"", ""MEAL-225"", ""MEAL-229"", ""MEAL-233"", ""MEAL-241""]}",images/MEAL-237.png,approved
MEAL-238,وجبة خفيفة من حمص مطبوخ وطحينة بالزنجبيل والليمون الأخضر مبرد,Chilled Ginger Lime Cooked chickpeas Tahini Snack,Snack,315,14.7,42.8,11.3,315 g,"[{""name_ar"": ""حمص مطبوخ"", ""name_en"": ""Cooked chickpeas"", ""quantity"": 120, ""unit"": ""g""}, {""name_ar"": ""طحينة"", ""name_en"": ""Tahini"", ""quantity"": 15, ""unit"": ""g""}, {""name_ar"": ""خيار"", ""name_en"": ""Cucumber"", ""quantity"": 100, ""unit"": ""g""}, {""name_ar"": ""طماطم"", ""name_en"": ""Tomato"", ""quantity"": 80, ""unit"": ""g""}, {""name_ar"": ""الزنجبيل والليمون الأخضر"", ""name_en"": ""Ginger Lime seasoning"", ""quantity"": 2, ""unit"": ""g""}]","[""اخلط المكونات الأساسية في وعاء، ثم رتّب الفاكهة والإضافات فوقها وقدّم فوراً.""]","[""Combine the base ingredients in a bowl, arrange the fruit and toppings, and serve immediately.""]","[""sesame""]","{""rule"": ""same meal_type; calories ±10%; protein ±8g"", ""status"": ""READY"", ""valid_substitute_ids"": [""MEAL-222"", ""MEAL-226"", ""MEAL-230"", ""MEAL-234"", ""MEAL-242""]}",images/MEAL-238.png,approved
MEAL-239,وجبة خفيفة من شوفان وتمر بالشبت والحمضيات دافئ,Warm Dill Citrus Oats Dates Snack,Snack,353,12.2,56.5,12.3,94 g,"[{""name_ar"": ""شوفان"", ""name_en"": ""Oats"", ""quantity"": 35, ""unit"": ""g""}, {""name_ar"": ""تمر"", ""name_en"": ""Dates"", ""quantity"": 35, ""unit"": ""g""}, {""name_ar"": ""زبدة فول سوداني"", ""name_en"": ""Peanut butter"", ""quantity"": 18, ""unit"": ""g""}, {""name_ar"": ""كاكاو غير محلى"", ""name_en"": ""Unsweetened cocoa"", ""quantity"": 6, ""unit"": ""g""}, {""name_ar"": ""الشبت والحمضيات"", ""name_en"": ""Dill Citrus seasoning"", ""quantity"": 2, ""unit"": ""g""}]","[""اخلط المكونات حتى تتماسك، شكّلها إلى كرات متساوية، وبرّدها قبل التقديم.""]","[""Mix until cohesive, roll into equal bites, and chill before serving.""]","[""gluten"", ""peanuts""]","{""rule"": ""same meal_type; calories ±10%; protein ±8g"", ""status"": ""READY"", ""valid_substitute_ids"": [""MEAL-223"", ""MEAL-227"", ""MEAL-231"", ""MEAL-235"", ""MEAL-243""]}",images/MEAL-239.png,approved
MEAL-240,وجبة خفيفة من زبادي يوناني وبرتقال,Greek yogurt Orange Snack,Snack,314,19.2,27.2,15.6,291 g,"[{""name_ar"": ""زبادي يوناني"", ""name_en"": ""Greek yogurt"", ""quantity"": 170, ""unit"": ""g""}, {""name_ar"": ""برتقال"", ""name_en"": ""Orange"", ""quantity"": 100, ""unit"": ""g""}, {""name_ar"": ""لوز"", ""name_en"": ""Almonds"", ""quantity"": 14, ""unit"": ""g""}, {""name_ar"": ""عسل"", ""name_en"": ""Honey"", ""quantity"": 7, ""unit"": ""g""}]","[""ضع الزبادي في كوب تقديم، ثم أضف الفاكهة والمكسرات والعسل بطبقات.""]","[""Spoon the yogurt into a serving cup, then layer with fruit, nuts, and honey.""]","[""milk"", ""tree nuts""]","{""rule"": ""same meal_type; calories ±10%; protein ±8g"", ""status"": ""READY"", ""valid_substitute_ids"": [""MEAL-228"", ""MEAL-222"", ""MEAL-226"", ""MEAL-230"", ""MEAL-234""]}",images/MEAL-240.png,approved
MEAL-241,وجبة خفيفة من تفاح وزبدة فول سوداني بالقرفة والفانيليا محمص,Toasted Cinnamon Vanilla Apple Peanut butter Snack,Snack,317,17.6,28.9,16.6,274 g,"[{""name_ar"": ""تفاح"", ""name_en"": ""Apple"", ""quantity"": 150, ""unit"": ""g""}, {""name_ar"": ""زبدة فول سوداني"", ""name_en"": ""Peanut butter"", ""quantity"": 24, ""unit"": ""g""}, {""name_ar"": ""جبن قريش"", ""name_en"": ""Cottage cheese"", ""quantity"": 100, ""unit"": ""g""}, {""name_ar"": ""القرفة والفانيليا"", ""name_en"": ""Cinnamon Vanilla seasoning"", ""quantity"": 2, ""unit"": ""g""}]","[""حضّر المكونات وقطّع الطازج منها، ثم رتّب الحصة كاملة في طبق واحد.""]","[""Prepare and slice the fresh ingredients, then arrange the full serving on one plate.""]","[""milk"", ""peanuts""]","{""rule"": ""same meal_type; calories ±10%; protein ±8g"", ""status"": ""READY"", ""valid_substitute_ids"": [""MEAL-221"", ""MEAL-225"", ""MEAL-229"", ""MEAL-233"", ""MEAL-237""]}",images/MEAL-241.png,approved
MEAL-242,وجبة خفيفة من حمص مطبوخ وطحينة بالهيل والسمسم مشوي,Roasted Cardamom Sesame Cooked chickpeas Tahini Snack,Snack,315,14.7,42.8,11.3,315 g,"[{""name_ar"": ""حمص مطبوخ"", ""name_en"": ""Cooked chickpeas"", ""quantity"": 120, ""unit"": ""g""}, {""name_ar"": ""طحينة"", ""name_en"": ""Tahini"", ""quantity"": 15, ""unit"": ""g""}, {""name_ar"": ""خيار"", ""name_en"": ""Cucumber"", ""quantity"": 100, ""unit"": ""g""}, {""name_ar"": ""طماطم"", ""name_en"": ""Tomato"", ""quantity"": 80, ""unit"": ""g""}, {""name_ar"": ""الهيل والسمسم"", ""name_en"": ""Cardamom Sesame seasoning"", ""quantity"": 2, ""unit"": ""g""}]","[""اخلط المكونات الأساسية في وعاء، ثم رتّب الفاكهة والإضافات فوقها وقدّم فوراً.""]","[""Combine the base ingredients in a bowl, arrange the fruit and toppings, and serve immediately.""]","[""sesame""]","{""rule"": ""same meal_type; calories ±10%; protein ±8g"", ""status"": ""READY"", ""valid_substitute_ids"": [""MEAL-222"", ""MEAL-226"", ""MEAL-230"", ""MEAL-234"", ""MEAL-238""]}",images/MEAL-242.png,approved
MEAL-243,وجبة خفيفة من شوفان وتمر بالكركم والفلفل مبرد,Chilled Turmeric Pepper Oats Dates Snack,Snack,353,12.2,56.5,12.3,94 g,"[{""name_ar"": ""شوفان"", ""name_en"": ""Oats"", ""quantity"": 35, ""unit"": ""g""}, {""name_ar"": ""تمر"", ""name_en"": ""Dates"", ""quantity"": 35, ""unit"": ""g""}, {""name_ar"": ""زبدة فول سوداني"", ""name_en"": ""Peanut butter"", ""quantity"": 18, ""unit"": ""g""}, {""name_ar"": ""كاكاو غير محلى"", ""name_en"": ""Unsweetened cocoa"", ""quantity"": 6, ""unit"": ""g""}, {""name_ar"": ""الكركم والفلفل"", ""name_en"": ""Turmeric Pepper seasoning"", ""quantity"": 2, ""unit"": ""g""}]","[""اخلط المكونات حتى تتماسك، شكّلها إلى كرات متساوية، وبرّدها قبل التقديم.""]","[""Mix until cohesive, roll into equal bites, and chill before serving.""]","[""gluten"", ""peanuts""]","{""rule"": ""same meal_type; calories ±10%; protein ±8g"", ""status"": ""READY"", ""valid_substitute_ids"": [""MEAL-223"", ""MEAL-227"", ""MEAL-231"", ""MEAL-235"", ""MEAL-239""]}",images/MEAL-243.png,approved
MEAL-244,وجبة خفيفة من زبادي يوناني وموز,Greek yogurt Banana Snack,Snack,356,19.4,38.2,15.8,291 g,"[{""name_ar"": ""زبادي يوناني"", ""name_en"": ""Greek yogurt"", ""quantity"": 170, ""unit"": ""g""}, {""name_ar"": ""موز"", ""name_en"": ""Banana"", ""quantity"": 100, ""unit"": ""g""}, {""name_ar"": ""لوز"", ""name_en"": ""Almonds"", ""quantity"": 14, ""unit"": ""g""}, {""name_ar"": ""عسل"", ""name_en"": ""Honey"", ""quantity"": 7, ""unit"": ""g""}]","[""ضع الزبادي في كوب تقديم، ثم أضف الفاكهة والمكسرات والعسل بطبقات.""]","[""Spoon the yogurt into a serving cup, then layer with fruit, nuts, and honey.""]","[""milk"", ""tree nuts""]","{""rule"": ""same meal_type; calories ±10%; protein ±8g"", ""status"": ""READY"", ""valid_substitute_ids"": [""MEAL-220"", ""MEAL-232"", ""MEAL-223"", ""MEAL-227"", ""MEAL-231""]}",images/MEAL-244.png,approved
MEAL-245,وجبة خفيفة من تفاح وزبدة فول سوداني,Apple Peanut butter Snack,Snack,317,17.6,28.9,16.6,274 g,"[{""name_ar"": ""تفاح"", ""name_en"": ""Apple"", ""quantity"": 150, ""unit"": ""g""}, {""name_ar"": ""زبدة فول سوداني"", ""name_en"": ""Peanut butter"", ""quantity"": 24, ""unit"": ""g""}, {""name_ar"": ""جبن قريش"", ""name_en"": ""Cottage cheese"", ""quantity"": 100, ""unit"": ""g""}]","[""حضّر المكونات وقطّع الطازج منها، ثم رتّب الحصة كاملة في طبق واحد.""]","[""Prepare and slice the fresh ingredients, then arrange the full serving on one plate.""]","[""milk"", ""peanuts""]","{""rule"": ""same meal_type; calories ±10%; protein ±8g"", ""status"": ""READY"", ""valid_substitute_ids"": [""MEAL-221"", ""MEAL-225"", ""MEAL-229"", ""MEAL-233"", ""MEAL-237""]}",images/MEAL-245.png,approved
MEAL-246,وجبة خفيفة من حمص مطبوخ وطحينة,Cooked chickpeas Tahini Snack,Snack,315,14.7,42.8,11.3,315 g,"[{""name_ar"": ""حمص مطبوخ"", ""name_en"": ""Cooked chickpeas"", ""quantity"": 120, ""unit"": ""g""}, {""name_ar"": ""طحينة"", ""name_en"": ""Tahini"", ""quantity"": 15, ""unit"": ""g""}, {""name_ar"": ""خيار"", ""name_en"": ""Cucumber"", ""quantity"": 100, ""unit"": ""g""}, {""name_ar"": ""طماطم"", ""name_en"": ""Tomato"", ""quantity"": 80, ""unit"": ""g""}]","[""اخلط المكونات الأساسية في وعاء، ثم رتّب الفاكهة والإضافات فوقها وقدّم فوراً.""]","[""Combine the base ingredients in a bowl, arrange the fruit and toppings, and serve immediately.""]","[""sesame""]","{""rule"": ""same meal_type; calories ±10%; protein ±8g"", ""status"": ""READY"", ""valid_substitute_ids"": [""MEAL-222"", ""MEAL-226"", ""MEAL-230"", ""MEAL-234"", ""MEAL-238""]}",images/MEAL-246.png,approved
MEAL-247,وجبة خفيفة من شوفان وتمر,Oats Dates Snack,Snack,353,12.2,56.5,12.3,94 g,"[{""name_ar"": ""شوفان"", ""name_en"": ""Oats"", ""quantity"": 35, ""unit"": ""g""}, {""name_ar"": ""تمر"", ""name_en"": ""Dates"", ""quantity"": 35, ""unit"": ""g""}, {""name_ar"": ""زبدة فول سوداني"", ""name_en"": ""Peanut butter"", ""quantity"": 18, ""unit"": ""g""}, {""name_ar"": ""كاكاو غير محلى"", ""name_en"": ""Unsweetened cocoa"", ""quantity"": 6, ""unit"": ""g""}]","[""اخلط المكونات حتى تتماسك، شكّلها إلى كرات متساوية، وبرّدها قبل التقديم.""]","[""Mix until cohesive, roll into equal bites, and chill before serving.""]","[""gluten"", ""peanuts""]","{""rule"": ""same meal_type; calories ±10%; protein ±8g"", ""status"": ""READY"", ""valid_substitute_ids"": [""MEAL-223"", ""MEAL-227"", ""MEAL-231"", ""MEAL-235"", ""MEAL-239""]}",images/MEAL-247.png,approved
MEAL-248,وقود ما قبل التمرين بالموز والشوفان 1,Banana Oat Pre-Workout Fuel 1,Pre-Workout,343,14.1,66.2,5.1,337 ml,"[{""name_ar"": ""موز"", ""name_en"": ""Banana"", ""quantity"": 110, ""unit"": ""g""}, {""name_ar"": ""شوفان"", ""name_en"": ""Oats"", ""quantity"": 35, ""unit"": ""g""}, {""name_ar"": ""حليب قليل الدسم"", ""name_en"": ""Low-fat milk"", ""quantity"": 180, ""unit"": ""g""}, {""name_ar"": ""عسل"", ""name_en"": ""Honey"", ""quantity"": 8, ""unit"": ""g""}, {""name_ar"": ""كاكاو غير محلى"", ""name_en"": ""Unsweetened cocoa"", ""quantity"": 4, ""unit"": ""g""}]","[""ضع جميع المكونات في الخلاط واخلط حتى يصبح القوام ناعماً ومتجانساً، ثم قدّم الحصة فوراً.""]","[""Blend all ingredients until smooth and uniform, then serve the complete portion immediately.""]","[""gluten"", ""milk""]","{""rule"": ""same meal_type; calories ±10%; protein ±8g"", ""status"": ""READY"", ""valid_substitute_ids"": [""MEAL-251"", ""MEAL-254"", ""MEAL-257"", ""MEAL-260"", ""MEAL-263""]}",images/MEAL-248.png,approved
MEAL-249,وقود ما قبل التمرين بالموز والشوفان 2,Banana Oat Pre-Workout Fuel 2,Pre-Workout,363,14.9,69.5,5.4,342 ml,"[{""name_ar"": ""موز"", ""name_en"": ""Banana"", ""quantity"": 110, ""unit"": ""g""}, {""name_ar"": ""شوفان"", ""name_en"": ""Oats"", ""quantity"": 40, ""unit"": ""g""}, {""name_ar"": ""حليب قليل الدسم"", ""name_en"": ""Low-fat milk"", ""quantity"": 180, ""unit"": ""g""}, {""name_ar"": ""عسل"", ""name_en"": ""Honey"", ""quantity"": 8, ""unit"": ""g""}, {""name_ar"": ""كاكاو غير محلى"", ""name_en"": ""Unsweetened cocoa"", ""quantity"": 4, ""unit"": ""g""}]","[""ضع جميع المكونات في الخلاط واخلط حتى يصبح القوام ناعماً ومتجانساً، ثم قدّم الحصة فوراً.""]","[""Blend all ingredients until smooth and uniform, then serve the complete portion immediately.""]","[""gluten"", ""milk""]","{""rule"": ""same meal_type; calories ±10%; protein ±8g"", ""status"": ""READY"", ""valid_substitute_ids"": [""MEAL-252"", ""MEAL-255"", ""MEAL-258"", ""MEAL-261"", ""MEAL-250""]}",images/MEAL-249.png,approved
MEAL-250,وقود ما قبل التمرين بالموز والشوفان 3,Banana Oat Pre-Workout Fuel 3,Pre-Workout,382,15.7,72.8,5.8,347 ml,"[{""name_ar"": ""موز"", ""name_en"": ""Banana"", ""quantity"": 110, ""unit"": ""g""}, {""name_ar"": ""شوفان"", ""name_en"": ""Oats"", ""quantity"": 45, ""unit"": ""g""}, {""name_ar"": ""حليب قليل الدسم"", ""name_en"": ""Low-fat milk"", ""quantity"": 180, ""unit"": ""g""}, {""name_ar"": ""عسل"", ""name_en"": ""Honey"", ""quantity"": 8, ""unit"": ""g""}, {""name_ar"": ""كاكاو غير محلى"", ""name_en"": ""Unsweetened cocoa"", ""quantity"": 4, ""unit"": ""g""}]","[""ضع جميع المكونات في الخلاط واخلط حتى يصبح القوام ناعماً ومتجانساً، ثم قدّم الحصة فوراً.""]","[""Blend all ingredients until smooth and uniform, then serve the complete portion immediately.""]","[""gluten"", ""milk""]","{""rule"": ""same meal_type; calories ±10%; protein ±8g"", ""status"": ""READY"", ""valid_substitute_ids"": [""MEAL-253"", ""MEAL-256"", ""MEAL-259"", ""MEAL-262"", ""MEAL-249""]}",images/MEAL-250.png,approved
MEAL-251,وقود ما قبل التمرين بالموز والشوفان 4,Banana Oat Pre-Workout Fuel 4,Pre-Workout,343,14.1,66.2,5.1,337 ml,"[{""name_ar"": ""موز"", ""name_en"": ""Banana"", ""quantity"": 110, ""unit"": ""g""}, {""name_ar"": ""شوفان"", ""name_en"": ""Oats"", ""quantity"": 35, ""unit"": ""g""}, {""name_ar"": ""حليب قليل الدسم"", ""name_en"": ""Low-fat milk"", ""quantity"": 180, ""unit"": ""g""}, {""name_ar"": ""عسل"", ""name_en"": ""Honey"", ""quantity"": 8, ""unit"": ""g""}, {""name_ar"": ""كاكاو غير محلى"", ""name_en"": ""Unsweetened cocoa"", ""quantity"": 4, ""unit"": ""g""}]","[""ضع جميع المكونات في الخلاط واخلط حتى يصبح القوام ناعماً ومتجانساً، ثم قدّم الحصة فوراً.""]","[""Blend all ingredients until smooth and uniform, then serve the complete portion immediately.""]","[""gluten"", ""milk""]","{""rule"": ""same meal_type; calories ±10%; protein ±8g"", ""status"": ""READY"", ""valid_substitute_ids"": [""MEAL-248"", ""MEAL-254"", ""MEAL-257"", ""MEAL-260"", ""MEAL-263""]}",images/MEAL-251.png,approved
MEAL-252,وقود ما قبل التمرين بالموز والشوفان 5,Banana Oat Pre-Workout Fuel 5,Pre-Workout,363,14.9,69.5,5.4,342 ml,"[{""name_ar"": ""موز"", ""name_en"": ""Banana"", ""quantity"": 110, ""unit"": ""g""}, {""name_ar"": ""شوفان"", ""name_en"": ""Oats"", ""quantity"": 40, ""unit"": ""g""}, {""name_ar"": ""حليب قليل الدسم"", ""name_en"": ""Low-fat milk"", ""quantity"": 180, ""unit"": ""g""}, {""name_ar"": ""عسل"", ""name_en"": ""Honey"", ""quantity"": 8, ""unit"": ""g""}, {""name_ar"": ""كاكاو غير محلى"", ""name_en"": ""Unsweetened cocoa"", ""quantity"": 4, ""unit"": ""g""}]","[""ضع جميع المكونات في الخلاط واخلط حتى يصبح القوام ناعماً ومتجانساً، ثم قدّم الحصة فوراً.""]","[""Blend all ingredients until smooth and uniform, then serve the complete portion immediately.""]","[""gluten"", ""milk""]","{""rule"": ""same meal_type; calories ±10%; protein ±8g"", ""status"": ""READY"", ""valid_substitute_ids"": [""MEAL-249"", ""MEAL-255"", ""MEAL-258"", ""MEAL-261"", ""MEAL-250""]}",images/MEAL-252.png,approved
MEAL-253,وقود ما قبل التمرين بالموز والشوفان 6,Banana Oat Pre-Workout Fuel 6,Pre-Workout,382,15.7,72.8,5.8,347 ml,"[{""name_ar"": ""موز"", ""name_en"": ""Banana"", ""quantity"": 110, ""unit"": ""g""}, {""name_ar"": ""شوفان"", ""name_en"": ""Oats"", ""quantity"": 45, ""unit"": ""g""}, {""name_ar"": ""حليب قليل الدسم"", ""name_en"": ""Low-fat milk"", ""quantity"": 180, ""unit"": ""g""}, {""name_ar"": ""عسل"", ""name_en"": ""Honey"", ""quantity"": 8, ""unit"": ""g""}, {""name_ar"": ""كاكاو غير محلى"", ""name_en"": ""Unsweetened cocoa"", ""quantity"": 4, ""unit"": ""g""}]","[""ضع جميع المكونات في الخلاط واخلط حتى يصبح القوام ناعماً ومتجانساً، ثم قدّم الحصة فوراً.""]","[""Blend all ingredients until smooth and uniform, then serve the complete portion immediately.""]","[""gluten"", ""milk""]","{""rule"": ""same meal_type; calories ±10%; protein ±8g"", ""status"": ""READY"", ""valid_substitute_ids"": [""MEAL-250"", ""MEAL-256"", ""MEAL-259"", ""MEAL-262"", ""MEAL-249""]}",images/MEAL-253.png,approved
MEAL-254,وقود ما قبل التمرين بالموز والشوفان 7,Banana Oat Pre-Workout Fuel 7,Pre-Workout,343,14.1,66.2,5.1,337 ml,"[{""name_ar"": ""موز"", ""name_en"": ""Banana"", ""quantity"": 110, ""unit"": ""g""}, {""name_ar"": ""شوفان"", ""name_en"": ""Oats"", ""quantity"": 35, ""unit"": ""g""}, {""name_ar"": ""حليب قليل الدسم"", ""name_en"": ""Low-fat milk"", ""quantity"": 180, ""unit"": ""g""}, {""name_ar"": ""عسل"", ""name_en"": ""Honey"", ""quantity"": 8, ""unit"": ""g""}, {""name_ar"": ""كاكاو غير محلى"", ""name_en"": ""Unsweetened cocoa"", ""quantity"": 4, ""unit"": ""g""}]","[""ضع جميع المكونات في الخلاط واخلط حتى يصبح القوام ناعماً ومتجانساً، ثم قدّم الحصة فوراً.""]","[""Blend all ingredients until smooth and uniform, then serve the complete portion immediately.""]","[""gluten"", ""milk""]","{""rule"": ""same meal_type; calories ±10%; protein ±8g"", ""status"": ""READY"", ""valid_substitute_ids"": [""MEAL-248"", ""MEAL-251"", ""MEAL-257"", ""MEAL-260"", ""MEAL-263""]}",images/MEAL-254.png,approved
MEAL-255,وقود ما قبل التمرين بالموز والشوفان 8,Banana Oat Pre-Workout Fuel 8,Pre-Workout,363,14.9,69.5,5.4,342 ml,"[{""name_ar"": ""موز"", ""name_en"": ""Banana"", ""quantity"": 110, ""unit"": ""g""}, {""name_ar"": ""شوفان"", ""name_en"": ""Oats"", ""quantity"": 40, ""unit"": ""g""}, {""name_ar"": ""حليب قليل الدسم"", ""name_en"": ""Low-fat milk"", ""quantity"": 180, ""unit"": ""g""}, {""name_ar"": ""عسل"", ""name_en"": ""Honey"", ""quantity"": 8, ""unit"": ""g""}, {""name_ar"": ""كاكاو غير محلى"", ""name_en"": ""Unsweetened cocoa"", ""quantity"": 4, ""unit"": ""g""}]","[""ضع جميع المكونات في الخلاط واخلط حتى يصبح القوام ناعماً ومتجانساً، ثم قدّم الحصة فوراً.""]","[""Blend all ingredients until smooth and uniform, then serve the complete portion immediately.""]","[""gluten"", ""milk""]","{""rule"": ""same meal_type; calories ±10%; protein ±8g"", ""status"": ""READY"", ""valid_substitute_ids"": [""MEAL-249"", ""MEAL-252"", ""MEAL-258"", ""MEAL-261"", ""MEAL-250""]}",images/MEAL-255.png,approved
MEAL-256,وقود ما قبل التمرين بالموز والشوفان 9,Banana Oat Pre-Workout Fuel 9,Pre-Workout,382,15.7,72.8,5.8,347 ml,"[{""name_ar"": ""موز"", ""name_en"": ""Banana"", ""quantity"": 110, ""unit"": ""g""}, {""name_ar"": ""شوفان"", ""name_en"": ""Oats"", ""quantity"": 45, ""unit"": ""g""}, {""name_ar"": ""حليب قليل الدسم"", ""name_en"": ""Low-fat milk"", ""quantity"": 180, ""unit"": ""g""}, {""name_ar"": ""عسل"", ""name_en"": ""Honey"", ""quantity"": 8, ""unit"": ""g""}, {""name_ar"": ""كاكاو غير محلى"", ""name_en"": ""Unsweetened cocoa"", ""quantity"": 4, ""unit"": ""g""}]","[""ضع جميع المكونات في الخلاط واخلط حتى يصبح القوام ناعماً ومتجانساً، ثم قدّم الحصة فوراً.""]","[""Blend all ingredients until smooth and uniform, then serve the complete portion immediately.""]","[""gluten"", ""milk""]","{""rule"": ""same meal_type; calories ±10%; protein ±8g"", ""status"": ""READY"", ""valid_substitute_ids"": [""MEAL-250"", ""MEAL-253"", ""MEAL-259"", ""MEAL-262"", ""MEAL-249""]}",images/MEAL-256.png,approved
MEAL-257,وقود ما قبل التمرين بالموز والشوفان 10,Banana Oat Pre-Workout Fuel 10,Pre-Workout,343,14.1,66.2,5.1,337 ml,"[{""name_ar"": ""موز"", ""name_en"": ""Banana"", ""quantity"": 110, ""unit"": ""g""}, {""name_ar"": ""شوفان"", ""name_en"": ""Oats"", ""quantity"": 35, ""unit"": ""g""}, {""name_ar"": ""حليب قليل الدسم"", ""name_en"": ""Low-fat milk"", ""quantity"": 180, ""unit"": ""g""}, {""name_ar"": ""عسل"", ""name_en"": ""Honey"", ""quantity"": 8, ""unit"": ""g""}, {""name_ar"": ""كاكاو غير محلى"", ""name_en"": ""Unsweetened cocoa"", ""quantity"": 4, ""unit"": ""g""}]","[""ضع جميع المكونات في الخلاط واخلط حتى يصبح القوام ناعماً ومتجانساً، ثم قدّم الحصة فوراً.""]","[""Blend all ingredients until smooth and uniform, then serve the complete portion immediately.""]","[""gluten"", ""milk""]","{""rule"": ""same meal_type; calories ±10%; protein ±8g"", ""status"": ""READY"", ""valid_substitute_ids"": [""MEAL-248"", ""MEAL-251"", ""MEAL-254"", ""MEAL-260"", ""MEAL-263""]}",images/MEAL-257.png,approved
MEAL-258,وقود ما قبل التمرين بالموز والشوفان 11,Banana Oat Pre-Workout Fuel 11,Pre-Workout,363,14.9,69.5,5.4,342 ml,"[{""name_ar"": ""موز"", ""name_en"": ""Banana"", ""quantity"": 110, ""unit"": ""g""}, {""name_ar"": ""شوفان"", ""name_en"": ""Oats"", ""quantity"": 40, ""unit"": ""g""}, {""name_ar"": ""حليب قليل الدسم"", ""name_en"": ""Low-fat milk"", ""quantity"": 180, ""unit"": ""g""}, {""name_ar"": ""عسل"", ""name_en"": ""Honey"", ""quantity"": 8, ""unit"": ""g""}, {""name_ar"": ""كاكاو غير محلى"", ""name_en"": ""Unsweetened cocoa"", ""quantity"": 4, ""unit"": ""g""}]","[""ضع جميع المكونات في الخلاط واخلط حتى يصبح القوام ناعماً ومتجانساً، ثم قدّم الحصة فوراً.""]","[""Blend all ingredients until smooth and uniform, then serve the complete portion immediately.""]","[""gluten"", ""milk""]","{""rule"": ""same meal_type; calories ±10%; protein ±8g"", ""status"": ""READY"", ""valid_substitute_ids"": [""MEAL-249"", ""MEAL-252"", ""MEAL-255"", ""MEAL-261"", ""MEAL-250""]}",images/MEAL-258.png,approved
MEAL-259,وقود ما قبل التمرين بالموز والشوفان 12,Banana Oat Pre-Workout Fuel 12,Pre-Workout,382,15.7,72.8,5.8,347 ml,"[{""name_ar"": ""موز"", ""name_en"": ""Banana"", ""quantity"": 110, ""unit"": ""g""}, {""name_ar"": ""شوفان"", ""name_en"": ""Oats"", ""quantity"": 45, ""unit"": ""g""}, {""name_ar"": ""حليب قليل الدسم"", ""name_en"": ""Low-fat milk"", ""quantity"": 180, ""unit"": ""g""}, {""name_ar"": ""عسل"", ""name_en"": ""Honey"", ""quantity"": 8, ""unit"": ""g""}, {""name_ar"": ""كاكاو غير محلى"", ""name_en"": ""Unsweetened cocoa"", ""quantity"": 4, ""unit"": ""g""}]","[""ضع جميع المكونات في الخلاط واخلط حتى يصبح القوام ناعماً ومتجانساً، ثم قدّم الحصة فوراً.""]","[""Blend all ingredients until smooth and uniform, then serve the complete portion immediately.""]","[""gluten"", ""milk""]","{""rule"": ""same meal_type; calories ±10%; protein ±8g"", ""status"": ""READY"", ""valid_substitute_ids"": [""MEAL-250"", ""MEAL-253"", ""MEAL-256"", ""MEAL-262"", ""MEAL-249""]}",images/MEAL-259.png,approved
MEAL-260,وقود ما قبل التمرين بالموز والشوفان 13,Banana Oat Pre-Workout Fuel 13,Pre-Workout,343,14.1,66.2,5.1,337 ml,"[{""name_ar"": ""موز"", ""name_en"": ""Banana"", ""quantity"": 110, ""unit"": ""g""}, {""name_ar"": ""شوفان"", ""name_en"": ""Oats"", ""quantity"": 35, ""unit"": ""g""}, {""name_ar"": ""حليب قليل الدسم"", ""name_en"": ""Low-fat milk"", ""quantity"": 180, ""unit"": ""g""}, {""name_ar"": ""عسل"", ""name_en"": ""Honey"", ""quantity"": 8, ""unit"": ""g""}, {""name_ar"": ""كاكاو غير محلى"", ""name_en"": ""Unsweetened cocoa"", ""quantity"": 4, ""unit"": ""g""}]","[""ضع جميع المكونات في الخلاط واخلط حتى يصبح القوام ناعماً ومتجانساً، ثم قدّم الحصة فوراً.""]","[""Blend all ingredients until smooth and uniform, then serve the complete portion immediately.""]","[""gluten"", ""milk""]","{""rule"": ""same meal_type; calories ±10%; protein ±8g"", ""status"": ""READY"", ""valid_substitute_ids"": [""MEAL-248"", ""MEAL-251"", ""MEAL-254"", ""MEAL-257"", ""MEAL-263""]}",images/MEAL-260.png,approved
MEAL-261,وقود ما قبل التمرين بالموز والشوفان 14,Banana Oat Pre-Workout Fuel 14,Pre-Workout,363,14.9,69.5,5.4,342 ml,"[{""name_ar"": ""موز"", ""name_en"": ""Banana"", ""quantity"": 110, ""unit"": ""g""}, {""name_ar"": ""شوفان"", ""name_en"": ""Oats"", ""quantity"": 40, ""unit"": ""g""}, {""name_ar"": ""حليب قليل الدسم"", ""name_en"": ""Low-fat milk"", ""quantity"": 180, ""unit"": ""g""}, {""name_ar"": ""عسل"", ""name_en"": ""Honey"", ""quantity"": 8, ""unit"": ""g""}, {""name_ar"": ""كاكاو غير محلى"", ""name_en"": ""Unsweetened cocoa"", ""quantity"": 4, ""unit"": ""g""}]","[""ضع جميع المكونات في الخلاط واخلط حتى يصبح القوام ناعماً ومتجانساً، ثم قدّم الحصة فوراً.""]","[""Blend all ingredients until smooth and uniform, then serve the complete portion immediately.""]","[""gluten"", ""milk""]","{""rule"": ""same meal_type; calories ±10%; protein ±8g"", ""status"": ""READY"", ""valid_substitute_ids"": [""MEAL-249"", ""MEAL-252"", ""MEAL-255"", ""MEAL-258"", ""MEAL-250""]}",images/MEAL-261.png,approved
MEAL-262,وقود ما قبل التمرين بالموز والشوفان 15,Banana Oat Pre-Workout Fuel 15,Pre-Workout,382,15.7,72.8,5.8,347 ml,"[{""name_ar"": ""موز"", ""name_en"": ""Banana"", ""quantity"": 110, ""unit"": ""g""}, {""name_ar"": ""شوفان"", ""name_en"": ""Oats"", ""quantity"": 45, ""unit"": ""g""}, {""name_ar"": ""حليب قليل الدسم"", ""name_en"": ""Low-fat milk"", ""quantity"": 180, ""unit"": ""g""}, {""name_ar"": ""عسل"", ""name_en"": ""Honey"", ""quantity"": 8, ""unit"": ""g""}, {""name_ar"": ""كاكاو غير محلى"", ""name_en"": ""Unsweetened cocoa"", ""quantity"": 4, ""unit"": ""g""}]","[""ضع جميع المكونات في الخلاط واخلط حتى يصبح القوام ناعماً ومتجانساً، ثم قدّم الحصة فوراً.""]","[""Blend all ingredients until smooth and uniform, then serve the complete portion immediately.""]","[""gluten"", ""milk""]","{""rule"": ""same meal_type; calories ±10%; protein ±8g"", ""status"": ""READY"", ""valid_substitute_ids"": [""MEAL-250"", ""MEAL-253"", ""MEAL-256"", ""MEAL-259"", ""MEAL-249""]}",images/MEAL-262.png,approved
MEAL-263,وقود ما قبل التمرين بالموز والشوفان 16,Banana Oat Pre-Workout Fuel 16,Pre-Workout,343,14.1,66.2,5.1,337 ml,"[{""name_ar"": ""موز"", ""name_en"": ""Banana"", ""quantity"": 110, ""unit"": ""g""}, {""name_ar"": ""شوفان"", ""name_en"": ""Oats"", ""quantity"": 35, ""unit"": ""g""}, {""name_ar"": ""حليب قليل الدسم"", ""name_en"": ""Low-fat milk"", ""quantity"": 180, ""unit"": ""g""}, {""name_ar"": ""عسل"", ""name_en"": ""Honey"", ""quantity"": 8, ""unit"": ""g""}, {""name_ar"": ""كاكاو غير محلى"", ""name_en"": ""Unsweetened cocoa"", ""quantity"": 4, ""unit"": ""g""}]","[""ضع جميع المكونات في الخلاط واخلط حتى يصبح القوام ناعماً ومتجانساً، ثم قدّم الحصة فوراً.""]","[""Blend all ingredients until smooth and uniform, then serve the complete portion immediately.""]","[""gluten"", ""milk""]","{""rule"": ""same meal_type; calories ±10%; protein ±8g"", ""status"": ""READY"", ""valid_substitute_ids"": [""MEAL-248"", ""MEAL-251"", ""MEAL-254"", ""MEAL-257"", ""MEAL-260""]}",images/MEAL-263.png,approved
MEAL-264,مشروب الاستشفاء البروتيني مع موز بالريحان والأوريغانو دافئ,Warm Basil Oregano Banana Protein Recovery Shake,Post-Workout,507,41.1,68.8,9.5,443 ml,"[{""name_ar"": ""مسحوق بروتين مصل الحليب"", ""name_en"": ""Whey protein powder"", ""quantity"": 30, ""unit"": ""g""}, {""name_ar"": ""موز"", ""name_en"": ""Banana"", ""quantity"": 120, ""unit"": ""g""}, {""name_ar"": ""شوفان"", ""name_en"": ""Oats"", ""quantity"": 35, ""unit"": ""g""}, {""name_ar"": ""حليب قليل الدسم"", ""name_en"": ""Low-fat milk"", ""quantity"": 250, ""unit"": ""g""}, {""name_ar"": ""بذور الشيا"", ""name_en"": ""Chia seeds"", ""quantity"": 8, ""unit"": ""g""}, {""name_ar"": ""الريحان والأوريغانو"", ""name_en"": ""Basil Oregano seasoning"", ""quantity"": 2, ""unit"": ""g""}]","[""ضع جميع المكونات في الخلاط واخلط حتى يصبح القوام ناعماً ومتجانساً، ثم قدّم الحصة فوراً.""]","[""Blend all ingredients until smooth and uniform, then serve the complete portion immediately.""]","[""gluten"", ""milk""]","{""rule"": ""same meal_type; calories ±10%; protein ±8g"", ""status"": ""READY"", ""valid_substitute_ids"": [""MEAL-267"", ""MEAL-270"", ""MEAL-273"", ""MEAL-276"", ""MEAL-279""]}",images/MEAL-264.png,approved
MEAL-265,مشروب الاستشفاء البروتيني مع توت مشكل بالقرفة والفانيليا طازج,Fresh Cinnamon Vanilla Mixed berries Protein Recovery Shake,Post-Workout,460,40.6,55.9,9.5,443 ml,"[{""name_ar"": ""مسحوق بروتين مصل الحليب"", ""name_en"": ""Whey protein powder"", ""quantity"": 30, ""unit"": ""g""}, {""name_ar"": ""توت مشكل"", ""name_en"": ""Mixed berries"", ""quantity"": 120, ""unit"": ""g""}, {""name_ar"": ""شوفان"", ""name_en"": ""Oats"", ""quantity"": 35, ""unit"": ""g""}, {""name_ar"": ""حليب قليل الدسم"", ""name_en"": ""Low-fat milk"", ""quantity"": 250, ""unit"": ""g""}, {""name_ar"": ""بذور الشيا"", ""name_en"": ""Chia seeds"", ""quantity"": 8, ""unit"": ""g""}, {""name_ar"": ""القرفة والفانيليا"", ""name_en"": ""Cinnamon Vanilla seasoning"", ""quantity"": 2, ""unit"": ""g""}]","[""ضع جميع المكونات في الخلاط واخلط حتى يصبح القوام ناعماً ومتجانساً، ثم قدّم الحصة فوراً.""]","[""Blend all ingredients until smooth and uniform, then serve the complete portion immediately.""]","[""gluten"", ""milk""]","{""rule"": ""same meal_type; calories ±10%; protein ±8g"", ""status"": ""READY"", ""valid_substitute_ids"": [""MEAL-268"", ""MEAL-271"", ""MEAL-274"", ""MEAL-277"", ""MEAL-280""]}",images/MEAL-265.png,approved
MEAL-266,مشروب الاستشفاء البروتيني مع برتقال بالهيل والسمسم محمص,Toasted Cardamom Sesame Orange Protein Recovery Shake,Post-Workout,456,40.8,55.6,9.3,443 ml,"[{""name_ar"": ""مسحوق بروتين مصل الحليب"", ""name_en"": ""Whey protein powder"", ""quantity"": 30, ""unit"": ""g""}, {""name_ar"": ""برتقال"", ""name_en"": ""Orange"", ""quantity"": 120, ""unit"": ""g""}, {""name_ar"": ""شوفان"", ""name_en"": ""Oats"", ""quantity"": 35, ""unit"": ""g""}, {""name_ar"": ""حليب قليل الدسم"", ""name_en"": ""Low-fat milk"", ""quantity"": 250, ""unit"": ""g""}, {""name_ar"": ""بذور الشيا"", ""name_en"": ""Chia seeds"", ""quantity"": 8, ""unit"": ""g""}, {""name_ar"": ""الهيل والسمسم"", ""name_en"": ""Cardamom Sesame seasoning"", ""quantity"": 2, ""unit"": ""g""}]","[""ضع جميع المكونات في الخلاط واخلط حتى يصبح القوام ناعماً ومتجانساً، ثم قدّم الحصة فوراً.""]","[""Blend all ingredients until smooth and uniform, then serve the complete portion immediately.""]","[""gluten"", ""milk""]","{""rule"": ""same meal_type; calories ±10%; protein ±8g"", ""status"": ""READY"", ""valid_substitute_ids"": [""MEAL-269"", ""MEAL-272"", ""MEAL-275"", ""MEAL-278"", ""MEAL-281""]}",images/MEAL-266.png,approved
MEAL-267,مشروب الاستشفاء البروتيني مع موز بالكركم والفلفل مشوي,Roasted Turmeric Pepper Banana Protein Recovery Shake,Post-Workout,507,41.1,68.8,9.5,443 ml,"[{""name_ar"": ""مسحوق بروتين مصل الحليب"", ""name_en"": ""Whey protein powder"", ""quantity"": 30, ""unit"": ""g""}, {""name_ar"": ""موز"", ""name_en"": ""Banana"", ""quantity"": 120, ""unit"": ""g""}, {""name_ar"": ""شوفان"", ""name_en"": ""Oats"", ""quantity"": 35, ""unit"": ""g""}, {""name_ar"": ""حليب قليل الدسم"", ""name_en"": ""Low-fat milk"", ""quantity"": 250, ""unit"": ""g""}, {""name_ar"": ""بذور الشيا"", ""name_en"": ""Chia seeds"", ""quantity"": 8, ""unit"": ""g""}, {""name_ar"": ""الكركم والفلفل"", ""name_en"": ""Turmeric Pepper seasoning"", ""quantity"": 2, ""unit"": ""g""}]","[""ضع جميع المكونات في الخلاط واخلط حتى يصبح القوام ناعماً ومتجانساً، ثم قدّم الحصة فوراً.""]","[""Blend all ingredients until smooth and uniform, then serve the complete portion immediately.""]","[""gluten"", ""milk""]","{""rule"": ""same meal_type; calories ±10%; protein ±8g"", ""status"": ""READY"", ""valid_substitute_ids"": [""MEAL-264"", ""MEAL-270"", ""MEAL-273"", ""MEAL-276"", ""MEAL-279""]}",images/MEAL-267.png,approved
MEAL-268,مشروب الاستشفاء البروتيني مع توت مشكل بالبقدونس والليمون مبرد,Chilled Parsley Lemon Mixed berries Protein Recovery Shake,Post-Workout,460,40.6,55.9,9.5,443 ml,"[{""name_ar"": ""مسحوق بروتين مصل الحليب"", ""name_en"": ""Whey protein powder"", ""quantity"": 30, ""unit"": ""g""}, {""name_ar"": ""توت مشكل"", ""name_en"": ""Mixed berries"", ""quantity"": 120, ""unit"": ""g""}, {""name_ar"": ""شوفان"", ""name_en"": ""Oats"", ""quantity"": 35, ""unit"": ""g""}, {""name_ar"": ""حليب قليل الدسم"", ""name_en"": ""Low-fat milk"", ""quantity"": 250, ""unit"": ""g""}, {""name_ar"": ""بذور الشيا"", ""name_en"": ""Chia seeds"", ""quantity"": 8, ""unit"": ""g""}, {""name_ar"": ""البقدونس والليمون"", ""name_en"": ""Parsley Lemon seasoning"", ""quantity"": 2, ""unit"": ""g""}]","[""ضع جميع المكونات في الخلاط واخلط حتى يصبح القوام ناعماً ومتجانساً، ثم قدّم الحصة فوراً.""]","[""Blend all ingredients until smooth and uniform, then serve the complete portion immediately.""]","[""gluten"", ""milk""]","{""rule"": ""same meal_type; calories ±10%; protein ±8g"", ""status"": ""READY"", ""valid_substitute_ids"": [""MEAL-265"", ""MEAL-271"", ""MEAL-274"", ""MEAL-277"", ""MEAL-280""]}",images/MEAL-268.png,approved
MEAL-269,مشروب الاستشفاء البروتيني مع برتقال بالليمون والأعشاب,Lemon Herb Orange Protein Recovery Shake,Post-Workout,456,40.8,55.6,9.3,443 ml,"[{""name_ar"": ""مسحوق بروتين مصل الحليب"", ""name_en"": ""Whey protein powder"", ""quantity"": 30, ""unit"": ""g""}, {""name_ar"": ""برتقال"", ""name_en"": ""Orange"", ""quantity"": 120, ""unit"": ""g""}, {""name_ar"": ""شوفان"", ""name_en"": ""Oats"", ""quantity"": 35, ""unit"": ""g""}, {""name_ar"": ""حليب قليل الدسم"", ""name_en"": ""Low-fat milk"", ""quantity"": 250, ""unit"": ""g""}, {""name_ar"": ""بذور الشيا"", ""name_en"": ""Chia seeds"", ""quantity"": 8, ""unit"": ""g""}, {""name_ar"": ""الليمون والأعشاب"", ""name_en"": ""Lemon Herb seasoning"", ""quantity"": 2, ""unit"": ""g""}]","[""ضع جميع المكونات في الخلاط واخلط حتى يصبح القوام ناعماً ومتجانساً، ثم قدّم الحصة فوراً.""]","[""Blend all ingredients until smooth and uniform, then serve the complete portion immediately.""]","[""gluten"", ""milk""]","{""rule"": ""same meal_type; calories ±10%; protein ±8g"", ""status"": ""READY"", ""valid_substitute_ids"": [""MEAL-266"", ""MEAL-272"", ""MEAL-275"", ""MEAL-278"", ""MEAL-281""]}",images/MEAL-269.png,approved
MEAL-270,مشروب الاستشفاء البروتيني مع موز بالثوم والبابريكا,Garlic Paprika Banana Protein Recovery Shake,Post-Workout,507,41.1,68.8,9.5,443 ml,"[{""name_ar"": ""مسحوق بروتين مصل الحليب"", ""name_en"": ""Whey protein powder"", ""quantity"": 30, ""unit"": ""g""}, {""name_ar"": ""موز"", ""name_en"": ""Banana"", ""quantity"": 120, ""unit"": ""g""}, {""name_ar"": ""شوفان"", ""name_en"": ""Oats"", ""quantity"": 35, ""unit"": ""g""}, {""name_ar"": ""حليب قليل الدسم"", ""name_en"": ""Low-fat milk"", ""quantity"": 250, ""unit"": ""g""}, {""name_ar"": ""بذور الشيا"", ""name_en"": ""Chia seeds"", ""quantity"": 8, ""unit"": ""g""}, {""name_ar"": ""الثوم والبابريكا"", ""name_en"": ""Garlic Paprika seasoning"", ""quantity"": 2, ""unit"": ""g""}]","[""ضع جميع المكونات في الخلاط واخلط حتى يصبح القوام ناعماً ومتجانساً، ثم قدّم الحصة فوراً.""]","[""Blend all ingredients until smooth and uniform, then serve the complete portion immediately.""]","[""gluten"", ""milk""]","{""rule"": ""same meal_type; calories ±10%; protein ±8g"", ""status"": ""READY"", ""valid_substitute_ids"": [""MEAL-264"", ""MEAL-267"", ""MEAL-273"", ""MEAL-276"", ""MEAL-279""]}",images/MEAL-270.png,approved
MEAL-271,مشروب الاستشفاء البروتيني مع توت مشكل بالكمون والكزبرة,Cumin Coriander Mixed berries Protein Recovery Shake,Post-Workout,460,40.6,55.9,9.5,443 ml,"[{""name_ar"": ""مسحوق بروتين مصل الحليب"", ""name_en"": ""Whey protein powder"", ""quantity"": 30, ""unit"": ""g""}, {""name_ar"": ""توت مشكل"", ""name_en"": ""Mixed berries"", ""quantity"": 120, ""unit"": ""g""}, {""name_ar"": ""شوفان"", ""name_en"": ""Oats"", ""quantity"": 35, ""unit"": ""g""}, {""name_ar"": ""حليب قليل الدسم"", ""name_en"": ""Low-fat milk"", ""quantity"": 250, ""unit"": ""g""}, {""name_ar"": ""بذور الشيا"", ""name_en"": ""Chia seeds"", ""quantity"": 8, ""unit"": ""g""}, {""name_ar"": ""الكمون والكزبرة"", ""name_en"": ""Cumin Coriander seasoning"", ""quantity"": 2, ""unit"": ""g""}]","[""ضع جميع المكونات في الخلاط واخلط حتى يصبح القوام ناعماً ومتجانساً، ثم قدّم الحصة فوراً.""]","[""Blend all ingredients until smooth and uniform, then serve the complete portion immediately.""]","[""gluten"", ""milk""]","{""rule"": ""same meal_type; calories ±10%; protein ±8g"", ""status"": ""READY"", ""valid_substitute_ids"": [""MEAL-265"", ""MEAL-268"", ""MEAL-274"", ""MEAL-277"", ""MEAL-280""]}",images/MEAL-271.png,approved
MEAL-272,مشروب الاستشفاء البروتيني مع برتقال بإكليل الجبل والفلفل,Rosemary Pepper Orange Protein Recovery Shake,Post-Workout,456,40.8,55.6,9.3,443 ml,"[{""name_ar"": ""مسحوق بروتين مصل الحليب"", ""name_en"": ""Whey protein powder"", ""quantity"": 30, ""unit"": ""g""}, {""name_ar"": ""برتقال"", ""name_en"": ""Orange"", ""quantity"": 120, ""unit"": ""g""}, {""name_ar"": ""شوفان"", ""name_en"": ""Oats"", ""quantity"": 35, ""unit"": ""g""}, {""name_ar"": ""حليب قليل الدسم"", ""name_en"": ""Low-fat milk"", ""quantity"": 250, ""unit"": ""g""}, {""name_ar"": ""بذور الشيا"", ""name_en"": ""Chia seeds"", ""quantity"": 8, ""unit"": ""g""}, {""name_ar"": ""إكليل الجبل والفلفل"", ""name_en"": ""Rosemary Pepper seasoning"", ""quantity"": 2, ""unit"": ""g""}]","[""ضع جميع المكونات في الخلاط واخلط حتى يصبح القوام ناعماً ومتجانساً، ثم قدّم الحصة فوراً.""]","[""Blend all ingredients until smooth and uniform, then serve the complete portion immediately.""]","[""gluten"", ""milk""]","{""rule"": ""same meal_type; calories ±10%; protein ±8g"", ""status"": ""READY"", ""valid_substitute_ids"": [""MEAL-266"", ""MEAL-269"", ""MEAL-275"", ""MEAL-278"", ""MEAL-281""]}",images/MEAL-272.png,approved
MEAL-273,مشروب الاستشفاء البروتيني مع موز بالسماق والنعناع,Sumac Mint Banana Protein Recovery Shake,Post-Workout,507,41.1,68.8,9.5,443 ml,"[{""name_ar"": ""مسحوق بروتين مصل الحليب"", ""name_en"": ""Whey protein powder"", ""quantity"": 30, ""unit"": ""g""}, {""name_ar"": ""موز"", ""name_en"": ""Banana"", ""quantity"": 120, ""unit"": ""g""}, {""name_ar"": ""شوفان"", ""name_en"": ""Oats"", ""quantity"": 35, ""unit"": ""g""}, {""name_ar"": ""حليب قليل الدسم"", ""name_en"": ""Low-fat milk"", ""quantity"": 250, ""unit"": ""g""}, {""name_ar"": ""بذور الشيا"", ""name_en"": ""Chia seeds"", ""quantity"": 8, ""unit"": ""g""}, {""name_ar"": ""السماق والنعناع"", ""name_en"": ""Sumac Mint seasoning"", ""quantity"": 2, ""unit"": ""g""}]","[""ضع جميع المكونات في الخلاط واخلط حتى يصبح القوام ناعماً ومتجانساً، ثم قدّم الحصة فوراً.""]","[""Blend all ingredients until smooth and uniform, then serve the complete portion immediately.""]","[""gluten"", ""milk""]","{""rule"": ""same meal_type; calories ±10%; protein ±8g"", ""status"": ""READY"", ""valid_substitute_ids"": [""MEAL-264"", ""MEAL-267"", ""MEAL-270"", ""MEAL-276"", ""MEAL-279""]}",images/MEAL-273.png,approved
MEAL-274,مشروب الاستشفاء البروتيني مع توت مشكل بالزنجبيل والليمون الأخضر,Ginger Lime Mixed berries Protein Recovery Shake,Post-Workout,460,40.6,55.9,9.5,443 ml,"[{""name_ar"": ""مسحوق بروتين مصل الحليب"", ""name_en"": ""Whey protein powder"", ""quantity"": 30, ""unit"": ""g""}, {""name_ar"": ""توت مشكل"", ""name_en"": ""Mixed berries"", ""quantity"": 120, ""unit"": ""g""}, {""name_ar"": ""شوفان"", ""name_en"": ""Oats"", ""quantity"": 35, ""unit"": ""g""}, {""name_ar"": ""حليب قليل الدسم"", ""name_en"": ""Low-fat milk"", ""quantity"": 250, ""unit"": ""g""}, {""name_ar"": ""بذور الشيا"", ""name_en"": ""Chia seeds"", ""quantity"": 8, ""unit"": ""g""}, {""name_ar"": ""الزنجبيل والليمون الأخضر"", ""name_en"": ""Ginger Lime seasoning"", ""quantity"": 2, ""unit"": ""g""}]","[""ضع جميع المكونات في الخلاط واخلط حتى يصبح القوام ناعماً ومتجانساً، ثم قدّم الحصة فوراً.""]","[""Blend all ingredients until smooth and uniform, then serve the complete portion immediately.""]","[""gluten"", ""milk""]","{""rule"": ""same meal_type; calories ±10%; protein ±8g"", ""status"": ""READY"", ""valid_substitute_ids"": [""MEAL-265"", ""MEAL-268"", ""MEAL-271"", ""MEAL-277"", ""MEAL-280""]}",images/MEAL-274.png,approved
MEAL-275,مشروب الاستشفاء البروتيني مع برتقال بالشبت والحمضيات,Dill Citrus Orange Protein Recovery Shake,Post-Workout,456,40.8,55.6,9.3,443 ml,"[{""name_ar"": ""مسحوق بروتين مصل الحليب"", ""name_en"": ""Whey protein powder"", ""quantity"": 30, ""unit"": ""g""}, {""name_ar"": ""برتقال"", ""name_en"": ""Orange"", ""quantity"": 120, ""unit"": ""g""}, {""name_ar"": ""شوفان"", ""name_en"": ""Oats"", ""quantity"": 35, ""unit"": ""g""}, {""name_ar"": ""حليب قليل الدسم"", ""name_en"": ""Low-fat milk"", ""quantity"": 250, ""unit"": ""g""}, {""name_ar"": ""بذور الشيا"", ""name_en"": ""Chia seeds"", ""quantity"": 8, ""unit"": ""g""}, {""name_ar"": ""الشبت والحمضيات"", ""name_en"": ""Dill Citrus seasoning"", ""quantity"": 2, ""unit"": ""g""}]","[""ضع جميع المكونات في الخلاط واخلط حتى يصبح القوام ناعماً ومتجانساً، ثم قدّم الحصة فوراً.""]","[""Blend all ingredients until smooth and uniform, then serve the complete portion immediately.""]","[""gluten"", ""milk""]","{""rule"": ""same meal_type; calories ±10%; protein ±8g"", ""status"": ""READY"", ""valid_substitute_ids"": [""MEAL-266"", ""MEAL-269"", ""MEAL-272"", ""MEAL-278"", ""MEAL-281""]}",images/MEAL-275.png,approved
MEAL-276,مشروب الاستشفاء البروتيني مع موز بالريحان والأوريغانو محمص,Toasted Basil Oregano Banana Protein Recovery Shake,Post-Workout,507,41.1,68.8,9.5,443 ml,"[{""name_ar"": ""مسحوق بروتين مصل الحليب"", ""name_en"": ""Whey protein powder"", ""quantity"": 30, ""unit"": ""g""}, {""name_ar"": ""موز"", ""name_en"": ""Banana"", ""quantity"": 120, ""unit"": ""g""}, {""name_ar"": ""شوفان"", ""name_en"": ""Oats"", ""quantity"": 35, ""unit"": ""g""}, {""name_ar"": ""حليب قليل الدسم"", ""name_en"": ""Low-fat milk"", ""quantity"": 250, ""unit"": ""g""}, {""name_ar"": ""بذور الشيا"", ""name_en"": ""Chia seeds"", ""quantity"": 8, ""unit"": ""g""}, {""name_ar"": ""الريحان والأوريغانو"", ""name_en"": ""Basil Oregano seasoning"", ""quantity"": 2, ""unit"": ""g""}]","[""ضع جميع المكونات في الخلاط واخلط حتى يصبح القوام ناعماً ومتجانساً، ثم قدّم الحصة فوراً.""]","[""Blend all ingredients until smooth and uniform, then serve the complete portion immediately.""]","[""gluten"", ""milk""]","{""rule"": ""same meal_type; calories ±10%; protein ±8g"", ""status"": ""READY"", ""valid_substitute_ids"": [""MEAL-264"", ""MEAL-267"", ""MEAL-270"", ""MEAL-273"", ""MEAL-279""]}",images/MEAL-276.png,approved
MEAL-277,مشروب الاستشفاء البروتيني مع توت مشكل بالقرفة والفانيليا مشوي,Roasted Cinnamon Vanilla Mixed berries Protein Recovery Shake,Post-Workout,460,40.6,55.9,9.5,443 ml,"[{""name_ar"": ""مسحوق بروتين مصل الحليب"", ""name_en"": ""Whey protein powder"", ""quantity"": 30, ""unit"": ""g""}, {""name_ar"": ""توت مشكل"", ""name_en"": ""Mixed berries"", ""quantity"": 120, ""unit"": ""g""}, {""name_ar"": ""شوفان"", ""name_en"": ""Oats"", ""quantity"": 35, ""unit"": ""g""}, {""name_ar"": ""حليب قليل الدسم"", ""name_en"": ""Low-fat milk"", ""quantity"": 250, ""unit"": ""g""}, {""name_ar"": ""بذور الشيا"", ""name_en"": ""Chia seeds"", ""quantity"": 8, ""unit"": ""g""}, {""name_ar"": ""القرفة والفانيليا"", ""name_en"": ""Cinnamon Vanilla seasoning"", ""quantity"": 2, ""unit"": ""g""}]","[""ضع جميع المكونات في الخلاط واخلط حتى يصبح القوام ناعماً ومتجانساً، ثم قدّم الحصة فوراً.""]","[""Blend all ingredients until smooth and uniform, then serve the complete portion immediately.""]","[""gluten"", ""milk""]","{""rule"": ""same meal_type; calories ±10%; protein ±8g"", ""status"": ""READY"", ""valid_substitute_ids"": [""MEAL-265"", ""MEAL-268"", ""MEAL-271"", ""MEAL-274"", ""MEAL-280""]}",images/MEAL-277.png,approved
MEAL-278,مشروب الاستشفاء البروتيني مع برتقال بالهيل والسمسم مبرد,Chilled Cardamom Sesame Orange Protein Recovery Shake,Post-Workout,456,40.8,55.6,9.3,443 ml,"[{""name_ar"": ""مسحوق بروتين مصل الحليب"", ""name_en"": ""Whey protein powder"", ""quantity"": 30, ""unit"": ""g""}, {""name_ar"": ""برتقال"", ""name_en"": ""Orange"", ""quantity"": 120, ""unit"": ""g""}, {""name_ar"": ""شوفان"", ""name_en"": ""Oats"", ""quantity"": 35, ""unit"": ""g""}, {""name_ar"": ""حليب قليل الدسم"", ""name_en"": ""Low-fat milk"", ""quantity"": 250, ""unit"": ""g""}, {""name_ar"": ""بذور الشيا"", ""name_en"": ""Chia seeds"", ""quantity"": 8, ""unit"": ""g""}, {""name_ar"": ""الهيل والسمسم"", ""name_en"": ""Cardamom Sesame seasoning"", ""quantity"": 2, ""unit"": ""g""}]","[""ضع جميع المكونات في الخلاط واخلط حتى يصبح القوام ناعماً ومتجانساً، ثم قدّم الحصة فوراً.""]","[""Blend all ingredients until smooth and uniform, then serve the complete portion immediately.""]","[""gluten"", ""milk""]","{""rule"": ""same meal_type; calories ±10%; protein ±8g"", ""status"": ""READY"", ""valid_substitute_ids"": [""MEAL-266"", ""MEAL-269"", ""MEAL-272"", ""MEAL-275"", ""MEAL-281""]}",images/MEAL-278.png,approved
MEAL-279,مشروب الاستشفاء البروتيني مع موز بالكركم والفلفل دافئ,Warm Turmeric Pepper Banana Protein Recovery Shake,Post-Workout,507,41.1,68.8,9.5,443 ml,"[{""name_ar"": ""مسحوق بروتين مصل الحليب"", ""name_en"": ""Whey protein powder"", ""quantity"": 30, ""unit"": ""g""}, {""name_ar"": ""موز"", ""name_en"": ""Banana"", ""quantity"": 120, ""unit"": ""g""}, {""name_ar"": ""شوفان"", ""name_en"": ""Oats"", ""quantity"": 35, ""unit"": ""g""}, {""name_ar"": ""حليب قليل الدسم"", ""name_en"": ""Low-fat milk"", ""quantity"": 250, ""unit"": ""g""}, {""name_ar"": ""بذور الشيا"", ""name_en"": ""Chia seeds"", ""quantity"": 8, ""unit"": ""g""}, {""name_ar"": ""الكركم والفلفل"", ""name_en"": ""Turmeric Pepper seasoning"", ""quantity"": 2, ""unit"": ""g""}]","[""ضع جميع المكونات في الخلاط واخلط حتى يصبح القوام ناعماً ومتجانساً، ثم قدّم الحصة فوراً.""]","[""Blend all ingredients until smooth and uniform, then serve the complete portion immediately.""]","[""gluten"", ""milk""]","{""rule"": ""same meal_type; calories ±10%; protein ±8g"", ""status"": ""READY"", ""valid_substitute_ids"": [""MEAL-264"", ""MEAL-267"", ""MEAL-270"", ""MEAL-273"", ""MEAL-276""]}",images/MEAL-279.png,approved
MEAL-280,مشروب الاستشفاء البروتيني مع توت مشكل بالبقدونس والليمون طازج,Fresh Parsley Lemon Mixed berries Protein Recovery Shake,Post-Workout,460,40.6,55.9,9.5,443 ml,"[{""name_ar"": ""مسحوق بروتين مصل الحليب"", ""name_en"": ""Whey protein powder"", ""quantity"": 30, ""unit"": ""g""}, {""name_ar"": ""توت مشكل"", ""name_en"": ""Mixed berries"", ""quantity"": 120, ""unit"": ""g""}, {""name_ar"": ""شوفان"", ""name_en"": ""Oats"", ""quantity"": 35, ""unit"": ""g""}, {""name_ar"": ""حليب قليل الدسم"", ""name_en"": ""Low-fat milk"", ""quantity"": 250, ""unit"": ""g""}, {""name_ar"": ""بذور الشيا"", ""name_en"": ""Chia seeds"", ""quantity"": 8, ""unit"": ""g""}, {""name_ar"": ""البقدونس والليمون"", ""name_en"": ""Parsley Lemon seasoning"", ""quantity"": 2, ""unit"": ""g""}]","[""ضع جميع المكونات في الخلاط واخلط حتى يصبح القوام ناعماً ومتجانساً، ثم قدّم الحصة فوراً.""]","[""Blend all ingredients until smooth and uniform, then serve the complete portion immediately.""]","[""gluten"", ""milk""]","{""rule"": ""same meal_type; calories ±10%; protein ±8g"", ""status"": ""READY"", ""valid_substitute_ids"": [""MEAL-265"", ""MEAL-268"", ""MEAL-271"", ""MEAL-274"", ""MEAL-277""]}",images/MEAL-280.png,approved
MEAL-281,مشروب الاستشفاء البروتيني مع برتقال,Orange Protein Recovery Shake,Post-Workout,456,40.8,55.6,9.3,443 ml,"[{""name_ar"": ""مسحوق بروتين مصل الحليب"", ""name_en"": ""Whey protein powder"", ""quantity"": 30, ""unit"": ""g""}, {""name_ar"": ""برتقال"", ""name_en"": ""Orange"", ""quantity"": 120, ""unit"": ""g""}, {""name_ar"": ""شوفان"", ""name_en"": ""Oats"", ""quantity"": 35, ""unit"": ""g""}, {""name_ar"": ""حليب قليل الدسم"", ""name_en"": ""Low-fat milk"", ""quantity"": 250, ""unit"": ""g""}, {""name_ar"": ""بذور الشيا"", ""name_en"": ""Chia seeds"", ""quantity"": 8, ""unit"": ""g""}]","[""ضع جميع المكونات في الخلاط واخلط حتى يصبح القوام ناعماً ومتجانساً، ثم قدّم الحصة فوراً.""]","[""Blend all ingredients until smooth and uniform, then serve the complete portion immediately.""]","[""gluten"", ""milk""]","{""rule"": ""same meal_type; calories ±10%; protein ±8g"", ""status"": ""READY"", ""valid_substitute_ids"": [""MEAL-266"", ""MEAL-269"", ""MEAL-272"", ""MEAL-275"", ""MEAL-278""]}",images/MEAL-281.png,approved
MEAL-282,مشروب الاستشفاء البروتيني مع موز,Banana Protein Recovery Shake,Post-Workout,507,41.1,68.8,9.5,443 ml,"[{""name_ar"": ""مسحوق بروتين مصل الحليب"", ""name_en"": ""Whey protein powder"", ""quantity"": 30, ""unit"": ""g""}, {""name_ar"": ""موز"", ""name_en"": ""Banana"", ""quantity"": 120, ""unit"": ""g""}, {""name_ar"": ""شوفان"", ""name_en"": ""Oats"", ""quantity"": 35, ""unit"": ""g""}, {""name_ar"": ""حليب قليل الدسم"", ""name_en"": ""Low-fat milk"", ""quantity"": 250, ""unit"": ""g""}, {""name_ar"": ""بذور الشيا"", ""name_en"": ""Chia seeds"", ""quantity"": 8, ""unit"": ""g""}]","[""ضع جميع المكونات في الخلاط واخلط حتى يصبح القوام ناعماً ومتجانساً، ثم قدّم الحصة فوراً.""]","[""Blend all ingredients until smooth and uniform, then serve the complete portion immediately.""]","[""gluten"", ""milk""]","{""rule"": ""same meal_type; calories ±10%; protein ±8g"", ""status"": ""READY"", ""valid_substitute_ids"": [""MEAL-264"", ""MEAL-267"", ""MEAL-270"", ""MEAL-273"", ""MEAL-276""]}",images/MEAL-282.png,approved
MEAL-283,مشروب الاستشفاء البروتيني مع توت مشكل,Mixed berries Protein Recovery Shake,Post-Workout,460,40.6,55.9,9.5,443 ml,"[{""name_ar"": ""مسحوق بروتين مصل الحليب"", ""name_en"": ""Whey protein powder"", ""quantity"": 30, ""unit"": ""g""}, {""name_ar"": ""توت مشكل"", ""name_en"": ""Mixed berries"", ""quantity"": 120, ""unit"": ""g""}, {""name_ar"": ""شوفان"", ""name_en"": ""Oats"", ""quantity"": 35, ""unit"": ""g""}, {""name_ar"": ""حليب قليل الدسم"", ""name_en"": ""Low-fat milk"", ""quantity"": 250, ""unit"": ""g""}, {""name_ar"": ""بذور الشيا"", ""name_en"": ""Chia seeds"", ""quantity"": 8, ""unit"": ""g""}]","[""ضع جميع المكونات في الخلاط واخلط حتى يصبح القوام ناعماً ومتجانساً، ثم قدّم الحصة فوراً.""]","[""Blend all ingredients until smooth and uniform, then serve the complete portion immediately.""]","[""gluten"", ""milk""]","{""rule"": ""same meal_type; calories ±10%; protein ±8g"", ""status"": ""READY"", ""valid_substitute_ids"": [""MEAL-265"", ""MEAL-268"", ""MEAL-271"", ""MEAL-274"", ""MEAL-277""]}",images/MEAL-283.png,approved
MEAL-284,مشروب غذائي من برتقال 1,Orange Nutritional Drink 1,Drinks / Nutritional Add-ons,193,4.8,39.7,3.2,498 ml,"[{""name_ar"": ""ماء جوز الهند"", ""name_en"": ""Coconut water"", ""quantity"": 280, ""unit"": ""g""}, {""name_ar"": ""برتقال"", ""name_en"": ""Orange"", ""quantity"": 120, ""unit"": ""g""}, {""name_ar"": ""أناناس"", ""name_en"": ""Pineapple"", ""quantity"": 90, ""unit"": ""g""}, {""name_ar"": ""بذور الشيا"", ""name_en"": ""Chia seeds"", ""quantity"": 8, ""unit"": ""g""}]","[""ضع جميع المكونات في الخلاط واخلط حتى يصبح القوام ناعماً ومتجانساً، ثم قدّم الحصة فوراً.""]","[""Blend all ingredients until smooth and uniform, then serve the complete portion immediately.""]",[],"{""rule"": ""same meal_type; calories ±10%; protein ±8g"", ""status"": ""READY"", ""valid_substitute_ids"": [""MEAL-288"", ""MEAL-292"", ""MEAL-296"", ""MEAL-300""]}",images/MEAL-284.png,approved
MEAL-285,مشروب غذائي من مسحوق بروتين مصل الحليب 2,Whey protein powder Nutritional Drink 2,Drinks / Nutritional Add-ons,264,29.6,25.8,7.1,315 ml,"[{""name_ar"": ""حليب صويا غير محلى"", ""name_en"": ""Unsweetened soy milk"", ""quantity"": 260, ""unit"": ""g""}, {""name_ar"": ""مسحوق بروتين مصل الحليب"", ""name_en"": ""Whey protein powder"", ""quantity"": 24, ""unit"": ""g""}, {""name_ar"": ""كاكاو غير محلى"", ""name_en"": ""Unsweetened cocoa"", ""quantity"": 7, ""unit"": ""g""}, {""name_ar"": ""تمر"", ""name_en"": ""Dates"", ""quantity"": 24, ""unit"": ""g""}]","[""ضع جميع المكونات في الخلاط واخلط حتى يصبح القوام ناعماً ومتجانساً، ثم قدّم الحصة فوراً.""]","[""Blend all ingredients until smooth and uniform, then serve the complete portion immediately.""]","[""milk"", ""soy""]","{""rule"": ""same meal_type; calories ±10%; protein ±8g"", ""status"": ""READY"", ""valid_substitute_ids"": [""MEAL-289"", ""MEAL-293"", ""MEAL-297""]}",images/MEAL-285.png,approved
MEAL-286,مشروب غذائي من توت مشكل 3,Mixed berries Nutritional Drink 3,Drinks / Nutritional Add-ons,267,16.6,36.6,6.9,458 ml,"[{""name_ar"": ""حليب قليل الدسم"", ""name_en"": ""Low-fat milk"", ""quantity"": 250, ""unit"": ""g""}, {""name_ar"": ""توت مشكل"", ""name_en"": ""Mixed berries"", ""quantity"": 120, ""unit"": ""g""}, {""name_ar"": ""زبادي يوناني"", ""name_en"": ""Greek yogurt"", ""quantity"": 80, ""unit"": ""g""}, {""name_ar"": ""عسل"", ""name_en"": ""Honey"", ""quantity"": 8, ""unit"": ""g""}]","[""ضع جميع المكونات في الخلاط واخلط حتى يصبح القوام ناعماً ومتجانساً، ثم قدّم الحصة فوراً.""]","[""Blend all ingredients until smooth and uniform, then serve the complete portion immediately.""]","[""milk""]","{""rule"": ""same meal_type; calories ±10%; protein ±8g"", ""status"": ""READY"", ""valid_substitute_ids"": [""MEAL-290"", ""MEAL-294"", ""MEAL-298""]}",images/MEAL-286.png,approved
MEAL-287,مشروب غذائي من مانجو 4,Mango Nutritional Drink 4,Drinks / Nutritional Add-ons,161,3.1,31.0,4.2,458 ml,"[{""name_ar"": ""ماء"", ""name_en"": ""Water"", ""quantity"": 300, ""unit"": ""g""}, {""name_ar"": ""مانجو"", ""name_en"": ""Mango"", ""quantity"": 140, ""unit"": ""g""}, {""name_ar"": ""بذور الشيا"", ""name_en"": ""Chia seeds"", ""quantity"": 12, ""unit"": ""g""}, {""name_ar"": ""عسل"", ""name_en"": ""Honey"", ""quantity"": 6, ""unit"": ""g""}]","[""ضع جميع المكونات في الخلاط واخلط حتى يصبح القوام ناعماً ومتجانساً، ثم قدّم الحصة فوراً.""]","[""Blend all ingredients until smooth and uniform, then serve the complete portion immediately.""]",[],"{""rule"": ""same meal_type; calories ±10%; protein ±8g"", ""status"": ""READY"", ""valid_substitute_ids"": [""MEAL-291"", ""MEAL-295"", ""MEAL-299""]}",images/MEAL-287.png,approved
MEAL-288,مشروب غذائي من برتقال 5,Orange Nutritional Drink 5,Drinks / Nutritional Add-ons,193,4.8,39.7,3.2,498 ml,"[{""name_ar"": ""ماء جوز الهند"", ""name_en"": ""Coconut water"", ""quantity"": 280, ""unit"": ""g""}, {""name_ar"": ""برتقال"", ""name_en"": ""Orange"", ""quantity"": 120, ""unit"": ""g""}, {""name_ar"": ""أناناس"", ""name_en"": ""Pineapple"", ""quantity"": 90, ""unit"": ""g""}, {""name_ar"": ""بذور الشيا"", ""name_en"": ""Chia seeds"", ""quantity"": 8, ""unit"": ""g""}]","[""ضع جميع المكونات في الخلاط واخلط حتى يصبح القوام ناعماً ومتجانساً، ثم قدّم الحصة فوراً.""]","[""Blend all ingredients until smooth and uniform, then serve the complete portion immediately.""]",[],"{""rule"": ""same meal_type; calories ±10%; protein ±8g"", ""status"": ""READY"", ""valid_substitute_ids"": [""MEAL-284"", ""MEAL-292"", ""MEAL-296"", ""MEAL-300""]}",images/MEAL-288.png,approved
MEAL-289,مشروب غذائي من مسحوق بروتين مصل الحليب 6,Whey protein powder Nutritional Drink 6,Drinks / Nutritional Add-ons,264,29.6,25.8,7.1,315 ml,"[{""name_ar"": ""حليب صويا غير محلى"", ""name_en"": ""Unsweetened soy milk"", ""quantity"": 260, ""unit"": ""g""}, {""name_ar"": ""مسحوق بروتين مصل الحليب"", ""name_en"": ""Whey protein powder"", ""quantity"": 24, ""unit"": ""g""}, {""name_ar"": ""كاكاو غير محلى"", ""name_en"": ""Unsweetened cocoa"", ""quantity"": 7, ""unit"": ""g""}, {""name_ar"": ""تمر"", ""name_en"": ""Dates"", ""quantity"": 24, ""unit"": ""g""}]","[""ضع جميع المكونات في الخلاط واخلط حتى يصبح القوام ناعماً ومتجانساً، ثم قدّم الحصة فوراً.""]","[""Blend all ingredients until smooth and uniform, then serve the complete portion immediately.""]","[""milk"", ""soy""]","{""rule"": ""same meal_type; calories ±10%; protein ±8g"", ""status"": ""READY"", ""valid_substitute_ids"": [""MEAL-285"", ""MEAL-293"", ""MEAL-297""]}",images/MEAL-289.png,approved
MEAL-290,مشروب غذائي من توت مشكل 7,Mixed berries Nutritional Drink 7,Drinks / Nutritional Add-ons,267,16.6,36.6,6.9,458 ml,"[{""name_ar"": ""حليب قليل الدسم"", ""name_en"": ""Low-fat milk"", ""quantity"": 250, ""unit"": ""g""}, {""name_ar"": ""توت مشكل"", ""name_en"": ""Mixed berries"", ""quantity"": 120, ""unit"": ""g""}, {""name_ar"": ""زبادي يوناني"", ""name_en"": ""Greek yogurt"", ""quantity"": 80, ""unit"": ""g""}, {""name_ar"": ""عسل"", ""name_en"": ""Honey"", ""quantity"": 8, ""unit"": ""g""}]","[""ضع جميع المكونات في الخلاط واخلط حتى يصبح القوام ناعماً ومتجانساً، ثم قدّم الحصة فوراً.""]","[""Blend all ingredients until smooth and uniform, then serve the complete portion immediately.""]","[""milk""]","{""rule"": ""same meal_type; calories ±10%; protein ±8g"", ""status"": ""READY"", ""valid_substitute_ids"": [""MEAL-286"", ""MEAL-294"", ""MEAL-298""]}",images/MEAL-290.png,approved
MEAL-291,مشروب غذائي من مانجو 8,Mango Nutritional Drink 8,Drinks / Nutritional Add-ons,161,3.1,31.0,4.2,458 ml,"[{""name_ar"": ""ماء"", ""name_en"": ""Water"", ""quantity"": 300, ""unit"": ""g""}, {""name_ar"": ""مانجو"", ""name_en"": ""Mango"", ""quantity"": 140, ""unit"": ""g""}, {""name_ar"": ""بذور الشيا"", ""name_en"": ""Chia seeds"", ""quantity"": 12, ""unit"": ""g""}, {""name_ar"": ""عسل"", ""name_en"": ""Honey"", ""quantity"": 6, ""unit"": ""g""}]","[""ضع جميع المكونات في الخلاط واخلط حتى يصبح القوام ناعماً ومتجانساً، ثم قدّم الحصة فوراً.""]","[""Blend all ingredients until smooth and uniform, then serve the complete portion immediately.""]",[],"{""rule"": ""same meal_type; calories ±10%; protein ±8g"", ""status"": ""READY"", ""valid_substitute_ids"": [""MEAL-287"", ""MEAL-295"", ""MEAL-299""]}",images/MEAL-291.png,approved
MEAL-292,مشروب غذائي من برتقال 9,Orange Nutritional Drink 9,Drinks / Nutritional Add-ons,193,4.8,39.7,3.2,498 ml,"[{""name_ar"": ""ماء جوز الهند"", ""name_en"": ""Coconut water"", ""quantity"": 280, ""unit"": ""g""}, {""name_ar"": ""برتقال"", ""name_en"": ""Orange"", ""quantity"": 120, ""unit"": ""g""}, {""name_ar"": ""أناناس"", ""name_en"": ""Pineapple"", ""quantity"": 90, ""unit"": ""g""}, {""name_ar"": ""بذور الشيا"", ""name_en"": ""Chia seeds"", ""quantity"": 8, ""unit"": ""g""}]","[""ضع جميع المكونات في الخلاط واخلط حتى يصبح القوام ناعماً ومتجانساً، ثم قدّم الحصة فوراً.""]","[""Blend all ingredients until smooth and uniform, then serve the complete portion immediately.""]",[],"{""rule"": ""same meal_type; calories ±10%; protein ±8g"", ""status"": ""READY"", ""valid_substitute_ids"": [""MEAL-284"", ""MEAL-288"", ""MEAL-296"", ""MEAL-300""]}",images/MEAL-292.png,approved
MEAL-293,مشروب غذائي من مسحوق بروتين مصل الحليب 10,Whey protein powder Nutritional Drink 10,Drinks / Nutritional Add-ons,264,29.6,25.8,7.1,315 ml,"[{""name_ar"": ""حليب صويا غير محلى"", ""name_en"": ""Unsweetened soy milk"", ""quantity"": 260, ""unit"": ""g""}, {""name_ar"": ""مسحوق بروتين مصل الحليب"", ""name_en"": ""Whey protein powder"", ""quantity"": 24, ""unit"": ""g""}, {""name_ar"": ""كاكاو غير محلى"", ""name_en"": ""Unsweetened cocoa"", ""quantity"": 7, ""unit"": ""g""}, {""name_ar"": ""تمر"", ""name_en"": ""Dates"", ""quantity"": 24, ""unit"": ""g""}]","[""ضع جميع المكونات في الخلاط واخلط حتى يصبح القوام ناعماً ومتجانساً، ثم قدّم الحصة فوراً.""]","[""Blend all ingredients until smooth and uniform, then serve the complete portion immediately.""]","[""milk"", ""soy""]","{""rule"": ""same meal_type; calories ±10%; protein ±8g"", ""status"": ""READY"", ""valid_substitute_ids"": [""MEAL-285"", ""MEAL-289"", ""MEAL-297""]}",images/MEAL-293.png,approved
MEAL-294,مشروب غذائي من توت مشكل 11,Mixed berries Nutritional Drink 11,Drinks / Nutritional Add-ons,267,16.6,36.6,6.9,458 ml,"[{""name_ar"": ""حليب قليل الدسم"", ""name_en"": ""Low-fat milk"", ""quantity"": 250, ""unit"": ""g""}, {""name_ar"": ""توت مشكل"", ""name_en"": ""Mixed berries"", ""quantity"": 120, ""unit"": ""g""}, {""name_ar"": ""زبادي يوناني"", ""name_en"": ""Greek yogurt"", ""quantity"": 80, ""unit"": ""g""}, {""name_ar"": ""عسل"", ""name_en"": ""Honey"", ""quantity"": 8, ""unit"": ""g""}]","[""ضع جميع المكونات في الخلاط واخلط حتى يصبح القوام ناعماً ومتجانساً، ثم قدّم الحصة فوراً.""]","[""Blend all ingredients until smooth and uniform, then serve the complete portion immediately.""]","[""milk""]","{""rule"": ""same meal_type; calories ±10%; protein ±8g"", ""status"": ""READY"", ""valid_substitute_ids"": [""MEAL-286"", ""MEAL-290"", ""MEAL-298""]}",images/MEAL-294.png,approved
MEAL-295,مشروب غذائي من مانجو 12,Mango Nutritional Drink 12,Drinks / Nutritional Add-ons,161,3.1,31.0,4.2,458 ml,"[{""name_ar"": ""ماء"", ""name_en"": ""Water"", ""quantity"": 300, ""unit"": ""g""}, {""name_ar"": ""مانجو"", ""name_en"": ""Mango"", ""quantity"": 140, ""unit"": ""g""}, {""name_ar"": ""بذور الشيا"", ""name_en"": ""Chia seeds"", ""quantity"": 12, ""unit"": ""g""}, {""name_ar"": ""عسل"", ""name_en"": ""Honey"", ""quantity"": 6, ""unit"": ""g""}]","[""ضع جميع المكونات في الخلاط واخلط حتى يصبح القوام ناعماً ومتجانساً، ثم قدّم الحصة فوراً.""]","[""Blend all ingredients until smooth and uniform, then serve the complete portion immediately.""]",[],"{""rule"": ""same meal_type; calories ±10%; protein ±8g"", ""status"": ""READY"", ""valid_substitute_ids"": [""MEAL-287"", ""MEAL-291"", ""MEAL-299""]}",images/MEAL-295.png,approved
MEAL-296,مشروب غذائي من برتقال 13,Orange Nutritional Drink 13,Drinks / Nutritional Add-ons,193,4.8,39.7,3.2,498 ml,"[{""name_ar"": ""ماء جوز الهند"", ""name_en"": ""Coconut water"", ""quantity"": 280, ""unit"": ""g""}, {""name_ar"": ""برتقال"", ""name_en"": ""Orange"", ""quantity"": 120, ""unit"": ""g""}, {""name_ar"": ""أناناس"", ""name_en"": ""Pineapple"", ""quantity"": 90, ""unit"": ""g""}, {""name_ar"": ""بذور الشيا"", ""name_en"": ""Chia seeds"", ""quantity"": 8, ""unit"": ""g""}]","[""ضع جميع المكونات في الخلاط واخلط حتى يصبح القوام ناعماً ومتجانساً، ثم قدّم الحصة فوراً.""]","[""Blend all ingredients until smooth and uniform, then serve the complete portion immediately.""]",[],"{""rule"": ""same meal_type; calories ±10%; protein ±8g"", ""status"": ""READY"", ""valid_substitute_ids"": [""MEAL-284"", ""MEAL-288"", ""MEAL-292"", ""MEAL-300""]}",images/MEAL-296.png,approved
MEAL-297,مشروب غذائي من مسحوق بروتين مصل الحليب 14,Whey protein powder Nutritional Drink 14,Drinks / Nutritional Add-ons,264,29.6,25.8,7.1,315 ml,"[{""name_ar"": ""حليب صويا غير محلى"", ""name_en"": ""Unsweetened soy milk"", ""quantity"": 260, ""unit"": ""g""}, {""name_ar"": ""مسحوق بروتين مصل الحليب"", ""name_en"": ""Whey protein powder"", ""quantity"": 24, ""unit"": ""g""}, {""name_ar"": ""كاكاو غير محلى"", ""name_en"": ""Unsweetened cocoa"", ""quantity"": 7, ""unit"": ""g""}, {""name_ar"": ""تمر"", ""name_en"": ""Dates"", ""quantity"": 24, ""unit"": ""g""}]","[""ضع جميع المكونات في الخلاط واخلط حتى يصبح القوام ناعماً ومتجانساً، ثم قدّم الحصة فوراً.""]","[""Blend all ingredients until smooth and uniform, then serve the complete portion immediately.""]","[""milk"", ""soy""]","{""rule"": ""same meal_type; calories ±10%; protein ±8g"", ""status"": ""READY"", ""valid_substitute_ids"": [""MEAL-285"", ""MEAL-289"", ""MEAL-293""]}",images/MEAL-297.png,approved
MEAL-298,مشروب غذائي من توت مشكل 15,Mixed berries Nutritional Drink 15,Drinks / Nutritional Add-ons,267,16.6,36.6,6.9,458 ml,"[{""name_ar"": ""حليب قليل الدسم"", ""name_en"": ""Low-fat milk"", ""quantity"": 250, ""unit"": ""g""}, {""name_ar"": ""توت مشكل"", ""name_en"": ""Mixed berries"", ""quantity"": 120, ""unit"": ""g""}, {""name_ar"": ""زبادي يوناني"", ""name_en"": ""Greek yogurt"", ""quantity"": 80, ""unit"": ""g""}, {""name_ar"": ""عسل"", ""name_en"": ""Honey"", ""quantity"": 8, ""unit"": ""g""}]","[""ضع جميع المكونات في الخلاط واخلط حتى يصبح القوام ناعماً ومتجانساً، ثم قدّم الحصة فوراً.""]","[""Blend all ingredients until smooth and uniform, then serve the complete portion immediately.""]","[""milk""]","{""rule"": ""same meal_type; calories ±10%; protein ±8g"", ""status"": ""READY"", ""valid_substitute_ids"": [""MEAL-286"", ""MEAL-290"", ""MEAL-294""]}",images/MEAL-298.png,approved
MEAL-299,مشروب غذائي من مانجو 16,Mango Nutritional Drink 16,Drinks / Nutritional Add-ons,161,3.1,31.0,4.2,458 ml,"[{""name_ar"": ""ماء"", ""name_en"": ""Water"", ""quantity"": 300, ""unit"": ""g""}, {""name_ar"": ""مانجو"", ""name_en"": ""Mango"", ""quantity"": 140, ""unit"": ""g""}, {""name_ar"": ""بذور الشيا"", ""name_en"": ""Chia seeds"", ""quantity"": 12, ""unit"": ""g""}, {""name_ar"": ""عسل"", ""name_en"": ""Honey"", ""quantity"": 6, ""unit"": ""g""}]","[""ضع جميع المكونات في الخلاط واخلط حتى يصبح القوام ناعماً ومتجانساً، ثم قدّم الحصة فوراً.""]","[""Blend all ingredients until smooth and uniform, then serve the complete portion immediately.""]",[],"{""rule"": ""same meal_type; calories ±10%; protein ±8g"", ""status"": ""READY"", ""valid_substitute_ids"": [""MEAL-287"", ""MEAL-291"", ""MEAL-295""]}",images/MEAL-299.png,approved
MEAL-300,مشروب غذائي من برتقال 17,Orange Nutritional Drink 17,Drinks / Nutritional Add-ons,193,4.8,39.7,3.2,498 ml,"[{""name_ar"": ""ماء جوز الهند"", ""name_en"": ""Coconut water"", ""quantity"": 280, ""unit"": ""g""}, {""name_ar"": ""برتقال"", ""name_en"": ""Orange"", ""quantity"": 120, ""unit"": ""g""}, {""name_ar"": ""أناناس"", ""name_en"": ""Pineapple"", ""quantity"": 90, ""unit"": ""g""}, {""name_ar"": ""بذور الشيا"", ""name_en"": ""Chia seeds"", ""quantity"": 8, ""unit"": ""g""}]","[""ضع جميع المكونات في الخلاط واخلط حتى يصبح القوام ناعماً ومتجانساً، ثم قدّم الحصة فوراً.""]","[""Blend all ingredients until smooth and uniform, then serve the complete portion immediately.""]",[],"{""rule"": ""same meal_type; calories ±10%; protein ±8g"", ""status"": ""READY"", ""valid_substitute_ids"": [""MEAL-284"", ""MEAL-288"", ""MEAL-292"", ""MEAL-296""]}",images/MEAL-300.png,approved
