"external_id","name_ar","name_en","active","status","review_status","meal_type","operational_category","classification_source","breakfast_suitability","main_meal_suitability","snack_suitability","pre_workout_suitability","post_workout_suitability","pre_workout_conservative_usable","post_workout_conservative_usable","calories","protein_g","carbs_g","fat_g","fiber_g","fiber_source","serving_size","serving_unit","yield_servings","ingredients","preparation_steps_ar","preparation_steps_en","image_path","image_thumb_path","image_status","media_file_status","substitution_profile","allergens","dietary_tags","halal_tag","vegetarian_tag","vegan_tag","suitable_goals","notes","source_origin"
"MEAL-001","وعاء شوفان من الزبادي اليوناني بالقرفة والتمر مع الشوفان","Cinnamon Date Greek Yogurt Oat Bowl with Oats","YES_DERIVED_FROM_PUBLISHED_READY","published","ready","breakfast","BREAKFAST","OFFICIAL_MEAL_TYPE","YES_OFFICIAL","NO_OFFICIAL","NO_OFFICIAL","NO_OFFICIAL","NO_OFFICIAL","NO","NO","293","30.3","38.8","1.9","5.1","qa.derived_fiber_g","362","g","1","زبادي يوناني سادة خالي الدسم / Greek yogurt, plain, nonfat: 290g; شوفان ملفوف جاف / Rolled oats, dry: 15g; توت أزرق طازج / Blueberries, raw: 40g; قرفة مطحونة / Ground cinnamon: 2g; تمر مجدول / Medjool dates: 15g","حضّر كمية الشوفان المحددة وضعها في وعاء التقديم. | أضف الزبادي اليوناني والتوت الأزرق وامزج حتى تتوزع المكونات بالتساوي. | أكمل بالتمر والقرفة بالكميات المحددة ثم قدّم حصة واحدة.","Prepare the measured oats and place them in a serving bowl. | Fold in the Greek yogurt and blueberries until evenly distributed. | Finish with the measured dates and cinnamon, then serve one portion.","/nutrition/meals/MEAL-001/cover.webp","/nutrition/meals/MEAL-001/cover-thumb.webp","ready","FILES_PRESENT","{""calorie_band_kcal"":""under_300"",""protein_band_g"":""30_39"",""carb_band_g"":""moderate"",""fat_band_g"":""low"",""meal_type_required"":true,""max_calorie_delta_pct"":10,""max_protein_delta_g"":8,""exclude_allergens"":true}","milk","vegetarian|pescatarian|high_protein","NOT_AVAILABLE","YES_EXPLICIT","NO_EXPLICIT_TAG","fat_loss|maintenance|muscle_gain","Nutrition Library V2. USDA FoodData Central. One serving. Identity is external_id.","USDA FoodData Central — SR Legacy (April 2018 release)"
"MEAL-002","وعاء شوفان من بياض البيض بالكاكاو والموز مع الشوفان","Cocoa Banana Egg White Oat Bowl with Oats","YES_DERIVED_FROM_PUBLISHED_READY","published","ready","breakfast","BREAKFAST","OFFICIAL_MEAL_TYPE","YES_OFFICIAL","NO_OFFICIAL","NO_OFFICIAL","NO_OFFICIAL","NO_OFFICIAL","NO","NO","422","36.9","49.2","8.7","9.9","qa.derived_fiber_g","463","g","1","بياض بيض طازج / Egg white, raw, fresh: 260g; شوفان ملفوف جاف / Rolled oats, dry: 25g; زبدة فول سوداني ناعمة / Smooth peanut butter: 10g; برتقال طازج / Orange, raw: 80g; توت أزرق طازج / Blueberries, raw: 50g; مسحوق كاكاو غير محلى / Unsweetened cocoa powder: 8g; موز طازج / Banana, raw: 30g","اطهُ كمية الشوفان المحددة حتى تصبح كثيفة وتغلي برفق. | أضف بياض البيض تدريجيًا مع التحريك المستمر على نار هادئة إلى متوسطة حتى يصبح معتمًا تمامًا وتصل حرارته الداخلية إلى 74°م (165°ف). | أضف الكاكاو والموز ثم زيّن بالبرتقال والتوت الأزرق وزبدة الفول السوداني بالكمية المحددة وقدّم فورًا.","Cook the measured oats until thick and gently simmering. | Whisk in the egg whites gradually and cook over medium-low heat, stirring continuously, until fully opaque and the center reaches 74°C (165°F). | Stir in the cocoa and banana, then top with orange, blueberries and the measured peanut butter; serve immediately.","/nutrition/meals/MEAL-002/cover.webp","/nutrition/meals/MEAL-002/cover-thumb.webp","ready","FILES_PRESENT","{""calorie_band_kcal"":""300_449"",""protein_band_g"":""30_39"",""carb_band_g"":""moderate"",""fat_band_g"":""moderate"",""meal_type_required"":true,""max_calorie_delta_pct"":10,""max_protein_delta_g"":8,""exclude_allergens"":true}","egg|peanuts","vegetarian|pescatarian|high_protein|high_fiber","NOT_AVAILABLE","YES_EXPLICIT","NO_EXPLICIT_TAG","fat_loss|maintenance|muscle_gain","Nutrition Library V2. USDA FoodData Central. One serving. Identity is external_id.","USDA FoodData Central — SR Legacy (April 2018 release)"
"MEAL-003","مقلاة فطور من بياض البيض بالكمون والليمون الأخضر مع التفاح","Cumin Lime Egg White Breakfast Skillet with Apple","YES_DERIVED_FROM_PUBLISHED_READY","published","ready","breakfast","BREAKFAST","OFFICIAL_MEAL_TYPE","YES_OFFICIAL","NO_OFFICIAL","NO_OFFICIAL","NO_OFFICIAL","NO_OFFICIAL","NO","NO","314","30.9","23.3","10.8","4","qa.derived_fiber_g","425","g","1","بياض بيض طازج / Egg white, raw, fresh: 210g; تفاح طازج بالقشر / Apple with skin, raw: 120g; جبن فيتا / Feta cheese: 45g; فطر أبيض مطهو / White mushrooms, cooked: 40g; كمون / Cumin seed: 2g; عصير ليمون أخضر طازج / Lime juice, raw: 8g","سخّن الفطر المطهو مع الكمون في مقلاة غير لاصقة ثم أضف قطع التفاح. | اسكب بياض البيض واطهه مع التحريك حتى يصبح معتمًا تمامًا وتصل حرارته الداخلية إلى 74°م (165°ف). | ارفع المقلاة عن النار وأضف جبن الفيتا وعصير الليمون الأخضر بالكمية المحددة ثم قدّم حصة واحدة.","Warm the cooked mushrooms with cumin in a nonstick skillet, then add the apple pieces. | Pour in the egg whites and cook, stirring, until fully opaque and the center reaches 74°C (165°F). | Remove from the heat, add the feta and measured lime juice, and serve one skillet portion.","/nutrition/meals/MEAL-003/cover.webp","/nutrition/meals/MEAL-003/cover-thumb.webp","ready","FILES_PRESENT","{""calorie_band_kcal"":""300_449"",""protein_band_g"":""30_39"",""carb_band_g"":""low"",""fat_band_g"":""moderate"",""meal_type_required"":true,""max_calorie_delta_pct"":10,""max_protein_delta_g"":8,""exclude_allergens"":true}","milk|egg","vegetarian|pescatarian|gluten_free|high_protein","NOT_AVAILABLE","YES_EXPLICIT","NO_EXPLICIT_TAG","fat_loss|maintenance|muscle_gain","Nutrition Library V2. USDA FoodData Central. One serving. Identity is external_id.","USDA FoodData Central — SR Legacy (April 2018 release)"
"MEAL-004","طبق شوفان مالح بالزنجبيل والصويا مع الزبادي اليوناني","Savory Ginger-Soy Oat Plate with Greek Yogurt","YES_DERIVED_FROM_PUBLISHED_READY","published","ready","breakfast","BREAKFAST","OFFICIAL_MEAL_TYPE","YES_OFFICIAL","NO_OFFICIAL","NO_OFFICIAL","NO_OFFICIAL","NO_OFFICIAL","NO","NO","284","24.8","36.2","4.5","6.7","qa.derived_fiber_g","286","g","1","زبادي يوناني سادة خالي الدسم / Greek yogurt, plain, nonfat: 190g; شوفان ملفوف جاف / Rolled oats, dry: 35g; بذور شيا مجففة / Dried chia seeds: 5g; خس روماني طازج / Romaine lettuce, raw: 40g; زنجبيل طازج / Ginger root, raw: 8g; صلصة صويا قليلة الصوديوم / Reduced-sodium soy sauce: 8g","اطهُ الشوفان حتى يصبح كريمي القوام ثم أضف الزنجبيل وصلصة الصويا بالكميات المحددة. | ضع الخس الروماني في الطبق وقدّم الشوفان المالح الدافئ إلى جانبه. | أضف الزبادي اليوناني باردًا ورش بذور الشيا بالكمية المحددة ثم قدّم طبقًا واحدًا.","Cook the oats until creamy, then stir in the measured ginger and soy sauce. | Place the romaine on a plate and spoon the warm savory oats beside it. | Add the Greek yogurt cold and sprinkle with the measured chia; serve one plate.","/nutrition/meals/MEAL-004/cover.webp","/nutrition/meals/MEAL-004/cover-thumb.webp","ready","FILES_PRESENT","{""calorie_band_kcal"":""under_300"",""protein_band_g"":""20_29"",""carb_band_g"":""moderate"",""fat_band_g"":""low"",""meal_type_required"":true,""max_calorie_delta_pct"":10,""max_protein_delta_g"":8,""exclude_allergens"":true}","milk|soy","vegetarian|pescatarian|high_fiber","NOT_AVAILABLE","YES_EXPLICIT","NO_EXPLICIT_TAG","fat_loss|maintenance|muscle_gain","Nutrition Library V2. USDA FoodData Central. One serving. Identity is external_id.","USDA FoodData Central — SR Legacy (April 2018 release)"
"MEAL-005","وعاء شوفان بالحليب والتوت وبذور الكتان والشيا","Berry Flax-Chia Milk Oat Bowl","YES_DERIVED_FROM_PUBLISHED_READY","published","ready","breakfast","BREAKFAST","OFFICIAL_MEAL_TYPE","YES_OFFICIAL","NO_OFFICIAL","NO_OFFICIAL","NO_OFFICIAL","NO_OFFICIAL","NO","NO","299","13.1","32.7","12.9","10.3","qa.derived_fiber_g","253","g","1","حليب خالي الدسم / Milk, nonfat: 170g; شوفان ملفوف جاف / Rolled oats, dry: 15g; بذور كتان / Flaxseed: 25g; توت أزرق طازج / Blueberries, raw: 40g; بذور شيا مجففة / Dried chia seeds: 3g","اخلط الشوفان والحليب وبذور الكتان بالكميات المحددة حتى تتجانس. | برّد الخليط حتى يلين الشوفان وتساعد بذور الكتان على زيادة كثافته. | أضف التوت الأزرق والكمية الأصغر المحددة من بذور الشيا ثم قدّم وعاءً واحدًا.","Stir the oats, milk and measured flaxseed together until evenly combined. | Chill until the oats soften and the flax thickens the mixture. | Top with blueberries and the smaller measured portion of chia, then serve one bowl.","/nutrition/meals/MEAL-005/cover.webp","/nutrition/meals/MEAL-005/cover-thumb.webp","ready","FILES_PRESENT","{""calorie_band_kcal"":""under_300"",""protein_band_g"":""under_20"",""carb_band_g"":""moderate"",""fat_band_g"":""moderate"",""meal_type_required"":true,""max_calorie_delta_pct"":10,""max_protein_delta_g"":8,""exclude_allergens"":true}","milk","vegetarian|pescatarian|high_fiber|omega_3","NOT_AVAILABLE","YES_EXPLICIT","NO_EXPLICIT_TAG","fat_loss|maintenance","Nutrition Library V2. USDA FoodData Central. One serving. Identity is external_id.","USDA FoodData Central — SR Legacy (April 2018 release)"
"MEAL-006","وعاء فطور بحليب الصويا والتفاح والبرتقال مع الشيا والكتان","Orange Apple Chia-Flax Soy Breakfast Bowl","YES_DERIVED_FROM_PUBLISHED_READY","published","ready","breakfast","BREAKFAST","OFFICIAL_MEAL_TYPE","YES_OFFICIAL","NO_OFFICIAL","NO_OFFICIAL","NO_OFFICIAL","NO_OFFICIAL","NO","NO","389","13.9","51.2","14.3","14.7","qa.derived_fiber_g","477","g","1","حليب صويا سادة / Soy milk, plain: 250g; تفاح طازج بالقشر / Apple with skin, raw: 120g; بذور كتان / Flaxseed: 12g; برتقال طازج / Orange, raw: 80g; بذور شيا مجففة / Dried chia seeds: 15g","اخفق حليب الصويا مع بذور الشيا والكتان بالكميات المحددة حتى تتوزع بالتساوي. | اترك الخليط 10 دقائق حتى يزداد كثافة ثم أضف التفاح والبرتقال برفق. | حرّك مرة أخيرة وقدّم الكمية الكاملة المقاسة كحصة واحدة.","Whisk the soy milk with the measured chia and flaxseed until evenly dispersed. | Rest for 10 minutes so the seed mixture thickens, then fold in the apple and orange. | Stir once more and serve the full measured bowl as one portion.","/nutrition/meals/MEAL-006/cover.webp","/nutrition/meals/MEAL-006/cover-thumb.webp","ready","FILES_PRESENT","{""calorie_band_kcal"":""300_449"",""protein_band_g"":""under_20"",""carb_band_g"":""high"",""fat_band_g"":""moderate"",""meal_type_required"":true,""max_calorie_delta_pct"":10,""max_protein_delta_g"":8,""exclude_allergens"":true}","soy","vegetarian|vegan|pescatarian|gluten_free|high_fiber|omega_3","NOT_AVAILABLE","YES_EXPLICIT","YES_EXPLICIT","fat_loss|maintenance","Nutrition Library V2. USDA FoodData Central. One serving. Identity is external_id.","USDA FoodData Central — SR Legacy (April 2018 release)"
"MEAL-007","وعاء فطور نباتي من التوفو بالليمون والأعشاب مع الكينوا","Lemon Herb Tofu Plant Breakfast Bowl with Quinoa","YES_DERIVED_FROM_PUBLISHED_READY","published","ready","breakfast","BREAKFAST","OFFICIAL_MEAL_TYPE","YES_OFFICIAL","NO_OFFICIAL","NO_OFFICIAL","NO_OFFICIAL","NO_OFFICIAL","NO","NO","286","24.6","17.4","13.1","6.1","qa.derived_fiber_g","236","g","1","توفو متماسك محضر بالكالسيوم / Firm tofu prepared with calcium: 120g; كينوا مطهوة / Quinoa, cooked: 50g; أفوكادو طازج / Avocado, raw: 10g; سبانخ مطهوة / Spinach, cooked: 40g; عصير ليمون طازج / Lemon juice, raw: 8g; بقدونس طازج / Fresh parsley: 8g","حضّر الكينوا بالكمية المحددة وضعه في وعاء التقديم. | أضف التوفو مع السبانخ وامزج حتى تتوزع المكونات بالتساوي. | أكمل بالكمية المحددة من الأفوكادو ومكونات نكهة بالليمون والأعشاب ثم قدّم حصة واحدة.","Prepare the quinoa for the listed serving and place it in a bowl. | Fold in the tofu with spinach until evenly distributed. | Finish with the measured avocado and the lemon herb ingredients, then serve one portion.","/nutrition/meals/MEAL-007/cover.webp","/nutrition/meals/MEAL-007/cover-thumb.webp","ready","FILES_PRESENT","{""calorie_band_kcal"":""under_300"",""protein_band_g"":""20_29"",""carb_band_g"":""low"",""fat_band_g"":""moderate"",""meal_type_required"":true,""max_calorie_delta_pct"":10,""max_protein_delta_g"":8,""exclude_allergens"":true}","soy","vegetarian|vegan|pescatarian|gluten_free|high_fiber","NOT_AVAILABLE","YES_EXPLICIT","YES_EXPLICIT","fat_loss|maintenance|muscle_gain","Nutrition Library V2. USDA FoodData Central. One serving. Identity is external_id.","USDA FoodData Central — SR Legacy (April 2018 release)"
"MEAL-008","وعاء شوفان بجبن القريش والحمضيات والتوت","Citrus Berry Cottage Cheese Oat Bowl","YES_DERIVED_FROM_PUBLISHED_READY","published","ready","breakfast","BREAKFAST","OFFICIAL_MEAL_TYPE","YES_OFFICIAL","NO_OFFICIAL","NO_OFFICIAL","NO_OFFICIAL","NO_OFFICIAL","NO","NO","448","24.7","65.3","9.8","11.9","qa.derived_fiber_g","365","g","1","جبن قريش قليل الدسم 2٪ / Cottage cheese, lowfat, 2% milkfat: 150g; شوفان ملفوف جاف / Rolled oats, dry: 45g; بذور شيا مجففة / Dried chia seeds: 10g; برتقال طازج / Orange, raw: 80g; توت أزرق طازج / Blueberries, raw: 50g; موز طازج / Banana, raw: 30g","اطهُ كمية الشوفان المحددة حتى تلين ثم اتركها تبرد لمدة 5 دقائق. | أضف جبن القريش ورتّب البرتقال والتوت الأزرق والموز فوق الوعاء. | أكمل ببذور الشيا بالكمية المحددة وقدّم حصة كاملة واحدة.","Cook the measured oats until tender, then let them cool for 5 minutes. | Add the cottage cheese and arrange the orange, blueberries and banana over the bowl. | Finish with the measured chia and serve one complete portion.","/nutrition/meals/MEAL-008/cover.webp","/nutrition/meals/MEAL-008/cover-thumb.webp","ready","FILES_PRESENT","{""calorie_band_kcal"":""300_449"",""protein_band_g"":""20_29"",""carb_band_g"":""high"",""fat_band_g"":""moderate"",""meal_type_required"":true,""max_calorie_delta_pct"":10,""max_protein_delta_g"":8,""exclude_allergens"":true}","milk","vegetarian|pescatarian|high_fiber|omega_3","NOT_AVAILABLE","YES_EXPLICIT","NO_EXPLICIT_TAG","fat_loss|maintenance|muscle_gain","Nutrition Library V2. USDA FoodData Central. One serving. Identity is external_id.","USDA FoodData Central — SR Legacy (April 2018 release)"
"MEAL-009","بودينغ فطور من الزبادي اليوناني بالتفاح والقرفة مع الموز","Apple Cinnamon Greek Yogurt Breakfast Pudding with Banana","YES_DERIVED_FROM_PUBLISHED_READY","published","ready","breakfast","BREAKFAST","OFFICIAL_MEAL_TYPE","YES_OFFICIAL","NO_OFFICIAL","NO_OFFICIAL","NO_OFFICIAL","NO_OFFICIAL","NO","NO","448","25.1","54.6","14.3","8.6","qa.derived_fiber_g","462","g","1","زبادي يوناني سادة خالي الدسم / Greek yogurt, plain, nonfat: 210g; موز طازج / Banana, raw: 120g; جوز / Walnuts: 20g; توت أزرق طازج / Blueberries, raw: 80g; تفاح طازج بالقشر / Apple with skin, raw: 30g; قرفة مطحونة / Ground cinnamon: 2g","حضّر الموز بالكمية المحددة وضعه في وعاء التقديم. | أضف الزبادي اليوناني مع الموز والتوت الأزرق وامزج حتى تتوزع المكونات بالتساوي. | أكمل بالكمية المحددة من الجوز ومكونات نكهة بالتفاح والقرفة ثم قدّم حصة واحدة.","Prepare the banana for the listed serving and place it in a bowl. | Fold in the greek yogurt with banana and blueberries until evenly distributed. | Finish with the measured walnuts and the apple cinnamon ingredients, then serve one portion.","/nutrition/meals/MEAL-009/cover.webp","/nutrition/meals/MEAL-009/cover-thumb.webp","ready","FILES_PRESENT","{""calorie_band_kcal"":""300_449"",""protein_band_g"":""20_29"",""carb_band_g"":""high"",""fat_band_g"":""moderate"",""meal_type_required"":true,""max_calorie_delta_pct"":10,""max_protein_delta_g"":8,""exclude_allergens"":true}","milk|tree_nuts","vegetarian|pescatarian|gluten_free|high_fiber|omega_3","NOT_AVAILABLE","YES_EXPLICIT","NO_EXPLICIT_TAG","fat_loss|maintenance|muscle_gain","Nutrition Library V2. USDA FoodData Central. One serving. Identity is external_id.","USDA FoodData Central — SR Legacy (April 2018 release)"
"MEAL-010","وعاء فطور بالتمبيه والبطاطا الحلوة مع الزنجبيل والصويا","Ginger-Soy Tempeh and Sweet Potato Breakfast Bowl","YES_DERIVED_FROM_PUBLISHED_READY","published","ready","breakfast","BREAKFAST","OFFICIAL_MEAL_TYPE","YES_OFFICIAL","NO_OFFICIAL","NO_OFFICIAL","NO_OFFICIAL","NO_OFFICIAL","NO","NO","482","34.6","46.2","17.6","6.7","qa.derived_fiber_g","416","g","1","تمبيه مطهو / Tempeh, cooked: 150g; بطاطا حلوة مشوية / Baked sweet potato: 120g; خس روماني طازج / Romaine lettuce, raw: 80g; بصل طازج / Onion, raw: 50g; زنجبيل طازج / Ginger root, raw: 8g; صلصة صويا قليلة الصوديوم / Reduced-sodium soy sauce: 8g","سخّن التمبيه المطهو والبطاطا الحلوة المشوية حتى يسخنا بالكامل. | ليّن البصل مع الزنجبيل بالكمية المحددة في مقلاة غير لاصقة ثم أضف التمبيه والبطاطا الحلوة. | قدّم الخليط فوق الخس الروماني وأكمل بصلصة الصويا بالكمية المحددة.","Warm the cooked tempeh and baked sweet potato until hot throughout. | Soften the onion with the measured ginger in a nonstick pan, then add the tempeh and sweet potato. | Serve over the romaine and finish with the measured soy sauce.","/nutrition/meals/MEAL-010/cover.webp","/nutrition/meals/MEAL-010/cover-thumb.webp","ready","FILES_PRESENT","{""calorie_band_kcal"":""450_599"",""protein_band_g"":""30_39"",""carb_band_g"":""moderate"",""fat_band_g"":""moderate"",""meal_type_required"":true,""max_calorie_delta_pct"":10,""max_protein_delta_g"":8,""exclude_allergens"":true}","soy","vegetarian|vegan|pescatarian|high_protein|high_fiber","NOT_AVAILABLE","YES_EXPLICIT","YES_EXPLICIT","fat_loss|maintenance|muscle_gain","Nutrition Library V2. USDA FoodData Central. One serving. Identity is external_id.","USDA FoodData Central — SR Legacy (April 2018 release)"
"MEAL-011","وعاء فطور من جبن القريش بالتوت وبذور الشيا مع البرتقال","Berry Chia Cottage Cheese Breakfast Bowl with Orange","YES_DERIVED_FROM_PUBLISHED_READY","published","ready","breakfast","BREAKFAST","OFFICIAL_MEAL_TYPE","YES_OFFICIAL","NO_OFFICIAL","NO_OFFICIAL","NO_OFFICIAL","NO_OFFICIAL","NO","NO","425","25","54.6","11.8","11.6","qa.derived_fiber_g","527","g","1","جبن قريش قليل الدسم 2٪ / Cottage cheese, lowfat, 2% milkfat: 180g; برتقال طازج / Orange, raw: 250g; لوز / Almonds: 10g; توت أزرق طازج / Blueberries, raw: 80g; بذور شيا مجففة / Dried chia seeds: 7g","حضّر البرتقال بالكمية المحددة وضعه في وعاء التقديم. | أضف جبن القريش مع البرتقال والتوت الأزرق وامزج حتى تتوزع المكونات بالتساوي. | أكمل بالكمية المحددة من اللوز ومكونات نكهة بالتوت وبذور الشيا ثم قدّم حصة واحدة.","Prepare the orange for the listed serving and place it in a bowl. | Fold in the cottage cheese with orange and blueberries until evenly distributed. | Finish with the measured almonds and the berry chia ingredients, then serve one portion.","/nutrition/meals/MEAL-011/cover.webp","/nutrition/meals/MEAL-011/cover-thumb.webp","ready","FILES_PRESENT","{""calorie_band_kcal"":""300_449"",""protein_band_g"":""20_29"",""carb_band_g"":""high"",""fat_band_g"":""moderate"",""meal_type_required"":true,""max_calorie_delta_pct"":10,""max_protein_delta_g"":8,""exclude_allergens"":true}","milk|tree_nuts","vegetarian|pescatarian|gluten_free|high_fiber|omega_3","NOT_AVAILABLE","YES_EXPLICIT","NO_EXPLICIT_TAG","fat_loss|maintenance|muscle_gain","Nutrition Library V2. USDA FoodData Central. One serving. Identity is external_id.","USDA FoodData Central — SR Legacy (April 2018 release)"
"MEAL-012","وعاء فطور من الزبادي اليوناني بالبرتقال وبذور الكتان مع الشوفان","Orange Flax Greek Yogurt Breakfast Bowl with Oats","YES_DERIVED_FROM_PUBLISHED_READY","published","ready","breakfast","BREAKFAST","OFFICIAL_MEAL_TYPE","YES_OFFICIAL","NO_OFFICIAL","NO_OFFICIAL","NO_OFFICIAL","NO_OFFICIAL","NO","NO","312","24.9","42.5","4.7","6.7","qa.derived_fiber_g","278","g","1","زبادي يوناني سادة خالي الدسم / Greek yogurt, plain, nonfat: 190g; شوفان ملفوف جاف / Rolled oats, dry: 45g; برتقال طازج / Orange, raw: 40g; بذور كتان / Flaxseed: 3g","حضّر الشوفان بالكمية المحددة وضعه في وعاء التقديم. | أضف الزبادي اليوناني مع البرتقال وامزج حتى تتوزع المكونات بالتساوي. | أكمل بالكمية المحددة من بذور الكتان ومكونات نكهة بالبرتقال وبذور الكتان ثم قدّم حصة واحدة.","Prepare the oats for the listed serving and place it in a bowl. | Fold in the greek yogurt with orange until evenly distributed. | Finish with the measured flaxseed and the orange flax ingredients, then serve one portion.","/nutrition/meals/MEAL-012/cover.webp","/nutrition/meals/MEAL-012/cover-thumb.webp","ready","FILES_PRESENT","{""calorie_band_kcal"":""300_449"",""protein_band_g"":""20_29"",""carb_band_g"":""moderate"",""fat_band_g"":""low"",""meal_type_required"":true,""max_calorie_delta_pct"":10,""max_protein_delta_g"":8,""exclude_allergens"":true}","milk","vegetarian|pescatarian|high_fiber","NOT_AVAILABLE","YES_EXPLICIT","NO_EXPLICIT_TAG","fat_loss|maintenance|muscle_gain","Nutrition Library V2. USDA FoodData Central. One serving. Identity is external_id.","USDA FoodData Central — SR Legacy (April 2018 release)"
"MEAL-013","وعاء فطور من الزبادي اليوناني بالقرفة والتمر مع الموز","Cinnamon Date Greek Yogurt Breakfast Bowl with Banana","YES_DERIVED_FROM_PUBLISHED_READY","published","ready","breakfast","BREAKFAST","OFFICIAL_MEAL_TYPE","YES_OFFICIAL","NO_OFFICIAL","NO_OFFICIAL","NO_OFFICIAL","NO_OFFICIAL","NO","NO","404","25","63.7","5.4","10.7","qa.derived_fiber_g","452","g","1","زبادي يوناني سادة خالي الدسم / Greek yogurt, plain, nonfat: 220g; موز طازج / Banana, raw: 60g; بذور كتان / Flaxseed: 10g; توت أزرق طازج / Blueberries, raw: 80g; فراولة طازجة / Strawberries, raw: 50g; قرفة مطحونة / Ground cinnamon: 2g; تمر مجدول / Medjool dates: 30g","حضّر الموز بالكمية المحددة وضعه في وعاء التقديم. | أضف الزبادي اليوناني مع الموز والتوت الأزرق وامزج حتى تتوزع المكونات بالتساوي. | أكمل بالكمية المحددة من بذور الكتان ومكونات نكهة بالقرفة والتمر ثم قدّم حصة واحدة.","Prepare the banana for the listed serving and place it in a bowl. | Fold in the greek yogurt with banana and blueberries until evenly distributed. | Finish with the measured flaxseed and the cinnamon date ingredients, then serve one portion.","/nutrition/meals/MEAL-013/cover.webp","/nutrition/meals/MEAL-013/cover-thumb.webp","ready","FILES_PRESENT","{""calorie_band_kcal"":""300_449"",""protein_band_g"":""20_29"",""carb_band_g"":""high"",""fat_band_g"":""low"",""meal_type_required"":true,""max_calorie_delta_pct"":10,""max_protein_delta_g"":8,""exclude_allergens"":true}","milk","vegetarian|pescatarian|gluten_free|high_fiber|omega_3","NOT_AVAILABLE","YES_EXPLICIT","NO_EXPLICIT_TAG","fat_loss|maintenance|muscle_gain","Nutrition Library V2. USDA FoodData Central. One serving. Identity is external_id.","USDA FoodData Central — SR Legacy (April 2018 release)"
"MEAL-014","بودينغ فطور من جبن القريش بالكاكاو والموز مع التفاح","Cocoa Banana Cottage Cheese Breakfast Pudding with Apple","YES_DERIVED_FROM_PUBLISHED_READY","published","ready","breakfast","BREAKFAST","OFFICIAL_MEAL_TYPE","YES_OFFICIAL","NO_OFFICIAL","NO_OFFICIAL","NO_OFFICIAL","NO_OFFICIAL","NO","NO","426","36.6","50.2","8.8","8.1","qa.derived_fiber_g","538","g","1","جبن قريش قليل الدسم 2٪ / Cottage cheese, lowfat, 2% milkfat: 320g; تفاح طازج بالقشر / Apple with skin, raw: 50g; برتقال طازج / Orange, raw: 80g; توت أزرق طازج / Blueberries, raw: 50g; مسحوق كاكاو غير محلى / Unsweetened cocoa powder: 8g; موز طازج / Banana, raw: 30g","اخلط جبن القريش مع الكاكاو والموز بالكميات المحددة حتى يصبح القوام شبيهًا بالبودينغ. | أضف التفاح والبرتقال والتوت الأزرق برفق مع الالتزام بالأوزان الصالحة للأكل المدرجة. | برّد الوعاء قليلًا وقدّم الكمية الكاملة كحصة واحدة.","Blend the cottage cheese with the measured cocoa and banana until pudding-like. | Fold in the apple, orange and blueberries, keeping the listed edible weights. | Chill briefly and serve the complete measured bowl as one portion.","/nutrition/meals/MEAL-014/cover.webp","/nutrition/meals/MEAL-014/cover-thumb.webp","ready","FILES_PRESENT","{""calorie_band_kcal"":""300_449"",""protein_band_g"":""30_39"",""carb_band_g"":""high"",""fat_band_g"":""moderate"",""meal_type_required"":true,""max_calorie_delta_pct"":10,""max_protein_delta_g"":8,""exclude_allergens"":true}","milk","vegetarian|pescatarian|gluten_free|high_protein|high_fiber","NOT_AVAILABLE","YES_EXPLICIT","NO_EXPLICIT_TAG","fat_loss|maintenance|muscle_gain","Nutrition Library V2. USDA FoodData Central. One serving. Identity is external_id.","USDA FoodData Central — SR Legacy (April 2018 release)"
"MEAL-015","طبق تورتيلا مفتوح بالتونة والكمون والليمون الأخضر مع الأفوكادو","Open Cumin-Lime Tuna Tortilla Plate with Avocado","YES_DERIVED_FROM_PUBLISHED_READY","published","ready","breakfast","BREAKFAST","OFFICIAL_MEAL_TYPE","YES_OFFICIAL","NO_OFFICIAL","NO_OFFICIAL","NO_OFFICIAL","NO_OFFICIAL","NO","NO","548","29.1","44.7","28.1","14.1","qa.derived_fiber_g","390","g","1","تونة خفيفة معلبة بالماء ومصفاة / Light tuna, canned in water, drained: 80g; خبز تورتيلا الذرة / Corn tortilla: 60g; أفوكادو طازج / Avocado, raw: 100g; فطر أبيض مطهو / White mushrooms, cooked: 80g; بروكلي مطهو / Broccoli, cooked: 50g; زيت زيتون / Olive oil: 10g; كمون / Cumin seed: 2g; عصير ليمون أخضر طازج / Lime juice, raw: 8g","ادهن تورتيلا الذرة بنصف كمية زيت الزيتون المحددة وسخّنها مسطحة في المقلاة. | سخّن الفطر والبروكلي ببقية زيت الزيتون ثم أضف التونة والكمون وعصير الليمون الأخضر بعد رفع المقلاة عن النار. | رتّب خليط التونة والأفوكادو بالكمية المحددة فوق التورتيلا المفتوحة وقدّم طبقًا واحدًا من دون طيها.","Brush the corn tortilla with half the measured olive oil and warm it flat on a pan. | Warm the mushrooms and broccoli with the remaining olive oil, then fold in the tuna, cumin and lime juice off the heat. | Arrange the tuna mixture and measured avocado over the open tortilla and serve one plate without folding.","/nutrition/meals/MEAL-015/cover.webp","/nutrition/meals/MEAL-015/cover-thumb.webp","ready","FILES_PRESENT","{""calorie_band_kcal"":""450_599"",""protein_band_g"":""20_29"",""carb_band_g"":""moderate"",""fat_band_g"":""high"",""meal_type_required"":true,""max_calorie_delta_pct"":10,""max_protein_delta_g"":8,""exclude_allergens"":true}","fish","pescatarian|gluten_free|high_fiber|omega_3","NOT_AVAILABLE","NO_EXPLICIT_TAG","NO_EXPLICIT_TAG","fat_loss|maintenance|muscle_gain","Nutrition Library V2. USDA FoodData Central. One serving. Identity is external_id.","USDA FoodData Central — SR Legacy (April 2018 release)"
"MEAL-016","مقلاة فطور من بياض البيض بالزنجبيل والصويا مع تورتيلا الذرة","Ginger Soy Egg White Breakfast Skillet with Corn Tortilla","YES_DERIVED_FROM_PUBLISHED_READY","published","ready","breakfast","BREAKFAST","OFFICIAL_MEAL_TYPE","YES_OFFICIAL","NO_OFFICIAL","NO_OFFICIAL","NO_OFFICIAL","NO_OFFICIAL","NO","NO","403","35.1","47.1","8.2","7.4","qa.derived_fiber_g","491","g","1","بياض بيض طازج / Egg white, raw, fresh: 260g; خبز تورتيلا الذرة / Corn tortilla: 80g; زيت زيتون / Olive oil: 5g; كوسا مطهوة / Zucchini, cooked: 80g; جزر طازج / Carrot, raw: 50g; زنجبيل طازج / Ginger root, raw: 8g; صلصة صويا قليلة الصوديوم / Reduced-sodium soy sauce: 8g","سخّن تورتيلا الذرة منفصلة واحتفظ بها مغطاة. | سخّن زيت الزيتون بالكمية المحددة في مقلاة وأضف الكوسا والجزر والزنجبيل ثم اسكب بياض البيض. | حرّك حتى يصبح بياض البيض معتمًا تمامًا ويصل إلى 74°م (165°ف)، ثم أضف صلصة الصويا بالكمية المحددة وقدّمه مع التورتيلا.","Warm the corn tortilla separately and keep it covered. | Heat the measured olive oil in a skillet, add the zucchini, carrot and ginger, then pour in the egg whites. | Stir until the egg whites are fully opaque and reach 74°C (165°F), finish with the measured soy sauce, and serve with the tortilla.","/nutrition/meals/MEAL-016/cover.webp","/nutrition/meals/MEAL-016/cover-thumb.webp","ready","FILES_PRESENT","{""calorie_band_kcal"":""300_449"",""protein_band_g"":""30_39"",""carb_band_g"":""moderate"",""fat_band_g"":""moderate"",""meal_type_required"":true,""max_calorie_delta_pct"":10,""max_protein_delta_g"":8,""exclude_allergens"":true}","egg|soy","vegetarian|pescatarian|high_protein|high_fiber","NOT_AVAILABLE","YES_EXPLICIT","NO_EXPLICIT_TAG","fat_loss|maintenance|muscle_gain","Nutrition Library V2. USDA FoodData Central. One serving. Identity is external_id.","USDA FoodData Central — SR Legacy (April 2018 release)"
"MEAL-017","سلطة كينوا للفطور بالطحينة والليمون والتوت الأزرق","Tahini-Lemon Quinoa Breakfast Salad with Blueberries","YES_DERIVED_FROM_PUBLISHED_READY","published","ready","breakfast","BREAKFAST","OFFICIAL_MEAL_TYPE","YES_OFFICIAL","NO_OFFICIAL","NO_OFFICIAL","NO_OFFICIAL","NO_OFFICIAL","NO","NO","423","13.2","56.3","16.1","11.3","qa.derived_fiber_g","445","g","1","حليب صويا سادة / Soy milk, plain: 110g; كينوا مطهوة / Quinoa, cooked: 140g; أفوكادو طازج / Avocado, raw: 50g; توت أزرق طازج / Blueberries, raw: 80g; خس روماني طازج / Romaine lettuce, raw: 50g; طحينة سمسم / Sesame butter, tahini: 7g; عصير ليمون طازج / Lemon juice, raw: 8g","اخفق حليب الصويا والطحينة وعصير الليمون بالكمية المحددة حتى تتكون تتبيلة ناعمة. | ضع الكينوا المطهوة والخس الروماني والأفوكادو والتوت الأزرق في وعاء واحد. | وزّع التتبيلة وقلّب برفق ثم قدّم الكمية الكاملة المقاسة كحصة واحدة.","Whisk the soy milk, tahini and measured lemon juice into a smooth dressing. | Place the cooked quinoa, romaine, avocado and blueberries in one bowl. | Drizzle with the dressing, toss gently and serve the complete measured bowl as one portion.","/nutrition/meals/MEAL-017/cover.webp","/nutrition/meals/MEAL-017/cover-thumb.webp","ready","FILES_PRESENT","{""calorie_band_kcal"":""300_449"",""protein_band_g"":""under_20"",""carb_band_g"":""high"",""fat_band_g"":""moderate"",""meal_type_required"":true,""max_calorie_delta_pct"":10,""max_protein_delta_g"":8,""exclude_allergens"":true}","sesame|soy","vegetarian|vegan|pescatarian|gluten_free|high_fiber","NOT_AVAILABLE","YES_EXPLICIT","YES_EXPLICIT","fat_loss|maintenance","Nutrition Library V2. USDA FoodData Central. One serving. Identity is external_id.","USDA FoodData Central — SR Legacy (April 2018 release)"
"MEAL-018","مقلاة فطور من بياض البيض بالطماطم والبقدونس مع الشوفان","Tomato Parsley Egg White Breakfast Skillet with Oats","YES_DERIVED_FROM_PUBLISHED_READY","published","ready","breakfast","BREAKFAST","OFFICIAL_MEAL_TYPE","YES_OFFICIAL","NO_OFFICIAL","NO_OFFICIAL","NO_OFFICIAL","NO_OFFICIAL","NO","NO","345","31.4","32.3","10","8.4","qa.derived_fiber_g","438","g","1","بياض بيض طازج / Egg white, raw, fresh: 230g; شوفان ملفوف جاف / Rolled oats, dry: 30g; أفوكادو طازج / Avocado, raw: 50g; فلفل حلو أحمر طازج / Red bell pepper, raw: 40g; طماطم طازجة / Tomato, raw: 80g; بقدونس طازج / Fresh parsley: 8g","اطهُ كمية الشوفان المحددة حتى تلين ثم ضعها جانبًا. | اطهُ الطماطم والفلفل الأحمر في مقلاة غير لاصقة ثم أضف بياض البيض وحرّك حتى يصبح معتمًا تمامًا وتصل حرارته الداخلية إلى 74°م (165°ف). | أضف الشوفان المطهو والبقدونس ثم زيّن بالأفوكادو بالكمية المحددة وقدّم حصة واحدة من المقلاة.","Cook the measured oats until tender and set them aside. | Cook the tomato and red pepper in a nonstick skillet, add the egg whites, and stir until fully opaque and the center reaches 74°C (165°F). | Fold in the cooked oats and parsley, top with the measured avocado, and serve one skillet portion.","/nutrition/meals/MEAL-018/cover.webp","/nutrition/meals/MEAL-018/cover-thumb.webp","ready","FILES_PRESENT","{""calorie_band_kcal"":""300_449"",""protein_band_g"":""30_39"",""carb_band_g"":""moderate"",""fat_band_g"":""moderate"",""meal_type_required"":true,""max_calorie_delta_pct"":10,""max_protein_delta_g"":8,""exclude_allergens"":true}","egg","vegetarian|pescatarian|high_protein|high_fiber","NOT_AVAILABLE","YES_EXPLICIT","NO_EXPLICIT_TAG","fat_loss|maintenance|muscle_gain","Nutrition Library V2. USDA FoodData Central. One serving. Identity is external_id.","USDA FoodData Central — SR Legacy (April 2018 release)"
"MEAL-019","طبق بيتا مفتوح بالتوفو والليمون والأعشاب","Lemon-Herb Tofu Pita Plate","YES_DERIVED_FROM_PUBLISHED_READY","published","ready","breakfast","BREAKFAST","OFFICIAL_MEAL_TYPE","YES_OFFICIAL","NO_OFFICIAL","NO_OFFICIAL","NO_OFFICIAL","NO_OFFICIAL","NO","NO","403","25.1","43.6","14.3","9.9","qa.derived_fiber_g","291","g","1","توفو متماسك محضر بالكالسيوم / Firm tofu prepared with calcium: 90g; خبز بيتا من القمح الكامل / Whole-wheat pita bread: 50g; زيت زيتون / Olive oil: 5g; فطر أبيض مطهو / White mushrooms, cooked: 80g; بازلاء خضراء مطهوة / Green peas, cooked: 50g; عصير ليمون طازج / Lemon juice, raw: 8g; بقدونس طازج / Fresh parsley: 8g","سخّن خبز البيتا الكامل وضعه مفتوحًا في طبق التقديم. | سخّن التوفو والفطر والبازلاء الخضراء مع زيت الزيتون بالكمية المحددة ثم أضف عصير الليمون والبقدونس. | رتّب خليط التوفو بجانب خبز البيتا المفتوح وفوق جزء منه وقدّم طبقًا واحدًا من دون طيه.","Warm the whole-wheat pita and place it open on the serving plate. | Warm the tofu, mushrooms and green peas with the measured olive oil, then finish with lemon juice and parsley. | Arrange the tofu mixture beside and partly over the open pita; serve one plate without folding.","/nutrition/meals/MEAL-019/cover.webp","/nutrition/meals/MEAL-019/cover-thumb.webp","ready","FILES_PRESENT","{""calorie_band_kcal"":""300_449"",""protein_band_g"":""20_29"",""carb_band_g"":""moderate"",""fat_band_g"":""moderate"",""meal_type_required"":true,""max_calorie_delta_pct"":10,""max_protein_delta_g"":8,""exclude_allergens"":true}","gluten|soy","vegetarian|vegan|pescatarian|high_fiber","NOT_AVAILABLE","YES_EXPLICIT","YES_EXPLICIT","fat_loss|maintenance|muscle_gain","Nutrition Library V2. USDA FoodData Central. One serving. Identity is external_id.","USDA FoodData Central — SR Legacy (April 2018 release)"
"MEAL-020","وعاء فطور نباتي من الحمص بالثوم والبابريكا مع البطاطا الحلوة","Garlic Paprika Chickpeas Plant Breakfast Bowl with Sweet Potato","YES_DERIVED_FROM_PUBLISHED_READY","published","ready","breakfast","BREAKFAST","OFFICIAL_MEAL_TYPE","YES_OFFICIAL","NO_OFFICIAL","NO_OFFICIAL","NO_OFFICIAL","NO_OFFICIAL","NO","NO","423","13.1","87","2.5","17.3","qa.derived_fiber_g","490","g","1","حمص حب مطهو / Chickpeas, cooked: 50g; بطاطا حلوة مشوية / Baked sweet potato: 300g; فلفل حلو أحمر طازج / Red bell pepper, raw: 80g; فطر أبيض مطهو / White mushrooms, cooked: 50g; ثوم طازج / Garlic, raw: 8g; بابريكا / Paprika: 2g","سخّن البطاطا الحلوة المشوية بالكمية المحددة وضعها في وعاء التقديم. | سخّن الحمص والفلفل الأحمر والفطر مع الثوم والبابريكا بالكميات المحددة حتى تتوزع النكهة بالتساوي. | رتّب خليط الحمص مع البطاطا الحلوة وقدّم حصة واحدة.","Warm the measured baked sweet potato and place it in a serving bowl. | Warm the chickpeas, red pepper and mushrooms with the measured garlic and paprika until evenly seasoned. | Arrange the chickpea mixture with the sweet potato and serve one portion.","/nutrition/meals/MEAL-020/cover.webp","/nutrition/meals/MEAL-020/cover-thumb.webp","ready","FILES_PRESENT","{""calorie_band_kcal"":""300_449"",""protein_band_g"":""under_20"",""carb_band_g"":""high"",""fat_band_g"":""low"",""meal_type_required"":true,""max_calorie_delta_pct"":10,""max_protein_delta_g"":8,""exclude_allergens"":true}","NOT_AVAILABLE","vegetarian|vegan|pescatarian|gluten_free|high_fiber","NOT_AVAILABLE","YES_EXPLICIT","YES_EXPLICIT","fat_loss|maintenance","Nutrition Library V2. USDA FoodData Central. One serving. Identity is external_id.","USDA FoodData Central — SR Legacy (April 2018 release)"
"MEAL-021","وعاء ريكوتا بالتفاح والقرفة مع الموز والتوت الأزرق","Apple-Cinnamon Ricotta Bowl with Banana and Blueberries","YES_DERIVED_FROM_PUBLISHED_READY","published","ready","breakfast","BREAKFAST","OFFICIAL_MEAL_TYPE","YES_OFFICIAL","NO_OFFICIAL","NO_OFFICIAL","NO_OFFICIAL","NO_OFFICIAL","NO","NO","516","25","60.1","19.5","12","qa.derived_fiber_g","427","g","1","جبن ريكوتا جزئي الدسم / Ricotta, part-skim: 180g; موز طازج / Banana, raw: 120g; توت أزرق طازج / Blueberries, raw: 60g; تفاح طازج بالقشر / Apple with skin, raw: 50g; بذور شيا مجففة / Dried chia seeds: 15g; قرفة مطحونة / Ground cinnamon: 2g","ضع كمية الريكوتا المحددة في وعاء الفطور. | رتّب الموز والتفاح والتوت الأزرق فوق الريكوتا في حصص ظاهرة ومنفصلة. | أكمل ببذور الشيا والقرفة بالكميات المحددة وقدّم الوعاء كاملًا كحصة واحدة.","Spoon the measured ricotta into a breakfast bowl. | Arrange the banana, apple and blueberries over the ricotta in visibly separate portions. | Finish with the measured chia and cinnamon; serve the complete bowl as one portion.","/nutrition/meals/MEAL-021/cover.webp","/nutrition/meals/MEAL-021/cover-thumb.webp","ready","FILES_PRESENT","{""calorie_band_kcal"":""450_599"",""protein_band_g"":""20_29"",""carb_band_g"":""high"",""fat_band_g"":""high"",""meal_type_required"":true,""max_calorie_delta_pct"":10,""max_protein_delta_g"":8,""exclude_allergens"":true}","milk","vegetarian|pescatarian|gluten_free|high_fiber|omega_3","NOT_AVAILABLE","YES_EXPLICIT","NO_EXPLICIT_TAG","fat_loss|maintenance|muscle_gain","Nutrition Library V2. USDA FoodData Central. One serving. Identity is external_id.","USDA FoodData Central — SR Legacy (April 2018 release)"
"MEAL-022","وعاء زبادي يوناني بالمانجو والزنجبيل مع التفاح والجوز","Mango-Ginger Greek Yogurt Bowl with Apple and Walnuts","YES_DERIVED_FROM_PUBLISHED_READY","published","ready","breakfast","BREAKFAST","OFFICIAL_MEAL_TYPE","YES_OFFICIAL","NO_OFFICIAL","NO_OFFICIAL","NO_OFFICIAL","NO_OFFICIAL","NO","NO","402","25","51","10.9","8.4","qa.derived_fiber_g","543","g","1","زبادي يوناني سادة خالي الدسم / Greek yogurt, plain, nonfat: 220g; تفاح طازج بالقشر / Apple with skin, raw: 170g; جوز / Walnuts: 15g; برتقال طازج / Orange, raw: 80g; مانجو طازجة / Mango, raw: 50g; زنجبيل طازج / Ginger root, raw: 8g","ضع الزبادي اليوناني في وعاء فطور عريض. | رتّب كميات التفاح والبرتقال والمانجو المحددة فوق الزبادي. | أضف الجوز والزنجبيل المبشور ناعمًا وقدّم الوعاء عالي الحجم كاملًا كحصة واحدة.","Spoon the Greek yogurt into a wide breakfast bowl. | Arrange the measured apple, orange and mango over the yogurt. | Add the walnuts and finely grated ginger; serve the complete high-volume bowl as one portion.","/nutrition/meals/MEAL-022/cover.webp","/nutrition/meals/MEAL-022/cover-thumb.webp","ready","FILES_PRESENT","{""calorie_band_kcal"":""300_449"",""protein_band_g"":""20_29"",""carb_band_g"":""high"",""fat_band_g"":""moderate"",""meal_type_required"":true,""max_calorie_delta_pct"":10,""max_protein_delta_g"":8,""exclude_allergens"":true}","milk|tree_nuts","vegetarian|pescatarian|gluten_free|high_fiber|omega_3","NOT_AVAILABLE","YES_EXPLICIT","NO_EXPLICIT_TAG","fat_loss|maintenance|muscle_gain","Nutrition Library V2. USDA FoodData Central. One serving. Identity is external_id.","USDA FoodData Central — SR Legacy (April 2018 release)"
"MEAL-023","طبق فطور بالبيض وتورتيلا الذرة مع الطحينة والليمون","Tahini-Lemon Egg and Corn Tortilla Breakfast Plate","YES_DERIVED_FROM_PUBLISHED_READY","published","ready","breakfast","BREAKFAST","OFFICIAL_MEAL_TYPE","YES_OFFICIAL","NO_OFFICIAL","NO_OFFICIAL","NO_OFFICIAL","NO_OFFICIAL","NO","NO","605","37","30.7","37.1","4.9","qa.derived_fiber_g","430","g","1","بيض كامل مسلوق / Whole egg, hard-boiled: 190g; خبز تورتيلا الذرة / Corn tortilla: 40g; جبن فيتا / Feta cheese: 55g; خيار طازج بالقشر / Cucumber with peel, raw: 80g; بروكلي مطهو / Broccoli, cooked: 50g; طحينة سمسم / Sesame butter, tahini: 7g; عصير ليمون طازج / Lemon juice, raw: 8g","سخّن تورتيلا الذرة وضعها مفتوحة في طبق التقديم. | رتّب البيض المسلوق والخيار والبروكلي والفيتا بجانب التورتيلا وفوق جزء منها. | اخفق الطحينة مع عصير الليمون ووزّع التتبيلة المحددة فوق الطبق ثم قدّم حصة واحدة.","Warm the corn tortilla and place it open on the serving plate. | Arrange the hard-boiled egg, cucumber, broccoli and feta beside and partly over the tortilla. | Whisk the tahini with lemon juice, drizzle the measured dressing over the plate and serve one portion.","/nutrition/meals/MEAL-023/cover.webp","/nutrition/meals/MEAL-023/cover-thumb.webp","ready","FILES_PRESENT","{""calorie_band_kcal"":""600_plus"",""protein_band_g"":""30_39"",""carb_band_g"":""moderate"",""fat_band_g"":""high"",""meal_type_required"":true,""max_calorie_delta_pct"":10,""max_protein_delta_g"":8,""exclude_allergens"":true}","milk|egg|sesame","vegetarian|pescatarian|gluten_free|high_protein","NOT_AVAILABLE","YES_EXPLICIT","NO_EXPLICIT_TAG","fat_loss|maintenance|muscle_gain","Nutrition Library V2. USDA FoodData Central. One serving. Identity is external_id.","USDA FoodData Central — SR Legacy (April 2018 release)"
"MEAL-024","مقلاة بياض بيض بالطماطم والبقدونس مع حصة تفاح جانبية","Tomato-Parsley Egg White Skillet with an Apple Side","YES_DERIVED_FROM_PUBLISHED_READY","published","ready","breakfast","BREAKFAST","OFFICIAL_MEAL_TYPE","YES_OFFICIAL","NO_OFFICIAL","NO_OFFICIAL","NO_OFFICIAL","NO_OFFICIAL","NO","NO","356","31.9","17.6","17.5","3.4","qa.derived_fiber_g","457","g","1","بياض بيض طازج / Egg white, raw, fresh: 220g; جبن فيتا / Feta cheese: 45g; كوسا مطهوة / Zucchini, cooked: 50g; جزر طازج / Carrot, raw: 30g; طماطم طازجة / Tomato, raw: 40g; بقدونس طازج / Fresh parsley: 5g; تفاح طازج بالقشر / Apple with skin, raw: 60g; زيت زيتون / Olive oil: 7g","سخّن زيت الزيتون في مقلاة غير لاصقة واطهُ الكوسا والجزر والطماطم حتى تلين. | أضف بياض البيض واطهه مع التحريك حتى يصبح معتمًا تمامًا وتصل حرارته الداخلية إلى 74°م (165°ف)، ثم أضف الفيتا والبقدونس. | قدّم المقلاة مع كمية التفاح المحددة كحصة طازجة منفصلة إلى الجانب.","Warm the olive oil in a nonstick skillet and cook the zucchini, carrot and tomato until tender. | Add the egg whites and cook, stirring, until fully opaque and the center reaches 74°C (165°F); fold in the feta and parsley. | Serve the skillet with the measured apple as a separate fresh side.","/nutrition/meals/MEAL-024/cover.webp","/nutrition/meals/MEAL-024/cover-thumb.webp","ready","FILES_PRESENT","{""calorie_band_kcal"":""300_449"",""protein_band_g"":""30_39"",""carb_band_g"":""low"",""fat_band_g"":""moderate"",""meal_type_required"":true,""max_calorie_delta_pct"":10,""max_protein_delta_g"":8,""exclude_allergens"":true}","milk|egg","vegetarian|pescatarian|gluten_free|high_protein","NOT_AVAILABLE","YES_EXPLICIT","NO_EXPLICIT_TAG","fat_loss|maintenance|muscle_gain","Nutrition Library V2. USDA FoodData Central. One serving. Identity is external_id.","USDA FoodData Central — SR Legacy (April 2018 release)"
"MEAL-025","وعاء زبادي يوناني بالقرفة والتمر مع المانجو والتوت الأزرق","Cinnamon-Date Greek Yogurt Bowl with Mango and Blueberries","YES_DERIVED_FROM_PUBLISHED_READY","published","ready","breakfast","BREAKFAST","OFFICIAL_MEAL_TYPE","YES_OFFICIAL","NO_OFFICIAL","NO_OFFICIAL","NO_OFFICIAL","NO_OFFICIAL","NO","NO","285","24.9","33.2","5.8","5.2","qa.derived_fiber_g","327","g","1","زبادي يوناني سادة خالي الدسم / Greek yogurt, plain, nonfat: 230g; مانجو طازجة / Mango, raw: 30g; لوز / Almonds: 10g; توت أزرق طازج / Blueberries, raw: 40g; قرفة مطحونة / Ground cinnamon: 2g; تمر مجدول / Medjool dates: 15g","ضع الزبادي اليوناني في وعاء فطور صغير. | رتّب المانجو والتوت الأزرق فوق الزبادي مع إبقاء كمية التمر الصغيرة واضحة. | أكمل باللوز المفروم والقرفة وقدّم وعاءً واحدًا بالكمية المحددة.","Spoon the Greek yogurt into a small breakfast bowl. | Arrange the mango and blueberries over the yogurt, keeping the small date portion distinct. | Finish with chopped almonds and cinnamon; serve one measured bowl.","/nutrition/meals/MEAL-025/cover.webp","/nutrition/meals/MEAL-025/cover-thumb.webp","ready","FILES_PRESENT","{""calorie_band_kcal"":""under_300"",""protein_band_g"":""20_29"",""carb_band_g"":""moderate"",""fat_band_g"":""low"",""meal_type_required"":true,""max_calorie_delta_pct"":10,""max_protein_delta_g"":8,""exclude_allergens"":true}","milk|tree_nuts","vegetarian|pescatarian|gluten_free","NOT_AVAILABLE","YES_EXPLICIT","NO_EXPLICIT_TAG","fat_loss|maintenance|muscle_gain","Nutrition Library V2. USDA FoodData Central. One serving. Identity is external_id.","USDA FoodData Central — SR Legacy (April 2018 release)"
"MEAL-026","وعاء بطاطس مالح بجبن القريش والأفوكادو","Savory Cottage Cheese Potato Bowl with Avocado","YES_DERIVED_FROM_PUBLISHED_READY","published","ready","breakfast","BREAKFAST","OFFICIAL_MEAL_TYPE","YES_OFFICIAL","NO_OFFICIAL","NO_OFFICIAL","NO_OFFICIAL","NO_OFFICIAL","NO","NO","527","31.1","39.4","27.2","6.7","qa.derived_fiber_g","497","g","1","جبن قريش قليل الدسم 2٪ / Cottage cheese, lowfat, 2% milkfat: 250g; بطاطس مشوية بالقشر / Baked potato with skin: 100g; سبانخ مطهوة / Spinach, cooked: 40g; طماطم طازجة / Tomato, raw: 50g; أفوكادو طازج / Avocado, raw: 40g; زيت زيتون / Olive oil: 15g; بابريكا / Paprika: 2g","سخّن البطاطس المشوية والسبانخ المطهوة وضعهما في وعاء عريض. | أضف جبن القريش باردًا ثم رتّب الطماطم والأفوكادو في أقسام منفصلة بالكميات المحددة. | اخلط زيت الزيتون مع البابريكا ووزّعه فوق البطاطس ثم قدّم وعاءً كاملًا واحدًا.","Warm the baked potato and cooked spinach and place them in a wide bowl. | Add the cottage cheese cold, then arrange the tomato and avocado in separate measured sections. | Mix the olive oil with paprika, drizzle it over the potato and serve one complete bowl.","/nutrition/meals/MEAL-026/cover.webp","/nutrition/meals/MEAL-026/cover-thumb.webp","ready","FILES_PRESENT","{""calorie_band_kcal"":""450_599"",""protein_band_g"":""30_39"",""carb_band_g"":""moderate"",""fat_band_g"":""high"",""meal_type_required"":true,""max_calorie_delta_pct"":10,""max_protein_delta_g"":8,""exclude_allergens"":true}","milk","vegetarian|pescatarian|gluten_free|high_protein|high_fiber","NOT_AVAILABLE","YES_EXPLICIT","NO_EXPLICIT_TAG","fat_loss|maintenance|muscle_gain","Nutrition Library V2. USDA FoodData Central. One serving. Identity is external_id.","USDA FoodData Central — SR Legacy (April 2018 release)"
"MEAL-027","شوفان مطهو ببياض البيض والتفاح والقرفة مع التوت الأزرق","Cooked Apple-Cinnamon Egg White Oats with Blueberries","YES_DERIVED_FROM_PUBLISHED_READY","published","ready","breakfast","BREAKFAST","OFFICIAL_MEAL_TYPE","YES_OFFICIAL","NO_OFFICIAL","NO_OFFICIAL","NO_OFFICIAL","NO_OFFICIAL","NO","NO","331","26.3","39.4","7.6","7","qa.derived_fiber_g","322","g","1","بياض بيض طازج / Egg white, raw, fresh: 180g; شوفان ملفوف جاف / Rolled oats, dry: 30g; زبدة فول سوداني ناعمة / Smooth peanut butter: 10g; توت أزرق طازج / Blueberries, raw: 40g; تفاح طازج بالقشر / Apple with skin, raw: 60g; قرفة مطحونة / Ground cinnamon: 2g","اطهُ الشوفان بالماء حتى يصبح كثيفًا ثم أضف التفاح والقرفة. | أضف بياض البيض تدريجيًا مع التحريك المستمر على نار هادئة إلى متوسطة حتى يصبح معتمًا تمامًا وتصل حرارته الداخلية إلى 74°م (165°ف). | أضف التوت الأزرق وزبدة الفول السوداني بالكمية المحددة وقدّم فورًا.","Cook the oats with water until thick, then stir in the apple and cinnamon. | Whisk in the egg whites gradually and cook over medium-low heat, stirring continuously, until fully opaque and the center reaches 74°C (165°F). | Top with blueberries and the measured peanut butter; serve immediately.","/nutrition/meals/MEAL-027/cover.webp","/nutrition/meals/MEAL-027/cover-thumb.webp","ready","FILES_PRESENT","{""calorie_band_kcal"":""300_449"",""protein_band_g"":""20_29"",""carb_band_g"":""moderate"",""fat_band_g"":""low"",""meal_type_required"":true,""max_calorie_delta_pct"":10,""max_protein_delta_g"":8,""exclude_allergens"":true}","egg|peanuts","vegetarian|pescatarian|high_fiber","NOT_AVAILABLE","YES_EXPLICIT","NO_EXPLICIT_TAG","fat_loss|maintenance|muscle_gain","Nutrition Library V2. USDA FoodData Central. One serving. Identity is external_id.","USDA FoodData Central — SR Legacy (April 2018 release)"
"MEAL-028","مقلاة شوفان وبياض بيض بالزنجبيل والصويا مع الطماطم","Ginger-Soy Egg White Oat Skillet with Tomato","YES_DERIVED_FROM_PUBLISHED_READY","published","ready","breakfast","BREAKFAST","OFFICIAL_MEAL_TYPE","YES_OFFICIAL","NO_OFFICIAL","NO_OFFICIAL","NO_OFFICIAL","NO_OFFICIAL","NO","NO","284","25.2","36","4.4","5.2","qa.derived_fiber_g","266","g","1","بياض بيض طازج / Egg white, raw, fresh: 160g; شوفان ملفوف جاف / Rolled oats, dry: 45g; جبن فيتا / Feta cheese: 5g; طماطم طازجة / Tomato, raw: 40g; زنجبيل طازج / Ginger root, raw: 8g; صلصة صويا قليلة الصوديوم / Reduced-sodium soy sauce: 8g","اطهُ الشوفان حتى يلين ثم ضعه جانبًا. | اطهُ الطماطم والزنجبيل في مقلاة غير لاصقة ثم أضف بياض البيض وحرّك حتى يصبح معتمًا تمامًا وتصل حرارته الداخلية إلى 74°م (165°ف). | أضف الشوفان المطهو وصلصة الصويا ثم فتّت الفيتا بالكمية المحددة وقدّم حصة واحدة من المقلاة.","Cook the oats until tender and set them aside. | Cook the tomato and ginger in a nonstick skillet, add the egg whites and stir until fully opaque and the center reaches 74°C (165°F). | Fold in the cooked oats and soy sauce, crumble over the measured feta and serve one skillet portion.","/nutrition/meals/MEAL-028/cover.webp","/nutrition/meals/MEAL-028/cover-thumb.webp","ready","FILES_PRESENT","{""calorie_band_kcal"":""under_300"",""protein_band_g"":""20_29"",""carb_band_g"":""moderate"",""fat_band_g"":""low"",""meal_type_required"":true,""max_calorie_delta_pct"":10,""max_protein_delta_g"":8,""exclude_allergens"":true}","milk|egg|soy","vegetarian|pescatarian","NOT_AVAILABLE","YES_EXPLICIT","NO_EXPLICIT_TAG","fat_loss|maintenance|muscle_gain","Nutrition Library V2. USDA FoodData Central. One serving. Identity is external_id.","USDA FoodData Central — SR Legacy (April 2018 release)"
"MEAL-029","طبق فطور من العدس والبطاطس بالطحينة والليمون","Tahini-Lemon Lentil and Potato Breakfast Plate","YES_DERIVED_FROM_PUBLISHED_READY","published","ready","breakfast","BREAKFAST","OFFICIAL_MEAL_TYPE","YES_OFFICIAL","NO_OFFICIAL","NO_OFFICIAL","NO_OFFICIAL","NO_OFFICIAL","NO","NO","409","20.5","67.3","6.4","16.8","qa.derived_fiber_g","445","g","1","عدس مطهو / Lentils, cooked: 140g; بطاطس مشوية بالقشر / Baked potato with skin: 160g; سبانخ مطهوة / Spinach, cooked: 60g; طماطم طازجة / Tomato, raw: 60g; طحينة سمسم / Sesame butter, tahini: 10g; عصير ليمون طازج / Lemon juice, raw: 10g; بقدونس طازج / Fresh parsley: 5g","سخّن العدس والبطاطس المشوية والسبانخ كلًا على حدة حتى تسخن. | رتّبها في طبق واحد مع الطماطم الطازجة والبقدونس. | اخفق الطحينة مع عصير الليمون ووزّعها فوق العدس والبطاطس ثم قدّم حصة واحدة.","Warm the lentils, baked potato and spinach separately until hot. | Arrange them on one plate with the fresh tomato and parsley. | Whisk the tahini with lemon juice, drizzle it over the lentils and potato and serve one portion.","/nutrition/meals/MEAL-029/cover.webp","/nutrition/meals/MEAL-029/cover-thumb.webp","ready","FILES_PRESENT","{""calorie_band_kcal"":""300_449"",""protein_band_g"":""20_29"",""carb_band_g"":""high"",""fat_band_g"":""low"",""meal_type_required"":true,""max_calorie_delta_pct"":10,""max_protein_delta_g"":8,""exclude_allergens"":true}","sesame","vegetarian|vegan|pescatarian|gluten_free|high_fiber","NOT_AVAILABLE","YES_EXPLICIT","YES_EXPLICIT","fat_loss|maintenance","Nutrition Library V2. USDA FoodData Central. One serving. Identity is external_id.","USDA FoodData Central — SR Legacy (April 2018 release)"
"MEAL-030","وعاء ريكوتا بالبرتقال والشيا مع التفاح وبذور الكتان","Orange-Chia Ricotta Bowl with Apple and Flax","YES_DERIVED_FROM_PUBLISHED_READY","published","ready","breakfast","BREAKFAST","OFFICIAL_MEAL_TYPE","YES_OFFICIAL","NO_OFFICIAL","NO_OFFICIAL","NO_OFFICIAL","NO_OFFICIAL","NO","NO","447","14.8","59.5","16.6","18.4","qa.derived_fiber_g","432","g","1","جبن ريكوتا جزئي الدسم / Ricotta, part-skim: 70g; تفاح طازج بالقشر / Apple with skin, raw: 250g; بذور شيا مجففة / Dried chia seeds: 25g; برتقال طازج / Orange, raw: 80g; بذور كتان / Flaxseed: 7g","ضع الريكوتا في وعاء الفطور وأضف كمية التفاح المحددة. | رتّب قطع البرتقال وبذور الشيا فوق قاعدة الريكوتا والتفاح. | أكمل بالكمية الأصغر من بذور الكتان وقدّم وعاءً كاملًا واحدًا.","Spoon the ricotta into a breakfast bowl and add the measured apple. | Arrange the orange pieces and chia over the ricotta-apple base. | Finish with the smaller flaxseed portion and serve one complete bowl.","/nutrition/meals/MEAL-030/cover.webp","/nutrition/meals/MEAL-030/cover-thumb.webp","ready","FILES_PRESENT","{""calorie_band_kcal"":""300_449"",""protein_band_g"":""under_20"",""carb_band_g"":""high"",""fat_band_g"":""moderate"",""meal_type_required"":true,""max_calorie_delta_pct"":10,""max_protein_delta_g"":8,""exclude_allergens"":true}","milk","vegetarian|pescatarian|gluten_free|high_fiber|omega_3","NOT_AVAILABLE","YES_EXPLICIT","NO_EXPLICIT_TAG","fat_loss|maintenance","Nutrition Library V2. USDA FoodData Central. One serving. Identity is external_id.","USDA FoodData Central — SR Legacy (April 2018 release)"
"MEAL-031","طبق فطور بالسلمون والبطاطس مع الليمون والأعشاب","Lemon-Herb Salmon and Potato Breakfast Plate","YES_DERIVED_FROM_PUBLISHED_READY","published","ready","breakfast","BREAKFAST","OFFICIAL_MEAL_TYPE","YES_OFFICIAL","NO_OFFICIAL","NO_OFFICIAL","NO_OFFICIAL","NO_OFFICIAL","NO","NO","534","34.4","52.4","20.8","9.7","qa.derived_fiber_g","445","g","1","سلمون أطلسي مطهو بحرارة جافة / Atlantic salmon, cooked with dry heat: 110g; بطاطس مشوية بالقشر / Baked potato with skin: 200g; سبانخ مطهوة / Spinach, cooked: 60g; بازلاء خضراء مطهوة / Green peas, cooked: 50g; بذور شيا مجففة / Dried chia seeds: 5g; زيت زيتون / Olive oil: 5g; عصير ليمون طازج / Lemon juice, raw: 10g; بقدونس طازج / Fresh parsley: 5g","سخّن السلمون المطهو والبطاطس المشوية حتى يسخنا بالكامل. | رتّب السلمون والبطاطس مع السبانخ والبازلاء الخضراء في طبق واحد. | أكمل ببذور الشيا وزيت الزيتون وعصير الليمون والبقدونس بالكميات المحددة وقدّم حصة واحدة.","Warm the cooked salmon and baked potato until hot throughout. | Arrange the salmon and potato with the spinach and green peas on one plate. | Finish with the measured chia, olive oil, lemon juice and parsley and serve one portion.","/nutrition/meals/MEAL-031/cover.webp","/nutrition/meals/MEAL-031/cover-thumb.webp","ready","FILES_PRESENT","{""calorie_band_kcal"":""450_599"",""protein_band_g"":""30_39"",""carb_band_g"":""high"",""fat_band_g"":""high"",""meal_type_required"":true,""max_calorie_delta_pct"":10,""max_protein_delta_g"":8,""exclude_allergens"":true}","fish","pescatarian|gluten_free|high_protein|high_fiber|omega_3","NOT_AVAILABLE","NO_EXPLICIT_TAG","NO_EXPLICIT_TAG","fat_loss|maintenance|muscle_gain","Nutrition Library V2. USDA FoodData Central. One serving. Identity is external_id.","USDA FoodData Central — SR Legacy (April 2018 release)"
"MEAL-032","شوفان مالح بالفطر والسبانخ مع جبن الفيتا","Savory Mushroom-Spinach Oats with Feta","YES_DERIVED_FROM_PUBLISHED_READY","published","ready","breakfast","BREAKFAST","OFFICIAL_MEAL_TYPE","YES_OFFICIAL","NO_OFFICIAL","NO_OFFICIAL","NO_OFFICIAL","NO_OFFICIAL","NO","NO","451","22.9","59","13.7","10.6","qa.derived_fiber_g","442","g","1","شوفان ملفوف جاف / Rolled oats, dry: 60g; حليب خالي الدسم / Milk, nonfat: 150g; فطر أبيض مطهو / White mushrooms, cooked: 80g; سبانخ مطهوة / Spinach, cooked: 60g; جبن فيتا / Feta cheese: 40g; طماطم طازجة / Tomato, raw: 50g; بابريكا / Paprika: 2g","اطهُ الشوفان مع الحليب حتى يصبح كريميًا وطريًا بالكامل. | أضف الفطر والسبانخ والطماطم الدافئة برفق. | فتّت كمية الفيتا المحددة فوق الشوفان المالح وأكمل بالبابريكا ثم قدّم وعاءً واحدًا.","Cook the oats with the milk until creamy and fully tender. | Fold in the warm mushrooms, spinach and tomato. | Crumble the measured feta over the savory oats, finish with paprika and serve one bowl.","/nutrition/meals/MEAL-032/cover.webp","/nutrition/meals/MEAL-032/cover-thumb.webp","ready","FILES_PRESENT","{""calorie_band_kcal"":""450_599"",""protein_band_g"":""20_29"",""carb_band_g"":""high"",""fat_band_g"":""moderate"",""meal_type_required"":true,""max_calorie_delta_pct"":10,""max_protein_delta_g"":8,""exclude_allergens"":true}","milk","vegetarian|pescatarian|high_fiber","NOT_AVAILABLE","YES_EXPLICIT","NO_EXPLICIT_TAG","fat_loss|maintenance","Nutrition Library V2. USDA FoodData Central. One serving. Identity is external_id.","USDA FoodData Central — SR Legacy (April 2018 release)"
"MEAL-033","شوفان بالحليب والتفاح والقرفة مع التوت الأزرق والموز","Apple-Cinnamon Milk Oats with Blueberries and Banana","YES_DERIVED_FROM_PUBLISHED_READY","published","ready","breakfast","BREAKFAST","OFFICIAL_MEAL_TYPE","YES_OFFICIAL","NO_OFFICIAL","NO_OFFICIAL","NO_OFFICIAL","NO_OFFICIAL","NO","NO","449","14.9","84.8","5.6","12.6","qa.derived_fiber_g","347","g","1","حليب خالي الدسم / Milk, nonfat: 110g; شوفان ملفوف جاف / Rolled oats, dry: 75g; توت أزرق طازج / Blueberries, raw: 80g; موز طازج / Banana, raw: 50g; تفاح طازج بالقشر / Apple with skin, raw: 30g; قرفة مطحونة / Ground cinnamon: 2g","اطهُ الشوفان مع الحليب حتى يصبح كريميًا وطريًا بالكامل. | أضف التفاح والموز بالكميات المحددة إلى الشوفان وهو دافئ. | زيّن بالتوت الأزرق والقرفة وقدّم وعاءً واحدًا.","Cook the oats with the milk until creamy and fully tender. | Fold in the measured apple and banana while the oats are warm. | Top with blueberries and cinnamon and serve one bowl.","/nutrition/meals/MEAL-033/cover.webp","/nutrition/meals/MEAL-033/cover-thumb.webp","ready","FILES_PRESENT","{""calorie_band_kcal"":""300_449"",""protein_band_g"":""under_20"",""carb_band_g"":""high"",""fat_band_g"":""low"",""meal_type_required"":true,""max_calorie_delta_pct"":10,""max_protein_delta_g"":8,""exclude_allergens"":true}","milk","vegetarian|pescatarian|high_fiber","NOT_AVAILABLE","YES_EXPLICIT","NO_EXPLICIT_TAG","fat_loss|maintenance","Nutrition Library V2. USDA FoodData Central. One serving. Identity is external_id.","USDA FoodData Central — SR Legacy (April 2018 release)"
"MEAL-034","شوفان ببياض البيض والمانجو والزنجبيل مع الشيا","Mango-Ginger Egg White Oats with Chia","YES_DERIVED_FROM_PUBLISHED_READY","published","ready","breakfast","BREAKFAST","OFFICIAL_MEAL_TYPE","YES_OFFICIAL","NO_OFFICIAL","NO_OFFICIAL","NO_OFFICIAL","NO_OFFICIAL","NO","NO","399","35.2","45.5","8.5","12.3","qa.derived_fiber_g","433","g","1","بياض بيض طازج / Egg white, raw, fresh: 250g; شوفان ملفوف جاف / Rolled oats, dry: 25g; بذور شيا مجففة / Dried chia seeds: 20g; برتقال طازج / Orange, raw: 80g; مانجو طازجة / Mango, raw: 50g; زنجبيل طازج / Ginger root, raw: 8g","اطهُ الشوفان حتى يلين ثم أضف الزنجبيل. | أضف بياض البيض تدريجيًا مع التحريك المستمر حتى يصبح معتمًا تمامًا وتصل حرارته الداخلية إلى 74°م (165°ف). | أضف المانجو والبرتقال برفق وأكمل ببذور الشيا ثم قدّم وعاءً واحدًا.","Cook the oats until tender, then stir in the ginger. | Whisk in the egg whites gradually and cook, stirring continuously, until fully opaque and the center reaches 74°C (165°F). | Fold in the mango and orange, finish with chia and serve one bowl.","/nutrition/meals/MEAL-034/cover.webp","/nutrition/meals/MEAL-034/cover-thumb.webp","ready","FILES_PRESENT","{""calorie_band_kcal"":""300_449"",""protein_band_g"":""30_39"",""carb_band_g"":""moderate"",""fat_band_g"":""moderate"",""meal_type_required"":true,""max_calorie_delta_pct"":10,""max_protein_delta_g"":8,""exclude_allergens"":true}","egg","vegetarian|pescatarian|high_protein|high_fiber|omega_3","NOT_AVAILABLE","YES_EXPLICIT","NO_EXPLICIT_TAG","fat_loss|maintenance|muscle_gain","Nutrition Library V2. USDA FoodData Central. One serving. Identity is external_id.","USDA FoodData Central — SR Legacy (April 2018 release)"
"MEAL-035","وعاء ريكوتا بالبرتقال وبذور الكتان مع الموز واللوز","Orange-Flax Ricotta Bowl with Banana and Almonds","YES_DERIVED_FROM_PUBLISHED_READY","published","ready","breakfast","BREAKFAST","OFFICIAL_MEAL_TYPE","YES_OFFICIAL","NO_OFFICIAL","NO_OFFICIAL","NO_OFFICIAL","NO_OFFICIAL","NO","NO","449","25.1","36.5","22.5","7.1","qa.derived_fiber_g","357","g","1","جبن ريكوتا جزئي الدسم / Ricotta, part-skim: 180g; موز طازج / Banana, raw: 30g; لوز / Almonds: 10g; برتقال طازج / Orange, raw: 80g; تفاح طازج بالقشر / Apple with skin, raw: 50g; بذور كتان / Flaxseed: 7g","ضع كمية الريكوتا المحددة في وعاء الفطور. | رتّب البرتقال والتفاح وكمية الموز الصغيرة فوق الريكوتا. | أكمل باللوز وبذور الكتان وقدّم وعاءً كاملًا واحدًا.","Spoon the measured ricotta into a breakfast bowl. | Arrange the orange, apple and small banana portion over the ricotta. | Finish with almonds and flaxseed and serve one complete bowl.","/nutrition/meals/MEAL-035/cover.webp","/nutrition/meals/MEAL-035/cover-thumb.webp","ready","FILES_PRESENT","{""calorie_band_kcal"":""300_449"",""protein_band_g"":""20_29"",""carb_band_g"":""moderate"",""fat_band_g"":""high"",""meal_type_required"":true,""max_calorie_delta_pct"":10,""max_protein_delta_g"":8,""exclude_allergens"":true}","milk|tree_nuts","vegetarian|pescatarian|gluten_free|high_fiber|omega_3","NOT_AVAILABLE","YES_EXPLICIT","NO_EXPLICIT_TAG","fat_loss|maintenance|muscle_gain","Nutrition Library V2. USDA FoodData Central. One serving. Identity is external_id.","USDA FoodData Central — SR Legacy (April 2018 release)"
"MEAL-036","وعاء ريكوتا بالبرتقال وبذور الكتان مع التمر والتفاح","Orange-Flax Ricotta Bowl with Dates and Apple","YES_DERIVED_FROM_PUBLISHED_READY","published","ready","breakfast","BREAKFAST","OFFICIAL_MEAL_TYPE","YES_OFFICIAL","NO_OFFICIAL","NO_OFFICIAL","NO_OFFICIAL","NO_OFFICIAL","NO","NO","632","25","88.9","19.6","11.8","qa.derived_fiber_g","402","g","1","جبن ريكوتا جزئي الدسم / Ricotta, part-skim: 180g; تمر مجدول / Medjool dates: 80g; بذور كتان / Flaxseed: 12g; برتقال طازج / Orange, raw: 80g; تفاح طازج بالقشر / Apple with skin, raw: 50g","ضع الريكوتا في وعاء الفطور. | رتّب التمر والبرتقال والتفاح فوق الريكوتا وفق النسب المحددة. | رش بذور الكتان وقدّم الوعاء كاملًا.","Spoon the ricotta into a breakfast bowl. | Arrange the dates, orange and apple over the ricotta in their measured proportions. | Sprinkle with flaxseed and serve the complete bowl.","/nutrition/meals/MEAL-036/cover.webp","/nutrition/meals/MEAL-036/cover-thumb.webp","ready","FILES_PRESENT","{""calorie_band_kcal"":""600_plus"",""protein_band_g"":""20_29"",""carb_band_g"":""high"",""fat_band_g"":""high"",""meal_type_required"":true,""max_calorie_delta_pct"":10,""max_protein_delta_g"":8,""exclude_allergens"":true}","milk","vegetarian|pescatarian|gluten_free|high_fiber|omega_3","NOT_AVAILABLE","YES_EXPLICIT","NO_EXPLICIT_TAG","fat_loss|maintenance|muscle_gain","Nutrition Library V2. USDA FoodData Central. One serving. Identity is external_id.","USDA FoodData Central — SR Legacy (April 2018 release)"
"MEAL-037","هاش فطور بالتوفو والبطاطا الحلوة مع الكرنب الأجعد","Tofu Sweet Potato Breakfast Hash with Kale","YES_DERIVED_FROM_PUBLISHED_READY","published","ready","breakfast","BREAKFAST","OFFICIAL_MEAL_TYPE","YES_OFFICIAL","NO_OFFICIAL","NO_OFFICIAL","NO_OFFICIAL","NO_OFFICIAL","NO","NO","495","32.5","48.2","19.1","14.6","qa.derived_fiber_g","470","g","1","توفو متماسك محضر بالكالسيوم / Firm tofu prepared with calcium: 150g; بطاطا حلوة مشوية / Baked sweet potato: 160g; كرنب أجعد مطهو / Kale, cooked: 60g; فلفل حلو أحمر طازج / Red bell pepper, raw: 60g; أفوكادو طازج / Avocado, raw: 30g; كمون / Cumin seed: 2g; عصير ليمون أخضر طازج / Lime juice, raw: 8g","سخّن التوفو والبطاطا الحلوة المشوية في مقلاة غير لاصقة حتى يتحمرا قليلًا. | أضف الكرنب الأجعد والفلفل الأحمر واطهُ الخليط حتى يسخن بالكامل. | أكمل بالكمون وعصير الليمون الأخضر والأفوكادو بالكمية المحددة وقدّم حصة هاش واحدة.","Warm the tofu and baked sweet potato in a nonstick skillet until lightly browned. | Fold in the kale and red pepper and cook until hot throughout. | Finish with cumin, lime juice and the measured avocado and serve one hash portion.","/nutrition/meals/MEAL-037/cover.webp","/nutrition/meals/MEAL-037/cover-thumb.webp","ready","FILES_PRESENT","{""calorie_band_kcal"":""450_599"",""protein_band_g"":""30_39"",""carb_band_g"":""moderate"",""fat_band_g"":""high"",""meal_type_required"":true,""max_calorie_delta_pct"":10,""max_protein_delta_g"":8,""exclude_allergens"":true}","soy","vegetarian|vegan|pescatarian|gluten_free|high_protein|high_fiber","NOT_AVAILABLE","YES_EXPLICIT","YES_EXPLICIT","fat_loss|maintenance|muscle_gain","Nutrition Library V2. USDA FoodData Central. One serving. Identity is external_id.","USDA FoodData Central — SR Legacy (April 2018 release)"
"MEAL-038","توست بجبن القريش والليمون والأعشاب مع الطماطم والسبانخ","Lemon-Herb Cottage Cheese Toast with Tomato and Spinach","YES_DERIVED_FROM_PUBLISHED_READY","published","ready","breakfast","BREAKFAST","OFFICIAL_MEAL_TYPE","YES_OFFICIAL","NO_OFFICIAL","NO_OFFICIAL","NO_OFFICIAL","NO_OFFICIAL","NO","NO","535","36.9","55.3","18.5","8","qa.derived_fiber_g","475","g","1","جبن قريش قليل الدسم 2٪ / Cottage cheese, lowfat, 2% milkfat: 220g; خبز قمح كامل / Whole-wheat bread: 90g; زيت زيتون / Olive oil: 10g; طماطم طازجة / Tomato, raw: 80g; سبانخ مطهوة / Spinach, cooked: 60g; بقدونس طازج / Fresh parsley: 5g; عصير ليمون طازج / Lemon juice, raw: 10g","حمّص خبز القمح الكامل حتى يصبح مقرمشًا وضع الشرائح مفتوحة في الطبق. | وزّع جبن القريش فوق التوست وأضف السبانخ الدافئة والطماطم الطازجة. | اخلط زيت الزيتون مع عصير الليمون والبقدونس ووزّعه فوق التوست المفتوح ثم قدّم حصة واحدة.","Toast the whole-wheat bread until crisp and place the slices open on a plate. | Spread the cottage cheese over the toast and top with the warm spinach and fresh tomato. | Mix the olive oil with lemon juice and parsley, drizzle it over the open toast and serve one portion.","/nutrition/meals/MEAL-038/cover.webp","/nutrition/meals/MEAL-038/cover-thumb.webp","ready","FILES_PRESENT","{""calorie_band_kcal"":""450_599"",""protein_band_g"":""30_39"",""carb_band_g"":""high"",""fat_band_g"":""high"",""meal_type_required"":true,""max_calorie_delta_pct"":10,""max_protein_delta_g"":8,""exclude_allergens"":true}","milk|gluten","vegetarian|pescatarian|high_protein|high_fiber","NOT_AVAILABLE","YES_EXPLICIT","NO_EXPLICIT_TAG","fat_loss|maintenance|muscle_gain","Nutrition Library V2. USDA FoodData Central. One serving. Identity is external_id.","USDA FoodData Central — SR Legacy (April 2018 release)"
"MEAL-039","تاكو فطور بالتوفو والفاصوليا السوداء والكمون والليمون الأخضر","Cumin-Lime Tofu and Black Bean Breakfast Tacos","YES_DERIVED_FROM_PUBLISHED_READY","published","ready","breakfast","BREAKFAST","OFFICIAL_MEAL_TYPE","YES_OFFICIAL","NO_OFFICIAL","NO_OFFICIAL","NO_OFFICIAL","NO_OFFICIAL","NO","NO","467","30.3","54.4","14.2","16.5","qa.derived_fiber_g","340","g","1","توفو متماسك محضر بالكالسيوم / Firm tofu prepared with calcium: 100g; فاصوليا سوداء مطهوة / Black beans, cooked: 100g; خبز تورتيلا الذرة / Corn tortilla: 50g; طماطم طازجة / Tomato, raw: 60g; أفوكادو طازج / Avocado, raw: 20g; كمون / Cumin seed: 2g; عصير ليمون أخضر طازج / Lime juice, raw: 8g","سخّن تورتيلا الذرة واتركها مفتوحة في طبق التقديم. | سخّن التوفو والفاصوليا السوداء مع الكمون ثم وزّع الخليط بين قطع التورتيلا. | أضف الطماطم والأفوكادو وأكمل بعصير الليمون الأخضر وقدّم قطعتي التاكو كحصة واحدة.","Warm the corn tortillas and keep them open on a serving plate. | Warm the tofu and black beans with cumin, then divide the mixture between the tortillas. | Top with tomato and avocado, finish with lime juice and serve the two tacos as one portion.","/nutrition/meals/MEAL-039/cover.webp","/nutrition/meals/MEAL-039/cover-thumb.webp","ready","FILES_PRESENT","{""calorie_band_kcal"":""450_599"",""protein_band_g"":""30_39"",""carb_band_g"":""high"",""fat_band_g"":""moderate"",""meal_type_required"":true,""max_calorie_delta_pct"":10,""max_protein_delta_g"":8,""exclude_allergens"":true}","soy","vegetarian|vegan|pescatarian|gluten_free|high_protein|high_fiber","NOT_AVAILABLE","YES_EXPLICIT","YES_EXPLICIT","fat_loss|maintenance|muscle_gain","Nutrition Library V2. USDA FoodData Central. One serving. Identity is external_id.","USDA FoodData Central — SR Legacy (April 2018 release)"
"MEAL-040","وعاء كينوا بالزبادي اليوناني والمانجو والزنجبيل مع الجوز","Mango-Ginger Greek Yogurt Quinoa Bowl with Walnuts","YES_DERIVED_FROM_PUBLISHED_READY","published","ready","breakfast","BREAKFAST","OFFICIAL_MEAL_TYPE","YES_OFFICIAL","NO_OFFICIAL","NO_OFFICIAL","NO_OFFICIAL","NO_OFFICIAL","NO","NO","527","30.4","57.4","19.5","10.5","qa.derived_fiber_g","465","g","1","زبادي يوناني سادة خالي الدسم / Greek yogurt, plain, nonfat: 200g; كينوا مطهوة / Quinoa, cooked: 130g; مانجو طازجة / Mango, raw: 100g; جوز / Walnuts: 20g; بذور شيا مجففة / Dried chia seeds: 10g; زنجبيل طازج / Ginger root, raw: 5g","برّد الكينوا المطهوة ثم أضفها إلى الزبادي اليوناني برفق. | أضف المانجو والزنجبيل المبشور ناعمًا بالكميات المحددة. | أكمل بالجوز وبذور الشيا وقدّم الوعاء كاملًا باردًا.","Cool the cooked quinoa, then fold it into the Greek yogurt. | Add the measured mango and finely grated ginger. | Finish with walnuts and chia and serve the complete bowl chilled.","/nutrition/meals/MEAL-040/cover.webp","/nutrition/meals/MEAL-040/cover-thumb.webp","ready","FILES_PRESENT","{""calorie_band_kcal"":""450_599"",""protein_band_g"":""30_39"",""carb_band_g"":""high"",""fat_band_g"":""high"",""meal_type_required"":true,""max_calorie_delta_pct"":10,""max_protein_delta_g"":8,""exclude_allergens"":true}","milk|tree_nuts","vegetarian|pescatarian|gluten_free|high_protein|high_fiber|omega_3","NOT_AVAILABLE","YES_EXPLICIT","NO_EXPLICIT_TAG","fat_loss|maintenance|muscle_gain","Nutrition Library V2. USDA FoodData Central. One serving. Identity is external_id.","USDA FoodData Central — SR Legacy (April 2018 release)"
"MEAL-041","توست بالبيض والسبانخ مع الطحينة والليمون","Tahini-Lemon Egg Toast with Spinach","YES_DERIVED_FROM_PUBLISHED_READY","published","ready","breakfast","BREAKFAST","OFFICIAL_MEAL_TYPE","YES_OFFICIAL","NO_OFFICIAL","NO_OFFICIAL","NO_OFFICIAL","NO_OFFICIAL","NO","NO","600","37","56.2","25.3","10.6","qa.derived_fiber_g","415","g","1","بيض كامل مسلوق / Whole egg, hard-boiled: 150g; خبز قمح كامل / Whole-wheat bread: 110g; أفوكادو طازج / Avocado, raw: 10g; سبانخ مطهوة / Spinach, cooked: 80g; خس روماني طازج / Romaine lettuce, raw: 50g; طحينة سمسم / Sesame butter, tahini: 7g; عصير ليمون طازج / Lemon juice, raw: 8g","حمّص خبز القمح الكامل حتى يصبح مقرمشًا وضعه مفتوحًا في طبق واحد. | رتّب البيض المسلوق والسبانخ والخس الروماني والأفوكادو بالكمية المحددة فوق التوست. | اخفق الطحينة مع عصير الليمون ووزّعها فوق التوست المفتوح ثم قدّم حصة واحدة.","Toast the whole-wheat bread until crisp and place it open on one plate. | Arrange the hard-boiled egg, spinach, romaine and measured avocado over the toast. | Whisk the tahini with lemon juice, drizzle it over the open toast and serve one portion.","/nutrition/meals/MEAL-041/cover.webp","/nutrition/meals/MEAL-041/cover-thumb.webp","ready","FILES_PRESENT","{""calorie_band_kcal"":""600_plus"",""protein_band_g"":""30_39"",""carb_band_g"":""high"",""fat_band_g"":""high"",""meal_type_required"":true,""max_calorie_delta_pct"":10,""max_protein_delta_g"":8,""exclude_allergens"":true}","egg|gluten|sesame","vegetarian|pescatarian|high_protein|high_fiber","NOT_AVAILABLE","YES_EXPLICIT","NO_EXPLICIT_TAG","fat_loss|maintenance|muscle_gain","Nutrition Library V2. USDA FoodData Central. One serving. Identity is external_id.","USDA FoodData Central — SR Legacy (April 2018 release)"
"MEAL-042","توست ببياض البيض والطماطم والبقدونس مع الفلفل الأحمر","Tomato-Parsley Egg White Toast with Red Pepper","YES_DERIVED_FROM_PUBLISHED_READY","published","ready","breakfast","BREAKFAST","OFFICIAL_MEAL_TYPE","YES_OFFICIAL","NO_OFFICIAL","NO_OFFICIAL","NO_OFFICIAL","NO_OFFICIAL","NO","NO","522","35.7","51.5","19.2","8.2","qa.derived_fiber_g","470","g","1","بياض بيض طازج / Egg white, raw, fresh: 200g; خبز قمح كامل / Whole-wheat bread: 100g; زيت زيتون / Olive oil: 15g; فلفل حلو أحمر طازج / Red bell pepper, raw: 60g; خيار طازج بالقشر / Cucumber with peel, raw: 40g; طماطم طازجة / Tomato, raw: 50g; بقدونس طازج / Fresh parsley: 5g","حمّص خبز القمح الكامل وضع الشريحتين مفتوحتين في طبق. | اطهُ الفلفل الأحمر وبياض البيض في زيت الزيتون حتى يصبح البياض معتمًا تمامًا وتصل حرارته الداخلية إلى 74°م (165°ف). | وزّع خليط البيض المطهو فوق التوست وأضف الطماطم والخيار والبقدونس ثم قدّم حصة واحدة.","Toast the whole-wheat bread and place the two slices open on a plate. | Cook the red pepper and egg whites in the olive oil until the egg is fully opaque and the center reaches 74°C (165°F). | Divide the cooked egg mixture over the toast, add tomato, cucumber and parsley and serve one portion.","/nutrition/meals/MEAL-042/cover.webp","/nutrition/meals/MEAL-042/cover-thumb.webp","ready","FILES_PRESENT","{""calorie_band_kcal"":""450_599"",""protein_band_g"":""30_39"",""carb_band_g"":""high"",""fat_band_g"":""high"",""meal_type_required"":true,""max_calorie_delta_pct"":10,""max_protein_delta_g"":8,""exclude_allergens"":true}","egg|gluten","vegetarian|pescatarian|high_protein|high_fiber","NOT_AVAILABLE","YES_EXPLICIT","NO_EXPLICIT_TAG","fat_loss|maintenance|muscle_gain","Nutrition Library V2. USDA FoodData Central. One serving. Identity is external_id.","USDA FoodData Central — SR Legacy (April 2018 release)"
"MEAL-043","وعاء زبادي يوناني مالح بالخيار والأعشاب مع الحمص","Savory Cucumber-Herb Greek Yogurt Bowl with Chickpeas","YES_DERIVED_FROM_PUBLISHED_READY","published","ready","breakfast","BREAKFAST","OFFICIAL_MEAL_TYPE","YES_OFFICIAL","NO_OFFICIAL","NO_OFFICIAL","NO_OFFICIAL","NO_OFFICIAL","NO","NO","268","19.2","31.1","7.4","7.2","qa.derived_fiber_g","390","g","1","زبادي يوناني سادة خالي الدسم / Greek yogurt, plain, nonfat: 120g; حمص حب مطهو / Chickpeas, cooked: 70g; خيار طازج بالقشر / Cucumber with peel, raw: 100g; طماطم طازجة / Tomato, raw: 80g; زيت زيتون / Olive oil: 5g; عصير ليمون طازج / Lemon juice, raw: 10g; بقدونس طازج / Fresh parsley: 5g","ضع الزبادي اليوناني في وعاء ضحل. | رتّب الحمص والخيار والطماطم فوق الزبادي في أقسام منفصلة بالكميات المحددة. | اخلط زيت الزيتون مع عصير الليمون والبقدونس ووزّعه فوق الوعاء ثم قدّم حصة واحدة.","Spoon the Greek yogurt into a shallow bowl. | Arrange the chickpeas, cucumber and tomato over the yogurt in separate measured sections. | Mix the olive oil with lemon juice and parsley, drizzle it over the bowl and serve one portion.","/nutrition/meals/MEAL-043/cover.webp","/nutrition/meals/MEAL-043/cover-thumb.webp","ready","FILES_PRESENT","{""calorie_band_kcal"":""under_300"",""protein_band_g"":""under_20"",""carb_band_g"":""moderate"",""fat_band_g"":""low"",""meal_type_required"":true,""max_calorie_delta_pct"":10,""max_protein_delta_g"":8,""exclude_allergens"":true}","milk","vegetarian|pescatarian|gluten_free|high_fiber","NOT_AVAILABLE","YES_EXPLICIT","NO_EXPLICIT_TAG","fat_loss|maintenance","Nutrition Library V2. USDA FoodData Central. One serving. Identity is external_id.","USDA FoodData Central — SR Legacy (April 2018 release)"
"MEAL-044","توست بالتوفو والثوم والبابريكا مع الخضار الورقية","Garlic-Paprika Tofu Toast with Greens","YES_DERIVED_FROM_PUBLISHED_READY","published","ready","breakfast","BREAKFAST","OFFICIAL_MEAL_TYPE","YES_OFFICIAL","NO_OFFICIAL","NO_OFFICIAL","NO_OFFICIAL","NO_OFFICIAL","NO","NO","589","43.5","56.4","21","14.3","qa.derived_fiber_g","400","g","1","توفو متماسك محضر بالكالسيوم / Firm tofu prepared with calcium: 160g; خبز قمح كامل / Whole-wheat bread: 100g; أفوكادو طازج / Avocado, raw: 20g; خس روماني طازج / Romaine lettuce, raw: 60g; سبانخ مطهوة / Spinach, cooked: 50g; ثوم طازج / Garlic, raw: 8g; بابريكا / Paprika: 2g","حمّص خبز القمح الكامل حتى يصبح مقرمشًا وضعه مفتوحًا في الطبق. | سخّن التوفو مع الثوم والبابريكا ثم وزّعه فوق التوست. | أضف الخس الروماني والسبانخ والأفوكادو بالكمية المحددة وقدّم حصة توست مفتوحة واحدة.","Toast the whole-wheat bread until crisp and place it open on a plate. | Warm the tofu with garlic and paprika, then spoon it over the toast. | Add the romaine, spinach and measured avocado and serve one open-toast portion.","/nutrition/meals/MEAL-044/cover.webp","/nutrition/meals/MEAL-044/cover-thumb.webp","ready","FILES_PRESENT","{""calorie_band_kcal"":""450_599"",""protein_band_g"":""40_plus"",""carb_band_g"":""high"",""fat_band_g"":""high"",""meal_type_required"":true,""max_calorie_delta_pct"":10,""max_protein_delta_g"":8,""exclude_allergens"":true}","gluten|soy","vegetarian|vegan|pescatarian|high_protein|high_fiber","NOT_AVAILABLE","YES_EXPLICIT","YES_EXPLICIT","fat_loss|maintenance|muscle_gain","Nutrition Library V2. USDA FoodData Central. One serving. Identity is external_id.","USDA FoodData Central — SR Legacy (April 2018 release)"
"MEAL-045","وعاء كينوا بالتوفو والكمون والليمون الأخضر مع صلصة الفول السوداني","Cumin-Lime Tofu Quinoa Bowl with Peanut Sauce","YES_DERIVED_FROM_PUBLISHED_READY","published","ready","breakfast","BREAKFAST","OFFICIAL_MEAL_TYPE","YES_OFFICIAL","NO_OFFICIAL","NO_OFFICIAL","NO_OFFICIAL","NO_OFFICIAL","NO","NO","448","25","32.8","24.1","7.9","qa.derived_fiber_g","320","g","1","توفو متماسك محضر بالكالسيوم / Firm tofu prepared with calcium: 70g; كينوا مطهوة / Quinoa, cooked: 80g; زبدة فول سوداني ناعمة / Smooth peanut butter: 30g; فطر أبيض مطهو / White mushrooms, cooked: 80g; كوسا مطهوة / Zucchini, cooked: 50g; كمون / Cumin seed: 2g; عصير ليمون أخضر طازج / Lime juice, raw: 8g","سخّن الكينوا والتوفو والفطر والكوسا حتى تسخن بالكامل. | اخفق زبدة الفول السوداني مع عصير الليمون الأخضر والكمون حتى تتكون صلصة كثيفة بالكمية المحددة. | رتّب المكونات الدافئة في وعاء واحد وأضف الصلصة ثم قدّم حصة واحدة.","Warm the quinoa, tofu, mushrooms and zucchini until hot throughout. | Whisk the peanut butter with lime juice and cumin into a thick measured sauce. | Arrange the warm ingredients in one bowl, spoon over the sauce and serve one portion.","/nutrition/meals/MEAL-045/cover.webp","/nutrition/meals/MEAL-045/cover-thumb.webp","ready","FILES_PRESENT","{""calorie_band_kcal"":""300_449"",""protein_band_g"":""20_29"",""carb_band_g"":""moderate"",""fat_band_g"":""high"",""meal_type_required"":true,""max_calorie_delta_pct"":10,""max_protein_delta_g"":8,""exclude_allergens"":true}","soy|peanuts","vegetarian|vegan|pescatarian|gluten_free|high_fiber","NOT_AVAILABLE","YES_EXPLICIT","YES_EXPLICIT","fat_loss|maintenance|muscle_gain","Nutrition Library V2. USDA FoodData Central. One serving. Identity is external_id.","USDA FoodData Central — SR Legacy (April 2018 release)"
"MEAL-046","بودينغ شيا بحليب الصويا والمانجو والزنجبيل مع التفاح","Mango-Ginger Chia Soy Pudding with Apple","YES_DERIVED_FROM_PUBLISHED_READY","published","ready","breakfast","BREAKFAST","OFFICIAL_MEAL_TYPE","YES_OFFICIAL","NO_OFFICIAL","NO_OFFICIAL","NO_OFFICIAL","NO_OFFICIAL","NO","NO","324","11.5","46","10.5","11.5","qa.derived_fiber_g","405","g","1","حليب صويا سادة / Soy milk, plain: 220g; بذور شيا مجففة / Dried chia seeds: 20g; مانجو طازجة / Mango, raw: 80g; تفاح طازج بالقشر / Apple with skin, raw: 80g; زنجبيل طازج / Ginger root, raw: 5g","اخفق حليب الصويا مع بذور الشيا حتى تتوزع البذور بالتساوي. | برّد الخليط لمدة 4 ساعات على الأقل مع تحريكه مرة بعد 15 دقيقة حتى يتماسك البودينغ بالكامل. | أضف المانجو والتفاح والزنجبيل المبشور ناعمًا بالكميات المحددة وقدّم مرطبانًا واحدًا.","Whisk the soy milk with the chia until the seeds are evenly dispersed. | Refrigerate for at least 4 hours, stirring once after 15 minutes, until the pudding is fully set. | Top with the measured mango, apple and finely grated ginger and serve one jar.","/nutrition/meals/MEAL-046/cover.webp","/nutrition/meals/MEAL-046/cover-thumb.webp","ready","FILES_PRESENT","{""calorie_band_kcal"":""300_449"",""protein_band_g"":""under_20"",""carb_band_g"":""moderate"",""fat_band_g"":""moderate"",""meal_type_required"":true,""max_calorie_delta_pct"":10,""max_protein_delta_g"":8,""exclude_allergens"":true}","soy","vegetarian|vegan|pescatarian|gluten_free|high_fiber|omega_3","NOT_AVAILABLE","YES_EXPLICIT","YES_EXPLICIT","fat_loss|maintenance","Nutrition Library V2. USDA FoodData Central. One serving. Identity is external_id.","USDA FoodData Central — SR Legacy (April 2018 release)"
"MEAL-047","شوفان مطهو ببياض البيض والتوت والشيا","Cooked Berry-Chia Egg White Oats","YES_DERIVED_FROM_PUBLISHED_READY","published","ready","breakfast","BREAKFAST","OFFICIAL_MEAL_TYPE","YES_OFFICIAL","NO_OFFICIAL","NO_OFFICIAL","NO_OFFICIAL","NO_OFFICIAL","NO","NO","302","31","22.1","9.9","5.4","qa.derived_fiber_g","303","g","1","بياض بيض طازج / Egg white, raw, fresh: 230g; شوفان ملفوف جاف / Rolled oats, dry: 15g; لوز / Almonds: 15g; توت أزرق طازج / Blueberries, raw: 40g; بذور شيا مجففة / Dried chia seeds: 3g","اطهُ الشوفان حتى يلين ويغلي برفق. | أضف بياض البيض تدريجيًا مع التحريك المستمر حتى يصبح معتمًا تمامًا وتصل حرارته الداخلية إلى 74°م (165°ف). | أضف التوت الأزرق واللوز وبذور الشيا وقدّم فورًا.","Cook the oats until tender and gently simmering. | Whisk in the egg whites gradually and cook, stirring continuously, until fully opaque and the center reaches 74°C (165°F). | Top with blueberries, almonds and chia and serve immediately.","/nutrition/meals/MEAL-047/cover.webp","/nutrition/meals/MEAL-047/cover-thumb.webp","ready","FILES_PRESENT","{""calorie_band_kcal"":""300_449"",""protein_band_g"":""30_39"",""carb_band_g"":""low"",""fat_band_g"":""moderate"",""meal_type_required"":true,""max_calorie_delta_pct"":10,""max_protein_delta_g"":8,""exclude_allergens"":true}","egg|tree_nuts","vegetarian|pescatarian|high_protein","NOT_AVAILABLE","YES_EXPLICIT","NO_EXPLICIT_TAG","fat_loss|maintenance|muscle_gain","Nutrition Library V2. USDA FoodData Central. One serving. Identity is external_id.","USDA FoodData Central — SR Legacy (April 2018 release)"
"MEAL-048","تاكو ذرة بجبن القريش والطماطم والبقدونس","Tomato-Parsley Cottage Cheese Corn Tacos","YES_DERIVED_FROM_PUBLISHED_READY","published","ready","breakfast","BREAKFAST","OFFICIAL_MEAL_TYPE","YES_OFFICIAL","NO_OFFICIAL","NO_OFFICIAL","NO_OFFICIAL","NO_OFFICIAL","NO","NO","448","15.1","41.2","24.7","8.4","qa.derived_fiber_g","316","g","1","جبن قريش قليل الدسم 2٪ / Cottage cheese, lowfat, 2% milkfat: 80g; خبز تورتيلا الذرة / Corn tortilla: 70g; زيت زيتون / Olive oil: 20g; خس روماني طازج / Romaine lettuce, raw: 80g; كرنب أجعد مطهو / Kale, cooked: 50g; طماطم طازجة / Tomato, raw: 8g; بقدونس طازج / Fresh parsley: 8g","سخّن تورتيلا الذرة وضع القطعتين مفتوحتين في طبق واحد. | وزّع جبن القريش والخس الروماني والكرنب الأجعد بين قطع التورتيلا. | اخلط زيت الزيتون مع الطماطم والبقدونس بالكميات المحددة ووزّعه فوق التاكو ثم قدّم حصة واحدة.","Warm the corn tortillas and place the two tortillas open on one plate. | Divide the cottage cheese, romaine and kale between the tortillas. | Mix the olive oil with the measured tomato and parsley, spoon it over the tacos and serve one portion.","/nutrition/meals/MEAL-048/cover.webp","/nutrition/meals/MEAL-048/cover-thumb.webp","ready","FILES_PRESENT","{""calorie_band_kcal"":""300_449"",""protein_band_g"":""under_20"",""carb_band_g"":""moderate"",""fat_band_g"":""high"",""meal_type_required"":true,""max_calorie_delta_pct"":10,""max_protein_delta_g"":8,""exclude_allergens"":true}","milk","vegetarian|pescatarian|gluten_free|high_fiber","NOT_AVAILABLE","YES_EXPLICIT","NO_EXPLICIT_TAG","fat_loss|maintenance","Nutrition Library V2. USDA FoodData Central. One serving. Identity is external_id.","USDA FoodData Central — SR Legacy (April 2018 release)"
"MEAL-049","جيب بيتا بالتونة والليمون والأعشاب مع السبانخ","Lemon-Herb Tuna Pita Pocket with Spinach","YES_DERIVED_FROM_PUBLISHED_READY","published","ready","breakfast","BREAKFAST","OFFICIAL_MEAL_TYPE","YES_OFFICIAL","NO_OFFICIAL","NO_OFFICIAL","NO_OFFICIAL","NO_OFFICIAL","NO","NO","407","35.1","28.4","17","5.2","qa.derived_fiber_g","311","g","1","تونة خفيفة معلبة بالماء ومصفاة / Light tuna, canned in water, drained: 110g; خبز بيتا من القمح الكامل / Whole-wheat pita bread: 40g; زيت زيتون / Olive oil: 15g; سبانخ مطهوة / Spinach, cooked: 80g; طماطم طازجة / Tomato, raw: 50g; عصير ليمون طازج / Lemon juice, raw: 8g; بقدونس طازج / Fresh parsley: 8g","سخّن خبز البيتا الكامل وافتحه كجيب واحد من دون تمزيقه. | اخلط التونة والسبانخ والطماطم مع زيت الزيتون وعصير الليمون والبقدونس بالكميات المحددة. | املأ جيب البيتا بخليط التونة كاملًا وقدّم حصة واحدة.","Warm the whole-wheat pita and open it into one pocket without tearing. | Mix the tuna, spinach and tomato with the measured olive oil, lemon juice and parsley. | Fill the pita pocket with the complete tuna mixture and serve one portion.","/nutrition/meals/MEAL-049/cover.webp","/nutrition/meals/MEAL-049/cover-thumb.webp","ready","FILES_PRESENT","{""calorie_band_kcal"":""300_449"",""protein_band_g"":""30_39"",""carb_band_g"":""moderate"",""fat_band_g"":""moderate"",""meal_type_required"":true,""max_calorie_delta_pct"":10,""max_protein_delta_g"":8,""exclude_allergens"":true}","gluten|fish","pescatarian|high_protein|omega_3","NOT_AVAILABLE","NO_EXPLICIT_TAG","NO_EXPLICIT_TAG","fat_loss|maintenance|muscle_gain","Nutrition Library V2. USDA FoodData Central. One serving. Identity is external_id.","USDA FoodData Central — SR Legacy (April 2018 release)"
"MEAL-050","مقلاة بياض بيض بالثوم والبابريكا مع توست القمح الكامل","Garlic-Paprika Egg White Skillet with Whole-Wheat Toast","YES_DERIVED_FROM_PUBLISHED_READY","published","ready","breakfast","BREAKFAST","OFFICIAL_MEAL_TYPE","YES_OFFICIAL","NO_OFFICIAL","NO_OFFICIAL","NO_OFFICIAL","NO_OFFICIAL","NO","NO","536","34.7","55.2","19.6","9.6","qa.derived_fiber_g","435","g","1","بياض بيض طازج / Egg white, raw, fresh: 180g; خبز قمح كامل / Whole-wheat bread: 100g; زيت زيتون / Olive oil: 15g; فلفل حلو أحمر طازج / Red bell pepper, raw: 80g; فطر أبيض مطهو / White mushrooms, cooked: 50g; ثوم طازج / Garlic, raw: 8g; بابريكا / Paprika: 2g","حمّص خبز القمح الكامل وضعه بجانب المقلاة. | اطهُ الفلفل الأحمر والفطر والثوم والبابريكا في زيت الزيتون ثم أضف بياض البيض. | حرّك حتى يصبح بياض البيض معتمًا تمامًا وتصل حرارته الداخلية إلى 74°م (165°ف) ثم قدّمه مع التوست كحصة واحدة.","Toast the whole-wheat bread and place it beside the skillet. | Cook the red pepper, mushrooms, garlic and paprika in the olive oil, then add the egg whites. | Stir until the egg whites are fully opaque and the center reaches 74°C (165°F); serve with the toast as one portion.","/nutrition/meals/MEAL-050/cover.webp","/nutrition/meals/MEAL-050/cover-thumb.webp","ready","FILES_PRESENT","{""calorie_band_kcal"":""450_599"",""protein_band_g"":""30_39"",""carb_band_g"":""high"",""fat_band_g"":""high"",""meal_type_required"":true,""max_calorie_delta_pct"":10,""max_protein_delta_g"":8,""exclude_allergens"":true}","egg|gluten","vegetarian|pescatarian|high_protein|high_fiber","NOT_AVAILABLE","YES_EXPLICIT","NO_EXPLICIT_TAG","fat_loss|maintenance|muscle_gain","Nutrition Library V2. USDA FoodData Central. One serving. Identity is external_id.","USDA FoodData Central — SR Legacy (April 2018 release)"
"MEAL-051","طبق فطور بالسلمون والبطاطس مع الكمون والليمون الأخضر","Cumin-Lime Salmon and Potato Breakfast Plate","YES_DERIVED_FROM_PUBLISHED_READY","published","ready","breakfast","BREAKFAST","OFFICIAL_MEAL_TYPE","YES_OFFICIAL","NO_OFFICIAL","NO_OFFICIAL","NO_OFFICIAL","NO_OFFICIAL","NO","NO","313","14.8","25.2","17","3.1","qa.derived_fiber_g","220","g","1","سلمون أطلسي مطهو بحرارة جافة / Atlantic salmon, cooked with dry heat: 50g; بطاطس مشوية بالقشر / Baked potato with skin: 110g; زيت زيتون / Olive oil: 10g; فطر أبيض مطهو / White mushrooms, cooked: 40g; كمون / Cumin seed: 2g; عصير ليمون أخضر طازج / Lime juice, raw: 8g","سخّن السلمون المطهو والبطاطس المشوية والفطر حتى تسخن بالكامل. | رتّبها في أقسام منفصلة بالكميات المحددة في طبق صغير واحد. | اخلط زيت الزيتون مع الكمون وعصير الليمون الأخضر ووزّعه فوق السلمون والبطاطس ثم قدّم حصة واحدة.","Warm the cooked salmon, baked potato and mushrooms until hot throughout. | Arrange them in separate measured sections on one small plate. | Mix the olive oil with cumin and lime juice, drizzle it over the salmon and potato and serve one portion.","/nutrition/meals/MEAL-051/cover.webp","/nutrition/meals/MEAL-051/cover-thumb.webp","ready","FILES_PRESENT","{""calorie_band_kcal"":""300_449"",""protein_band_g"":""under_20"",""carb_band_g"":""moderate"",""fat_band_g"":""moderate"",""meal_type_required"":true,""max_calorie_delta_pct"":10,""max_protein_delta_g"":8,""exclude_allergens"":true}","fish","pescatarian|gluten_free","NOT_AVAILABLE","NO_EXPLICIT_TAG","NO_EXPLICIT_TAG","fat_loss|maintenance","Nutrition Library V2. USDA FoodData Central. One serving. Identity is external_id.","USDA FoodData Central — SR Legacy (April 2018 release)"
"MEAL-052","طبق توست ببياض البيض والزنجبيل والصويا مع الطماطم والسبانخ","Ginger-Soy Egg White Toast Plate with Tomato and Spinach","YES_DERIVED_FROM_PUBLISHED_READY","published","ready","breakfast","BREAKFAST","OFFICIAL_MEAL_TYPE","YES_OFFICIAL","NO_OFFICIAL","NO_OFFICIAL","NO_OFFICIAL","NO_OFFICIAL","NO","NO","542","39.7","52.3","19.3","8.6","qa.derived_fiber_g","491","g","1","بياض بيض طازج / Egg white, raw, fresh: 220g; خبز قمح كامل / Whole-wheat bread: 100g; زيت زيتون / Olive oil: 15g; طماطم طازجة / Tomato, raw: 80g; سبانخ مطهوة / Spinach, cooked: 60g; زنجبيل طازج / Ginger root, raw: 8g; صلصة صويا قليلة الصوديوم / Reduced-sodium soy sauce: 8g","حمّص خبز القمح الكامل وضعه مفتوحًا في طبق واحد. | اطهُ الطماطم والسبانخ والزنجبيل في زيت الزيتون ثم أضف بياض البيض وحرّك حتى يصبح معتمًا تمامًا وتصل حرارته الداخلية إلى 74°م (165°ف). | تبّل بصلصة الصويا بالكمية المحددة ووزّع الخليط المطهو فوق التوست ثم قدّم حصة واحدة.","Toast the whole-wheat bread and place it open on one plate. | Cook the tomato, spinach and ginger in the olive oil, add the egg whites and stir until fully opaque and the center reaches 74°C (165°F). | Season with the measured soy sauce, spoon the cooked mixture over the toast and serve one portion.","/nutrition/meals/MEAL-052/cover.webp","/nutrition/meals/MEAL-052/cover-thumb.webp","ready","FILES_PRESENT","{""calorie_band_kcal"":""450_599"",""protein_band_g"":""30_39"",""carb_band_g"":""high"",""fat_band_g"":""high"",""meal_type_required"":true,""max_calorie_delta_pct"":10,""max_protein_delta_g"":8,""exclude_allergens"":true}","egg|gluten|soy","vegetarian|pescatarian|high_protein|high_fiber","NOT_AVAILABLE","YES_EXPLICIT","NO_EXPLICIT_TAG","fat_loss|maintenance|muscle_gain","Nutrition Library V2. USDA FoodData Central. One serving. Identity is external_id.","USDA FoodData Central — SR Legacy (April 2018 release)"
"MEAL-053","مقلاة شوفان وبياض بيض بالطحينة والليمون مع الجزر","Tahini-Lemon Egg White Oat Skillet with Carrot","YES_DERIVED_FROM_PUBLISHED_READY","published","ready","breakfast","BREAKFAST","OFFICIAL_MEAL_TYPE","YES_OFFICIAL","NO_OFFICIAL","NO_OFFICIAL","NO_OFFICIAL","NO_OFFICIAL","NO","NO","302","25","36.9","6","5.8","qa.derived_fiber_g","261","g","1","بياض بيض طازج / Egg white, raw, fresh: 160g; شوفان ملفوف جاف / Rolled oats, dry: 45g; جبن فيتا / Feta cheese: 5g; جزر طازج / Carrot, raw: 40g; طحينة سمسم / Sesame butter, tahini: 3g; عصير ليمون طازج / Lemon juice, raw: 8g","اطهُ الشوفان حتى يلين ثم ضعه جانبًا. | اطهُ الجزر وبياض البيض في مقلاة غير لاصقة حتى يصبح البياض معتمًا تمامًا وتصل حرارته الداخلية إلى 74°م (165°ف). | أضف الشوفان والفيتا ثم وزّع الطحينة وعصير الليمون بالكميات المحددة وقدّم حصة واحدة من المقلاة.","Cook the oats until tender and set them aside. | Cook the carrot and egg whites in a nonstick skillet until the egg is fully opaque and the center reaches 74°C (165°F). | Fold in the oats and feta, drizzle with the measured tahini and lemon juice and serve one skillet portion.","/nutrition/meals/MEAL-053/cover.webp","/nutrition/meals/MEAL-053/cover-thumb.webp","ready","FILES_PRESENT","{""calorie_band_kcal"":""300_449"",""protein_band_g"":""20_29"",""carb_band_g"":""moderate"",""fat_band_g"":""low"",""meal_type_required"":true,""max_calorie_delta_pct"":10,""max_protein_delta_g"":8,""exclude_allergens"":true}","milk|egg|sesame","vegetarian|pescatarian","NOT_AVAILABLE","YES_EXPLICIT","NO_EXPLICIT_TAG","fat_loss|maintenance|muscle_gain","Nutrition Library V2. USDA FoodData Central. One serving. Identity is external_id.","USDA FoodData Central — SR Legacy (April 2018 release)"
"MEAL-054","طبق بيتا ببياض البيض والطماطم والبقدونس مع البروكلي","Tomato-Parsley Egg White Pita Plate with Broccoli","YES_DERIVED_FROM_PUBLISHED_READY","published","ready","breakfast","BREAKFAST","OFFICIAL_MEAL_TYPE","YES_OFFICIAL","NO_OFFICIAL","NO_OFFICIAL","NO_OFFICIAL","NO_OFFICIAL","NO","NO","538","38.9","57.7","16.9","8.5","qa.derived_fiber_g","515","g","1","بياض بيض طازج / Egg white, raw, fresh: 200g; خبز بيتا من القمح الكامل / Whole-wheat pita bread: 80g; جبن فيتا / Feta cheese: 45g; بروكلي مطهو / Broccoli, cooked: 80g; خيار طازج بالقشر / Cucumber with peel, raw: 50g; طماطم طازجة / Tomato, raw: 50g; بقدونس طازج / Fresh parsley: 5g; زيت زيتون / Olive oil: 5g","سخّن خبز البيتا الكامل وضعه مفتوحًا بجانب حصة المقلاة. | اطهُ الطماطم وبياض البيض في زيت الزيتون حتى يصبح البياض معتمًا تمامًا وتصل حرارته الداخلية إلى 74°م (165°ف)، ثم أضف البقدونس والفيتا. | قدّم الخليط مع البروكلي والخيار وخبز البيتا الواحد بالكمية المحددة كطبق واحد.","Warm the whole-wheat pita and place it open beside the skillet portion. | Cook the tomato and egg whites in the olive oil until fully opaque and the center reaches 74°C (165°F), then fold in the parsley and feta. | Serve with the broccoli and cucumber and the single measured pita as one plate.","/nutrition/meals/MEAL-054/cover.webp","/nutrition/meals/MEAL-054/cover-thumb.webp","ready","FILES_PRESENT","{""calorie_band_kcal"":""450_599"",""protein_band_g"":""30_39"",""carb_band_g"":""high"",""fat_band_g"":""moderate"",""meal_type_required"":true,""max_calorie_delta_pct"":10,""max_protein_delta_g"":8,""exclude_allergens"":true}","milk|egg|gluten","vegetarian|pescatarian|high_protein|high_fiber","NOT_AVAILABLE","YES_EXPLICIT","NO_EXPLICIT_TAG","fat_loss|maintenance|muscle_gain","Nutrition Library V2. USDA FoodData Central. One serving. Identity is external_id.","USDA FoodData Central — SR Legacy (April 2018 release)"
"MEAL-055","وعاء بطاطس مالح بالزبادي اليوناني والسبانخ","Savory Greek Yogurt Potato Bowl with Spinach","YES_DERIVED_FROM_PUBLISHED_READY","published","ready","breakfast","BREAKFAST","OFFICIAL_MEAL_TYPE","YES_OFFICIAL","NO_OFFICIAL","NO_OFFICIAL","NO_OFFICIAL","NO_OFFICIAL","NO","NO","285","31.1","37.6","1.1","4.1","qa.derived_fiber_g","466","g","1","زبادي يوناني سادة خالي الدسم / Greek yogurt, plain, nonfat: 280g; بطاطس مشوية بالقشر / Baked potato with skin: 130g; سبانخ مطهوة / Spinach, cooked: 40g; عصير ليمون طازج / Lemon juice, raw: 8g; بقدونس طازج / Fresh parsley: 8g","سخّن البطاطس المشوية والسبانخ المطهوة وضعهما في وعاء ضحل. | اخلط عصير الليمون والبقدونس مع الزبادي اليوناني البارد. | ضع صلصة الزبادي بجانب البطاطس والسبانخ الدافئة وفوق جزء منهما ثم قدّم وعاءً واحدًا.","Warm the baked potato and cooked spinach and place them in a shallow bowl. | Stir the lemon juice and parsley into the cold Greek yogurt. | Spoon the yogurt sauce beside and partly over the warm potato and spinach; serve one bowl.","/nutrition/meals/MEAL-055/cover.webp","/nutrition/meals/MEAL-055/cover-thumb.webp","ready","FILES_PRESENT","{""calorie_band_kcal"":""under_300"",""protein_band_g"":""30_39"",""carb_band_g"":""moderate"",""fat_band_g"":""low"",""meal_type_required"":true,""max_calorie_delta_pct"":10,""max_protein_delta_g"":8,""exclude_allergens"":true}","milk","vegetarian|pescatarian|gluten_free|high_protein","NOT_AVAILABLE","YES_EXPLICIT","NO_EXPLICIT_TAG","fat_loss|maintenance|muscle_gain","Nutrition Library V2. USDA FoodData Central. One serving. Identity is external_id.","USDA FoodData Central — SR Legacy (April 2018 release)"
"MEAL-056","طبق سلمون بالثوم والبابريكا مع الكسكس","Garlic-Paprika Salmon Plate with Couscous","YES_DERIVED_FROM_PUBLISHED_READY","published","ready","lunch","MAIN_MEAL","OFFICIAL_MEAL_TYPE","NO_OFFICIAL","YES_OFFICIAL","NO_OFFICIAL","NO_OFFICIAL","NO_OFFICIAL","NO","NO","427","35.9","18.8","23.1","2.9","qa.derived_fiber_g","250","g","1","سلمون أطلسي مطهو بحرارة جافة / Atlantic salmon, cooked with dry heat: 140g; كسكس مطهو / Couscous, cooked: 50g; طحينة سمسم / Sesame butter, tahini: 10g; خس روماني طازج / Romaine lettuce, raw: 40g; ثوم طازج / Garlic, raw: 8g; بابريكا / Paprika: 2g","سخّن السلمون المطهو والكسكس حتى يسخنا بالكامل. | رتّب السلمون والكسكس والخس الروماني في أقسام منفصلة بالكميات المحددة في طبق واحد. | اخلط الطحينة مع الثوم والبابريكا ووزّعها فوق السلمون ثم قدّم حصة غداء واحدة.","Warm the cooked salmon and couscous until hot throughout. | Arrange the salmon, couscous and romaine in separate measured sections on one plate. | Mix the tahini with garlic and paprika, spoon it over the salmon and serve one lunch portion.","/nutrition/meals/MEAL-056/cover.webp","/nutrition/meals/MEAL-056/cover-thumb.webp","ready","FILES_PRESENT","{""calorie_band_kcal"":""300_449"",""protein_band_g"":""30_39"",""carb_band_g"":""low"",""fat_band_g"":""high"",""meal_type_required"":true,""max_calorie_delta_pct"":10,""max_protein_delta_g"":8,""exclude_allergens"":true}","gluten|fish|sesame","pescatarian|high_protein|omega_3","NOT_AVAILABLE","NO_EXPLICIT_TAG","NO_EXPLICIT_TAG","fat_loss|maintenance|muscle_gain","Nutrition Library V2. USDA FoodData Central. One serving. Identity is external_id.","USDA FoodData Central — SR Legacy (April 2018 release)"
"MEAL-057","طبق غداء بلحم الضأن والبرغل مع الكمون والليمون الأخضر","Cumin-Lime Lamb and Bulgur Lunch Plate","YES_DERIVED_FROM_PUBLISHED_READY","published","ready","lunch","MAIN_MEAL","OFFICIAL_MEAL_TYPE","NO_OFFICIAL","YES_OFFICIAL","NO_OFFICIAL","NO_OFFICIAL","NO_OFFICIAL","NO","NO","445","36","26.2","21.8","9","qa.derived_fiber_g","260","g","1","فخذ ضأن قليل الدهن ومشوي / Lamb leg, lean, cooked, roasted: 90g; برغل مطهو / Bulgur, cooked: 90g; لوز / Almonds: 30g; سبانخ مطهوة / Spinach, cooked: 40g; كمون / Cumin seed: 2g; عصير ليمون أخضر طازج / Lime juice, raw: 8g","سخّن لحم الضأن المشوي والبرغل والسبانخ حتى تسخن بالكامل. | رتّب لحم الضأن والبرغل كمكوّنين متساويين بالكمية مع السبانخ إلى جانبهما. | أكمل باللوز والكمون وعصير الليمون الأخضر وقدّم طبق غداء واحدًا.","Warm the roasted lamb, bulgur and spinach until hot throughout. | Arrange the lamb and bulgur as equal measured components with the spinach beside them. | Finish with almonds, cumin and lime juice and serve one lunch plate.","/nutrition/meals/MEAL-057/cover.webp","/nutrition/meals/MEAL-057/cover-thumb.webp","ready","FILES_PRESENT","{""calorie_band_kcal"":""300_449"",""protein_band_g"":""30_39"",""carb_band_g"":""moderate"",""fat_band_g"":""high"",""meal_type_required"":true,""max_calorie_delta_pct"":10,""max_protein_delta_g"":8,""exclude_allergens"":true}","gluten|tree_nuts","high_protein|high_fiber","NOT_AVAILABLE","NO_EXPLICIT_TAG","NO_EXPLICIT_TAG","fat_loss|maintenance|muscle_gain","Nutrition Library V2. USDA FoodData Central. One serving. Identity is external_id.","USDA FoodData Central — SR Legacy (April 2018 release)"
"MEAL-058","وعاء بطاطس وإدامامي بالزنجبيل والصويا مع الأفوكادو","Ginger-Soy Edamame Potato Bowl with Avocado","YES_DERIVED_FROM_PUBLISHED_READY","published","ready","lunch","MAIN_MEAL","OFFICIAL_MEAL_TYPE","NO_OFFICIAL","YES_OFFICIAL","NO_OFFICIAL","NO_OFFICIAL","NO_OFFICIAL","NO","NO","488","29.5","56.2","16.1","13.3","qa.derived_fiber_g","416","g","1","فول صويا أخضر مطهو / Green soybeans, cooked: 200g; بطاطس مشوية بالقشر / Baked potato with skin: 140g; أفوكادو طازج / Avocado, raw: 20g; فلفل حلو أحمر طازج / Red bell pepper, raw: 40g; زنجبيل طازج / Ginger root, raw: 8g; صلصة صويا قليلة الصوديوم / Reduced-sodium soy sauce: 8g","سخّن الإدامامي والبطاطس المشوية حتى يسخنا بالكامل. | أضف الفلفل الأحمر والزنجبيل وتبّل بصلصة الصويا بالكمية المحددة. | رتّب الخليط في وعاء واحد وأضف الأفوكادو ثم قدّم حصة غداء كاملة.","Warm the edamame and baked potato until hot throughout. | Add the red pepper and ginger and season with the measured soy sauce. | Arrange in one bowl, add the avocado and serve one complete lunch portion.","/nutrition/meals/MEAL-058/cover.webp","/nutrition/meals/MEAL-058/cover-thumb.webp","ready","FILES_PRESENT","{""calorie_band_kcal"":""450_599"",""protein_band_g"":""20_29"",""carb_band_g"":""high"",""fat_band_g"":""moderate"",""meal_type_required"":true,""max_calorie_delta_pct"":10,""max_protein_delta_g"":8,""exclude_allergens"":true}","soy","vegetarian|vegan|pescatarian|high_fiber","NOT_AVAILABLE","YES_EXPLICIT","YES_EXPLICIT","fat_loss|maintenance","Nutrition Library V2. USDA FoodData Central. One serving. Identity is external_id.","USDA FoodData Central — SR Legacy (April 2018 release)"
"MEAL-059","طبق روبيان وأرز بني بالطحينة والليمون","Tahini-Lemon Shrimp and Brown Rice Plate","YES_DERIVED_FROM_PUBLISHED_READY","published","ready","lunch","MAIN_MEAL","OFFICIAL_MEAL_TYPE","NO_OFFICIAL","YES_OFFICIAL","NO_OFFICIAL","NO_OFFICIAL","NO_OFFICIAL","NO","NO","502","45.5","61.5","8.2","6.5","qa.derived_fiber_g","500","g","1","روبيان مطهو / Shrimp, cooked: 150g; أرز بني مطهو / Brown rice, cooked: 200g; فطر أبيض مطهو / White mushrooms, cooked: 80g; فلفل حلو أحمر طازج / Red bell pepper, raw: 50g; طحينة سمسم / Sesame butter, tahini: 10g; عصير ليمون طازج / Lemon juice, raw: 10g","سخّن الروبيان المطهو والأرز البني والفطر حتى تسخن بالكامل. | رتّب الروبيان والأرز كمكوّنين أساسيين متقاربين مع الفلفل الأحمر إلى جانبهما. | اخفق الطحينة مع عصير الليمون ووزّعها فوق الطبق ثم قدّم حصة واحدة.","Warm the cooked shrimp, brown rice and mushrooms until hot throughout. | Arrange the shrimp and rice as comparable primary components with the red pepper beside them. | Whisk the tahini with lemon juice, drizzle it over the plate and serve one portion.","/nutrition/meals/MEAL-059/cover.webp","/nutrition/meals/MEAL-059/cover-thumb.webp","ready","FILES_PRESENT","{""calorie_band_kcal"":""450_599"",""protein_band_g"":""40_plus"",""carb_band_g"":""high"",""fat_band_g"":""moderate"",""meal_type_required"":true,""max_calorie_delta_pct"":10,""max_protein_delta_g"":8,""exclude_allergens"":true}","sesame|shellfish","pescatarian|gluten_free|high_protein|high_fiber","NOT_AVAILABLE","NO_EXPLICIT_TAG","NO_EXPLICIT_TAG","fat_loss|maintenance|muscle_gain","Nutrition Library V2. USDA FoodData Central. One serving. Identity is external_id.","USDA FoodData Central — SR Legacy (April 2018 release)"
"MEAL-060","طبق لحم ضأن بالطماطم والبقدونس مع الكينوا والأفوكادو","Tomato-Parsley Lamb Plate with Quinoa and Avocado","YES_DERIVED_FROM_PUBLISHED_READY","published","ready","lunch","MAIN_MEAL","OFFICIAL_MEAL_TYPE","NO_OFFICIAL","YES_OFFICIAL","NO_OFFICIAL","NO_OFFICIAL","NO_OFFICIAL","NO","NO","447","35.9","34.9","18.2","8.9","qa.derived_fiber_g","346","g","1","فخذ ضأن قليل الدهن ومشوي / Lamb leg, lean, cooked, roasted: 100g; كينوا مطهوة / Quinoa, cooked: 130g; أفوكادو طازج / Avocado, raw: 60g; خس روماني طازج / Romaine lettuce, raw: 40g; طماطم طازجة / Tomato, raw: 8g; بقدونس طازج / Fresh parsley: 8g","سخّن لحم الضأن المشوي والكينوا المطهوة حتى يسخنا بالكامل. | رتّب لحم الضأن والكينوا والأفوكادو والخس الروماني في أقسام منفصلة بالكميات المحددة. | أكمل بالطماطم والبقدونس وقدّم طبق غداء واحدًا.","Warm the roasted lamb and cooked quinoa until hot throughout. | Arrange the lamb, quinoa, avocado and romaine in distinct measured sections. | Finish with the tomato and parsley and serve one lunch plate.","/nutrition/meals/MEAL-060/cover.webp","/nutrition/meals/MEAL-060/cover-thumb.webp","ready","FILES_PRESENT","{""calorie_band_kcal"":""300_449"",""protein_band_g"":""30_39"",""carb_band_g"":""moderate"",""fat_band_g"":""high"",""meal_type_required"":true,""max_calorie_delta_pct"":10,""max_protein_delta_g"":8,""exclude_allergens"":true}","NOT_AVAILABLE","gluten_free|high_protein|high_fiber","NOT_AVAILABLE","NO_EXPLICIT_TAG","NO_EXPLICIT_TAG","fat_loss|maintenance|muscle_gain","Nutrition Library V2. USDA FoodData Central. One serving. Identity is external_id.","USDA FoodData Central — SR Legacy (April 2018 release)"
"MEAL-061","وعاء سلطة الأرز بالتونة والفلفل والليمون","Lemon-Pepper Tuna Rice Salad Bowl","YES_DERIVED_FROM_PUBLISHED_READY","published","ready","lunch","MAIN_MEAL","OFFICIAL_MEAL_TYPE","NO_OFFICIAL","YES_OFFICIAL","NO_OFFICIAL","NO_OFFICIAL","NO_OFFICIAL","NO","NO","413","37.8","38.8","11.8","3.2","qa.derived_fiber_g","467","g","1","تونة خفيفة معلبة بالماء ومصفاة / Light tuna, canned in water, drained: 130g; أرز أبيض مطهو / White rice, cooked: 100g; فلفل حلو أحمر طازج / Red bell pepper, raw: 70g; خيار طازج بالقشر / Cucumber with peel, raw: 80g; طماطم طازجة / Tomato, raw: 60g; زيت زيتون / Olive oil: 10g; عصير ليمون طازج / Lemon juice, raw: 12g; بقدونس طازج / Fresh parsley: 5g","زِن وحضّر تونة خفيفة معلبة بالماء ومصفاة، أرز أبيض مطهو، فلفل حلو أحمر طازج، خيار طازج بالقشر، طماطم طازجة، زيت زيتون، عصير ليمون طازج، وبقدونس طازج بالكميات المدرجة بدقة، مع الحفاظ على الحالة المطهوة أو الطازجة المسجلة لكل مكوّن. | سخّن البروتين والبقول والحبوب المطهوة كلًا على حدة، وامزج الحمضيات والزيت والصلصة والتوابل المدرجة في تتبيلة خفيفة عند وجودها. | رتّب كل مكوّن مقاس في وعاء غداء واحد بأقسام ظاهرة ومميزة، وأضف التتبيلة المدرجة فقط وقدّم الوعاء كاملًا كحصة واحدة.","Measure and prepare Light tuna, canned in water, drained, White rice, cooked, Red bell pepper, raw, Cucumber with peel, raw, Tomato, raw, Olive oil, Lemon juice, raw, and Fresh parsley in the exact listed amounts, keeping every cooked and raw ingredient in its recorded state. | Warm the cooked protein, legumes and grain separately; combine the listed citrus, oil, sauce and seasonings into a restrained dressing where present. | Arrange every measured component in one lunch bowl with distinct visible sections, add only the listed dressing, and serve the complete bowl as one portion.","/nutrition/meals/MEAL-061/cover.webp","/nutrition/meals/MEAL-061/cover-thumb.webp","ready","FILES_PRESENT","{""calorie_band_kcal"":""300_449"",""protein_band_g"":""30_39"",""carb_band_g"":""moderate"",""fat_band_g"":""moderate"",""meal_type_required"":true,""max_calorie_delta_pct"":10,""max_protein_delta_g"":8,""exclude_allergens"":true}","fish","pescatarian|gluten_free|high_protein|omega_3","NOT_AVAILABLE","NO_EXPLICIT_TAG","NO_EXPLICIT_TAG","fat_loss|maintenance|muscle_gain","Nutrition Library V2. USDA FoodData Central. One serving. Identity is external_id.","USDA FoodData Central — SR Legacy (April 2018 release)"
"MEAL-062","وعاء معكرونة القمح الكامل بالتمبيه والعدس والثوم","Garlic Tempeh-Lentils Whole-Wheat Pasta Bowl","YES_DERIVED_FROM_PUBLISHED_READY","published","ready","lunch","MAIN_MEAL","OFFICIAL_MEAL_TYPE","NO_OFFICIAL","YES_OFFICIAL","NO_OFFICIAL","NO_OFFICIAL","NO_OFFICIAL","NO","NO","908","55.4","101.1","31.3","21","qa.derived_fiber_g","620","g","1","تمبيه مطهو / Tempeh, cooked: 150g; عدس مطهو / Lentils, cooked: 120g; معكرونة قمح كامل مطهوة / Whole-wheat pasta, cooked: 180g; بروكلي مطهو / Broccoli, cooked: 80g; فطر أبيض مطهو / White mushrooms, cooked: 70g; زيت زيتون / Olive oil: 10g; ثوم طازج / Garlic, raw: 5g; بقدونس طازج / Fresh parsley: 5g","زِن وحضّر تمبيه مطهو، عدس مطهو، معكرونة قمح كامل مطهوة، بروكلي مطهو، فطر أبيض مطهو، زيت زيتون، ثوم طازج، وبقدونس طازج بالكميات المدرجة بدقة، مع الحفاظ على الحالة المطهوة أو الطازجة المسجلة لكل مكوّن. | سخّن البروتين والبقول والحبوب المطهوة كلًا على حدة، وامزج الحمضيات والزيت والصلصة والتوابل المدرجة في تتبيلة خفيفة عند وجودها. | رتّب كل مكوّن مقاس في وعاء غداء واحد بأقسام ظاهرة ومميزة، وأضف التتبيلة المدرجة فقط وقدّم الوعاء كاملًا كحصة واحدة.","Measure and prepare Tempeh, cooked, Lentils, cooked, Whole-wheat pasta, cooked, Broccoli, cooked, White mushrooms, cooked, Olive oil, Garlic, raw, and Fresh parsley in the exact listed amounts, keeping every cooked and raw ingredient in its recorded state. | Warm the cooked protein, legumes and grain separately; combine the listed citrus, oil, sauce and seasonings into a restrained dressing where present. | Arrange every measured component in one lunch bowl with distinct visible sections, add only the listed dressing, and serve the complete bowl as one portion.","/nutrition/meals/MEAL-062/cover.webp","/nutrition/meals/MEAL-062/cover-thumb.webp","ready","FILES_PRESENT","{""calorie_band_kcal"":""600_plus"",""protein_band_g"":""40_plus"",""carb_band_g"":""high"",""fat_band_g"":""high"",""meal_type_required"":true,""max_calorie_delta_pct"":10,""max_protein_delta_g"":8,""exclude_allergens"":true}","gluten|soy","vegetarian|vegan|pescatarian|high_protein|high_fiber","NOT_AVAILABLE","YES_EXPLICIT","YES_EXPLICIT","fat_loss|maintenance|muscle_gain","Nutrition Library V2. USDA FoodData Central. One serving. Identity is external_id.","USDA FoodData Central — SR Legacy (April 2018 release)"
"MEAL-063","سلطة البطاطس بالسردين والفيتا والليمون والبقدونس","Lemon-Parsley Sardines Potato Feta Salad","YES_DERIVED_FROM_PUBLISHED_READY","published","ready","lunch","MAIN_MEAL","OFFICIAL_MEAL_TYPE","NO_OFFICIAL","YES_OFFICIAL","NO_OFFICIAL","NO_OFFICIAL","NO_OFFICIAL","NO","NO","636","33.5","51.8","32.7","8.5","qa.derived_fiber_g","556","g","1","سردين معلب بالزيت ومصفى / Sardines, canned in oil, drained: 90g; بطاطس مشوية بالقشر / Baked potato with skin: 200g; جبن فيتا / Feta cheese: 30g; أفوكادو طازج / Avocado, raw: 50g; خيار طازج بالقشر / Cucumber with peel, raw: 80g; طماطم طازجة / Tomato, raw: 80g; زيت زيتون / Olive oil: 8g; عصير ليمون طازج / Lemon juice, raw: 12g; بقدونس طازج / Fresh parsley: 6g","زِن وحضّر سردين معلب بالزيت ومصفى، بطاطس مشوية بالقشر، جبن فيتا، أفوكادو طازج، خيار طازج بالقشر، طماطم طازجة، زيت زيتون، عصير ليمون طازج، وبقدونس طازج بالكميات المدرجة بدقة، مع الحفاظ على الحالة المطهوة أو الطازجة المسجلة لكل مكوّن. | سخّن المكونات المطهوة كلًا على حدة وامزج الحمضيات والزيت والتوابل المدرجة فقط كلمسة خفيفة ومقاسة. | رتّب الحصة المقاسة كاملة في طبق غداء واحد، مع إبقاء المكوّن الأساسي والنشويات المذكورة بارزة بصريًا والجوانب منفصلة.","Measure and prepare Sardines, canned in oil, drained, Baked potato with skin, Feta cheese, Avocado, raw, Cucumber with peel, raw, Tomato, raw, Olive oil, Lemon juice, raw, and Fresh parsley in the exact listed amounts, keeping every cooked and raw ingredient in its recorded state. | Warm the cooked components separately and mix only the listed citrus, oil and seasonings into a light measured finish. | Plate the complete measured serving on one lunch plate, keeping the named primary food and starch visibly dominant and all sides distinct.","/nutrition/meals/MEAL-063/cover.webp","/nutrition/meals/MEAL-063/cover-thumb.webp","ready","FILES_PRESENT","{""calorie_band_kcal"":""600_plus"",""protein_band_g"":""30_39"",""carb_band_g"":""high"",""fat_band_g"":""high"",""meal_type_required"":true,""max_calorie_delta_pct"":10,""max_protein_delta_g"":8,""exclude_allergens"":true}","milk|fish","pescatarian|gluten_free|high_fiber|omega_3","NOT_AVAILABLE","NO_EXPLICIT_TAG","NO_EXPLICIT_TAG","fat_loss|maintenance|muscle_gain","Nutrition Library V2. USDA FoodData Central. One serving. Identity is external_id.","USDA FoodData Central — SR Legacy (April 2018 release)"
"MEAL-064","لفافة بيتا كاملة باللحم البقري والحمص والكمون","Cumin Beef Hummus Whole-Wheat Pita Wrap","YES_DERIVED_FROM_PUBLISHED_READY","published","ready","lunch","MAIN_MEAL","OFFICIAL_MEAL_TYPE","NO_OFFICIAL","YES_OFFICIAL","NO_OFFICIAL","NO_OFFICIAL","NO_OFFICIAL","NO","NO","588","47.7","56","19.2","11","qa.derived_fiber_g","423","g","1","لحم بقري من السيرلوين قليل الدهن ومشوي / Beef top sirloin, lean, cooked, grilled: 120g; خبز بيتا من القمح الكامل / Whole-wheat pita bread: 60g; حمص مهروس محضر / Prepared hummus: 50g; خس روماني طازج / Romaine lettuce, raw: 50g; طماطم طازجة / Tomato, raw: 60g; بصل طازج / Onion, raw: 30g; أفوكادو طازج / Avocado, raw: 40g; عصير ليمون أخضر طازج / Lime juice, raw: 10g; كمون / Cumin seed: 3g","زِن وحضّر لحم بقري من السيرلوين قليل الدهن ومشوي، خبز بيتا من القمح الكامل، حمص مهروس محضر، خس روماني طازج، طماطم طازجة، بصل طازج، أفوكادو طازج، عصير ليمون أخضر طازج، وكمون بالكميات المدرجة بدقة، مع الحفاظ على الحالة المطهوة أو الطازجة المسجلة لكل مكوّن. | سخّن الخبز والحشوة المطهوة المدرجين، وامزج المكوّن الكريمي والحمضيات والتوابل المدرجة فقط، ثم وزّع الحشوة المقاسة بالتساوي. | اطوِ حصة الخبز المدرجة كاملة حول الحشوة، وضعها في علبة تحضير وجبات واحدة دون أي جانب أو زينة أو صلصة خارج قائمة المكونات.","Measure and prepare Beef top sirloin, lean, cooked, grilled, Whole-wheat pita bread, Prepared hummus, Romaine lettuce, raw, Tomato, raw, Onion, raw, Avocado, raw, Lime juice, raw, and Cumin seed in the exact listed amounts, keeping every cooked and raw ingredient in its recorded state. | Warm the listed bread and cooked filling; combine only the listed creamy component, citrus and seasonings, then distribute the measured filling evenly. | Fold the full listed bread serving around the filling, pack it in one meal-prep box, and include no side, garnish or sauce beyond the ingredient list.","/nutrition/meals/MEAL-064/cover.webp","/nutrition/meals/MEAL-064/cover-thumb.webp","ready","FILES_PRESENT","{""calorie_band_kcal"":""450_599"",""protein_band_g"":""40_plus"",""carb_band_g"":""high"",""fat_band_g"":""high"",""meal_type_required"":true,""max_calorie_delta_pct"":10,""max_protein_delta_g"":8,""exclude_allergens"":true}","gluten|sesame","high_protein|high_fiber","NOT_AVAILABLE","NO_EXPLICIT_TAG","NO_EXPLICIT_TAG","fat_loss|maintenance|muscle_gain","Nutrition Library V2. USDA FoodData Central. One serving. Identity is external_id.","USDA FoodData Central — SR Legacy (April 2018 release)"
"MEAL-065","وعاء الشعير بالديك الرومي والفيتا والليمون والبقدونس","Lemon-Parsley Turkey Barley Feta Bowl","YES_DERIVED_FROM_PUBLISHED_READY","published","ready","lunch","MAIN_MEAL","OFFICIAL_MEAL_TYPE","NO_OFFICIAL","YES_OFFICIAL","NO_OFFICIAL","NO_OFFICIAL","NO_OFFICIAL","NO","NO","532","34.8","57.1","18.3","10","qa.derived_fiber_g","510","g","1","صدر ديك رومي مطهو ومشوي / Turkey breast, cooked, roasted: 80g; شعير لؤلؤي مطهو / Pearled barley, cooked: 160g; جبن فيتا / Feta cheese: 25g; فلفل حلو أحمر طازج / Red bell pepper, raw: 80g; خيار طازج بالقشر / Cucumber with peel, raw: 70g; سبانخ مطهوة / Spinach, cooked: 70g; زيت زيتون / Olive oil: 10g; عصير ليمون طازج / Lemon juice, raw: 10g; بقدونس طازج / Fresh parsley: 5g","زِن وحضّر صدر ديك رومي مطهو ومشوي، شعير لؤلؤي مطهو، جبن فيتا، فلفل حلو أحمر طازج، خيار طازج بالقشر، سبانخ مطهوة، زيت زيتون، عصير ليمون طازج، وبقدونس طازج بالكميات المدرجة بدقة، مع الحفاظ على الحالة المطهوة أو الطازجة المسجلة لكل مكوّن. | سخّن البروتين والبقول والحبوب المطهوة كلًا على حدة، وامزج الحمضيات والزيت والصلصة والتوابل المدرجة في تتبيلة خفيفة عند وجودها. | رتّب كل مكوّن مقاس في وعاء غداء واحد بأقسام ظاهرة ومميزة، وأضف التتبيلة المدرجة فقط وقدّم الوعاء كاملًا كحصة واحدة.","Measure and prepare Turkey breast, cooked, roasted, Pearled barley, cooked, Feta cheese, Red bell pepper, raw, Cucumber with peel, raw, Spinach, cooked, Olive oil, Lemon juice, raw, and Fresh parsley in the exact listed amounts, keeping every cooked and raw ingredient in its recorded state. | Warm the cooked protein, legumes and grain separately; combine the listed citrus, oil, sauce and seasonings into a restrained dressing where present. | Arrange every measured component in one lunch bowl with distinct visible sections, add only the listed dressing, and serve the complete bowl as one portion.","/nutrition/meals/MEAL-065/cover.webp","/nutrition/meals/MEAL-065/cover-thumb.webp","ready","FILES_PRESENT","{""calorie_band_kcal"":""450_599"",""protein_band_g"":""30_39"",""carb_band_g"":""high"",""fat_band_g"":""high"",""meal_type_required"":true,""max_calorie_delta_pct"":10,""max_protein_delta_g"":8,""exclude_allergens"":true}","milk|gluten","high_fiber","NOT_AVAILABLE","NO_EXPLICIT_TAG","NO_EXPLICIT_TAG","fat_loss|maintenance|muscle_gain","Nutrition Library V2. USDA FoodData Central. One serving. Identity is external_id.","USDA FoodData Central — SR Legacy (April 2018 release)"
"MEAL-066","وعاء تاكو بالروبيان والحمص والكمون والليمون الأخضر","Cumin-Lime Shrimp Chickpea Taco Bowl","YES_DERIVED_FROM_PUBLISHED_READY","published","ready","lunch","MAIN_MEAL","OFFICIAL_MEAL_TYPE","NO_OFFICIAL","YES_OFFICIAL","NO_OFFICIAL","NO_OFFICIAL","NO_OFFICIAL","NO","NO","427","33.8","44.8","12.5","12.5","qa.derived_fiber_g","425","g","1","روبيان مطهو / Shrimp, cooked: 100g; حمص حب مطهو / Chickpeas, cooked: 50g; خبز تورتيلا الذرة / Corn tortilla: 40g; أفوكادو طازج / Avocado, raw: 40g; فلفل حلو أحمر طازج / Red bell pepper, raw: 60g; خس روماني طازج / Romaine lettuce, raw: 60g; طماطم طازجة / Tomato, raw: 60g; زيت زيتون / Olive oil: 3g; عصير ليمون أخضر طازج / Lime juice, raw: 10g; كمون / Cumin seed: 2g","زِن وحضّر روبيان مطهو، حمص حب مطهو، خبز تورتيلا الذرة، أفوكادو طازج، فلفل حلو أحمر طازج، خس روماني طازج، طماطم طازجة، زيت زيتون، عصير ليمون أخضر طازج، وكمون بالكميات المدرجة بدقة، مع الحفاظ على الحالة المطهوة أو الطازجة المسجلة لكل مكوّن. | سخّن البروتين والبقول والحبوب المطهوة كلًا على حدة، وامزج الحمضيات والزيت والصلصة والتوابل المدرجة في تتبيلة خفيفة عند وجودها. | رتّب كل مكوّن مقاس في وعاء غداء واحد بأقسام ظاهرة ومميزة، وأضف التتبيلة المدرجة فقط وقدّم الوعاء كاملًا كحصة واحدة.","Measure and prepare Shrimp, cooked, Chickpeas, cooked, Corn tortilla, Avocado, raw, Red bell pepper, raw, Romaine lettuce, raw, Tomato, raw, Olive oil, Lime juice, raw, and Cumin seed in the exact listed amounts, keeping every cooked and raw ingredient in its recorded state. | Warm the cooked protein, legumes and grain separately; combine the listed citrus, oil, sauce and seasonings into a restrained dressing where present. | Arrange every measured component in one lunch bowl with distinct visible sections, add only the listed dressing, and serve the complete bowl as one portion.","/nutrition/meals/MEAL-066/cover.webp","/nutrition/meals/MEAL-066/cover-thumb.webp","ready","FILES_PRESENT","{""calorie_band_kcal"":""300_449"",""protein_band_g"":""30_39"",""carb_band_g"":""moderate"",""fat_band_g"":""moderate"",""meal_type_required"":true,""max_calorie_delta_pct"":10,""max_protein_delta_g"":8,""exclude_allergens"":true}","shellfish","pescatarian|gluten_free|high_fiber","NOT_AVAILABLE","NO_EXPLICIT_TAG","NO_EXPLICIT_TAG","fat_loss|maintenance|muscle_gain","Nutrition Library V2. USDA FoodData Central. One serving. Identity is external_id.","USDA FoodData Central — SR Legacy (April 2018 release)"
"MEAL-067","طبق البرغل باللحم البقري المفروم والثوم والبابريكا","Garlic-Paprika Ground Beef Bulgur Plate","YES_DERIVED_FROM_PUBLISHED_READY","published","ready","lunch","MAIN_MEAL","OFFICIAL_MEAL_TYPE","NO_OFFICIAL","YES_OFFICIAL","NO_OFFICIAL","NO_OFFICIAL","NO_OFFICIAL","NO","NO","461","42","31.7","18.5","9.2","qa.derived_fiber_g","441","g","1","لحم بقري مفروم 90٪ قليل الدهن ومطهو / Ground beef, 90% lean, cooked: 130g; برغل مطهو / Bulgur, cooked: 100g; سبانخ مطهوة / Spinach, cooked: 80g; طماطم طازجة / Tomato, raw: 80g; بصل طازج / Onion, raw: 40g; زيت زيتون / Olive oil: 3g; ثوم طازج / Garlic, raw: 5g; بابريكا / Paprika: 3g","زِن وحضّر لحم بقري مفروم 90٪ قليل الدهن ومطهو، برغل مطهو، سبانخ مطهوة، طماطم طازجة، بصل طازج، زيت زيتون، ثوم طازج، وبابريكا بالكميات المدرجة بدقة، مع الحفاظ على الحالة المطهوة أو الطازجة المسجلة لكل مكوّن. | سخّن المكونات المطهوة كلًا على حدة وامزج الحمضيات والزيت والتوابل المدرجة فقط كلمسة خفيفة ومقاسة. | رتّب الحصة المقاسة كاملة في طبق غداء واحد، مع إبقاء المكوّن الأساسي والنشويات المذكورة بارزة بصريًا والجوانب منفصلة.","Measure and prepare Ground beef, 90% lean, cooked, Bulgur, cooked, Spinach, cooked, Tomato, raw, Onion, raw, Olive oil, Garlic, raw, and Paprika in the exact listed amounts, keeping every cooked and raw ingredient in its recorded state. | Warm the cooked components separately and mix only the listed citrus, oil and seasonings into a light measured finish. | Plate the complete measured serving on one lunch plate, keeping the named primary food and starch visibly dominant and all sides distinct.","/nutrition/meals/MEAL-067/cover.webp","/nutrition/meals/MEAL-067/cover-thumb.webp","ready","FILES_PRESENT","{""calorie_band_kcal"":""450_599"",""protein_band_g"":""40_plus"",""carb_band_g"":""moderate"",""fat_band_g"":""high"",""meal_type_required"":true,""max_calorie_delta_pct"":10,""max_protein_delta_g"":8,""exclude_allergens"":true}","gluten","high_protein|high_fiber","NOT_AVAILABLE","NO_EXPLICIT_TAG","NO_EXPLICIT_TAG","fat_loss|maintenance|muscle_gain","Nutrition Library V2. USDA FoodData Central. One serving. Identity is external_id.","USDA FoodData Central — SR Legacy (April 2018 release)"
"MEAL-068","وعاء تاكو بالفاصوليا السوداء والكينوا والأفوكادو","Cumin-Lime Black Beans Quinoa Avocado Taco Bowl","YES_DERIVED_FROM_PUBLISHED_READY","published","ready","lunch","MAIN_MEAL","OFFICIAL_MEAL_TYPE","NO_OFFICIAL","YES_OFFICIAL","NO_OFFICIAL","NO_OFFICIAL","NO_OFFICIAL","NO","NO","654","24.7","98.9","17.7","27.4","qa.derived_fiber_g","620","g","1","فاصوليا سوداء مطهوة / Black beans, cooked: 130g; كينوا مطهوة / Quinoa, cooked: 150g; خبز تورتيلا الذرة / Corn tortilla: 40g; أفوكادو طازج / Avocado, raw: 80g; طماطم طازجة / Tomato, raw: 75g; فلفل حلو أحمر طازج / Red bell pepper, raw: 70g; خس روماني طازج / Romaine lettuce, raw: 60g; عصير ليمون أخضر طازج / Lime juice, raw: 12g; كمون / Cumin seed: 3g","زِن وحضّر فاصوليا سوداء مطهوة، كينوا مطهوة، خبز تورتيلا الذرة، أفوكادو طازج، طماطم طازجة، فلفل حلو أحمر طازج، خس روماني طازج، عصير ليمون أخضر طازج، وكمون بالكميات المدرجة بدقة، مع الحفاظ على الحالة المطهوة أو الطازجة المسجلة لكل مكوّن. | سخّن البروتين والبقول والحبوب المطهوة كلًا على حدة، وامزج الحمضيات والزيت والصلصة والتوابل المدرجة في تتبيلة خفيفة عند وجودها. | رتّب كل مكوّن مقاس في وعاء غداء واحد بأقسام ظاهرة ومميزة، وأضف التتبيلة المدرجة فقط وقدّم الوعاء كاملًا كحصة واحدة.","Measure and prepare Black beans, cooked, Quinoa, cooked, Corn tortilla, Avocado, raw, Tomato, raw, Red bell pepper, raw, Romaine lettuce, raw, Lime juice, raw, and Cumin seed in the exact listed amounts, keeping every cooked and raw ingredient in its recorded state. | Warm the cooked protein, legumes and grain separately; combine the listed citrus, oil, sauce and seasonings into a restrained dressing where present. | Arrange every measured component in one lunch bowl with distinct visible sections, add only the listed dressing, and serve the complete bowl as one portion.","/nutrition/meals/MEAL-068/cover.webp","/nutrition/meals/MEAL-068/cover-thumb.webp","ready","FILES_PRESENT","{""calorie_band_kcal"":""600_plus"",""protein_band_g"":""20_29"",""carb_band_g"":""high"",""fat_band_g"":""moderate"",""meal_type_required"":true,""max_calorie_delta_pct"":10,""max_protein_delta_g"":8,""exclude_allergens"":true}","NOT_AVAILABLE","vegetarian|vegan|pescatarian|gluten_free|high_fiber","NOT_AVAILABLE","YES_EXPLICIT","YES_EXPLICIT","fat_loss|maintenance","Nutrition Library V2. USDA FoodData Central. One serving. Identity is external_id.","USDA FoodData Central — SR Legacy (April 2018 release)"
"MEAL-069","طبق البطاطا الحلوة بالكمون والليمون الأخضر مع الدجاج والأفوكادو","Cumin-Lime Sweet Potato Plate with Chicken and Avocado","YES_DERIVED_FROM_PUBLISHED_READY","published","ready","lunch","MAIN_MEAL","OFFICIAL_MEAL_TYPE","NO_OFFICIAL","YES_OFFICIAL","NO_OFFICIAL","NO_OFFICIAL","NO_OFFICIAL","NO","NO","491","24.3","60.9","16.7","15.3","qa.derived_fiber_g","578","g","1","بطاطا حلوة مشوية / Baked sweet potato: 220g; صدر دجاج مطهو ومشوي / Chicken breast, cooked, roasted: 50g; أفوكادو طازج / Avocado, raw: 70g; كوسا مطهوة / Zucchini, cooked: 100g; خس روماني طازج / Romaine lettuce, raw: 60g; طماطم طازجة / Tomato, raw: 60g; زيت زيتون / Olive oil: 3g; عصير ليمون أخضر طازج / Lime juice, raw: 12g; كمون / Cumin seed: 3g","زِن وحضّر بطاطا حلوة مشوية، صدر دجاج مطهو ومشوي، أفوكادو طازج، كوسا مطهوة، خس روماني طازج، طماطم طازجة، زيت زيتون، عصير ليمون أخضر طازج، وكمون بالكميات المدرجة بدقة، مع الحفاظ على الحالة المطهوة أو الطازجة المسجلة لكل مكوّن. | سخّن المكونات المطهوة كلًا على حدة وامزج الحمضيات والزيت والتوابل المدرجة فقط كلمسة خفيفة ومقاسة. | رتّب الحصة المقاسة كاملة في طبق غداء واحد، مع إبقاء المكوّن الأساسي والنشويات المذكورة بارزة بصريًا والجوانب منفصلة.","Measure and prepare Baked sweet potato, Chicken breast, cooked, roasted, Avocado, raw, Zucchini, cooked, Romaine lettuce, raw, Tomato, raw, Olive oil, Lime juice, raw, and Cumin seed in the exact listed amounts, keeping every cooked and raw ingredient in its recorded state. | Warm the cooked components separately and mix only the listed citrus, oil and seasonings into a light measured finish. | Plate the complete measured serving on one lunch plate, keeping the named primary food and starch visibly dominant and all sides distinct.","/nutrition/meals/MEAL-069/cover.webp","/nutrition/meals/MEAL-069/cover-thumb.webp","ready","FILES_PRESENT","{""calorie_band_kcal"":""450_599"",""protein_band_g"":""20_29"",""carb_band_g"":""high"",""fat_band_g"":""moderate"",""meal_type_required"":true,""max_calorie_delta_pct"":10,""max_protein_delta_g"":8,""exclude_allergens"":true}","NOT_AVAILABLE","gluten_free|high_fiber","NOT_AVAILABLE","NO_EXPLICIT_TAG","NO_EXPLICIT_TAG","fat_loss|maintenance","Nutrition Library V2. USDA FoodData Central. One serving. Identity is external_id.","USDA FoodData Central — SR Legacy (April 2018 release)"
"MEAL-070","وعاء الأرز البني بالديك الرومي والبروكلي والثوم والبابريكا","Garlic-Paprika Turkey Brown Rice Broccoli Bowl","YES_DERIVED_FROM_PUBLISHED_READY","published","ready","lunch","MAIN_MEAL","OFFICIAL_MEAL_TYPE","NO_OFFICIAL","YES_OFFICIAL","NO_OFFICIAL","NO_OFFICIAL","NO_OFFICIAL","NO","NO","414","42.6","39.6","9.5","7.3","qa.derived_fiber_g","393","g","1","صدر ديك رومي مطهو ومشوي / Turkey breast, cooked, roasted: 120g; أرز بني مطهو / Brown rice, cooked: 100g; بروكلي مطهو / Broccoli, cooked: 100g; فلفل حلو أحمر طازج / Red bell pepper, raw: 60g; زيت زيتون / Olive oil: 5g; ثوم طازج / Garlic, raw: 5g; بابريكا / Paprika: 3g","زِن وحضّر صدر ديك رومي مطهو ومشوي، أرز بني مطهو، بروكلي مطهو، فلفل حلو أحمر طازج، زيت زيتون، ثوم طازج، وبابريكا بالكميات المدرجة بدقة، مع الحفاظ على الحالة المطهوة أو الطازجة المسجلة لكل مكوّن. | سخّن البروتين والبقول والحبوب المطهوة كلًا على حدة، وامزج الحمضيات والزيت والصلصة والتوابل المدرجة في تتبيلة خفيفة عند وجودها. | رتّب كل مكوّن مقاس في وعاء غداء واحد بأقسام ظاهرة ومميزة، وأضف التتبيلة المدرجة فقط وقدّم الوعاء كاملًا كحصة واحدة.","Measure and prepare Turkey breast, cooked, roasted, Brown rice, cooked, Broccoli, cooked, Red bell pepper, raw, Olive oil, Garlic, raw, and Paprika in the exact listed amounts, keeping every cooked and raw ingredient in its recorded state. | Warm the cooked protein, legumes and grain separately; combine the listed citrus, oil, sauce and seasonings into a restrained dressing where present. | Arrange every measured component in one lunch bowl with distinct visible sections, add only the listed dressing, and serve the complete bowl as one portion.","/nutrition/meals/MEAL-070/cover.webp","/nutrition/meals/MEAL-070/cover-thumb.webp","ready","FILES_PRESENT","{""calorie_band_kcal"":""300_449"",""protein_band_g"":""40_plus"",""carb_band_g"":""moderate"",""fat_band_g"":""moderate"",""meal_type_required"":true,""max_calorie_delta_pct"":10,""max_protein_delta_g"":8,""exclude_allergens"":true}","NOT_AVAILABLE","gluten_free|high_protein|high_fiber","NOT_AVAILABLE","NO_EXPLICIT_TAG","NO_EXPLICIT_TAG","fat_loss|maintenance|muscle_gain","Nutrition Library V2. USDA FoodData Central. One serving. Identity is external_id.","USDA FoodData Central — SR Legacy (April 2018 release)"
"MEAL-071","علبة بيتا متوسطية بالحمص والفيتا","Mediterranean Hummus Chickpea Feta Pita Box","YES_DERIVED_FROM_PUBLISHED_READY","published","ready","lunch","MAIN_MEAL","OFFICIAL_MEAL_TYPE","NO_OFFICIAL","YES_OFFICIAL","NO_OFFICIAL","NO_OFFICIAL","NO_OFFICIAL","NO","NO","832","30.7","113.5","28.3","19.3","qa.derived_fiber_g","533","g","1","حمص مهروس محضر / Prepared hummus: 120g; حمص حب مطهو / Chickpeas, cooked: 90g; جبن فيتا / Feta cheese: 40g; خبز بيتا من القمح الكامل / Whole-wheat pita bread: 100g; خيار طازج بالقشر / Cucumber with peel, raw: 80g; طماطم طازجة / Tomato, raw: 80g; زيت زيتون / Olive oil: 5g; عصير ليمون طازج / Lemon juice, raw: 12g; بقدونس طازج / Fresh parsley: 6g","زِن وحضّر حمص مهروس محضر، حمص حب مطهو، جبن فيتا، خبز بيتا من القمح الكامل، خيار طازج بالقشر، طماطم طازجة، زيت زيتون، عصير ليمون طازج، وبقدونس طازج بالكميات المدرجة بدقة، مع الحفاظ على الحالة المطهوة أو الطازجة المسجلة لكل مكوّن. | سخّن الخبز والحشوة المطهوة المدرجين، وامزج المكوّن الكريمي والحمضيات والتوابل المدرجة فقط، ثم وزّع الحشوة المقاسة بالتساوي. | اطوِ حصة الخبز المدرجة كاملة حول الحشوة، وضعها في علبة تحضير وجبات واحدة دون أي جانب أو زينة أو صلصة خارج قائمة المكونات.","Measure and prepare Prepared hummus, Chickpeas, cooked, Feta cheese, Whole-wheat pita bread, Cucumber with peel, raw, Tomato, raw, Olive oil, Lemon juice, raw, and Fresh parsley in the exact listed amounts, keeping every cooked and raw ingredient in its recorded state. | Warm the listed bread and cooked filling; combine only the listed creamy component, citrus and seasonings, then distribute the measured filling evenly. | Fold the full listed bread serving around the filling, pack it in one meal-prep box, and include no side, garnish or sauce beyond the ingredient list.","/nutrition/meals/MEAL-071/cover.webp","/nutrition/meals/MEAL-071/cover-thumb.webp","ready","FILES_PRESENT","{""calorie_band_kcal"":""600_plus"",""protein_band_g"":""30_39"",""carb_band_g"":""high"",""fat_band_g"":""high"",""meal_type_required"":true,""max_calorie_delta_pct"":10,""max_protein_delta_g"":8,""exclude_allergens"":true}","milk|gluten|sesame","vegetarian|pescatarian|high_fiber","NOT_AVAILABLE","YES_EXPLICIT","NO_EXPLICIT_TAG","fat_loss|maintenance|muscle_gain","Nutrition Library V2. USDA FoodData Central. One serving. Identity is external_id.","USDA FoodData Central — SR Legacy (April 2018 release)"
"MEAL-072","وعاء الأرز البني بالروبيان والإدامامي والزنجبيل والصويا","Ginger-Soy Shrimp Edamame Brown Rice Bowl","YES_DERIVED_FROM_PUBLISHED_READY","published","ready","lunch","MAIN_MEAL","OFFICIAL_MEAL_TYPE","NO_OFFICIAL","YES_OFFICIAL","NO_OFFICIAL","NO_OFFICIAL","NO_OFFICIAL","NO","NO","534","33.1","62.9","16.7","11.4","qa.derived_fiber_g","495","g","1","روبيان مطهو / Shrimp, cooked: 85g; أرز بني مطهو / Brown rice, cooked: 170g; فول صويا أخضر مطهو / Green soybeans, cooked: 30g; أفوكادو طازج / Avocado, raw: 50g; بروكلي مطهو / Broccoli, cooked: 80g; فلفل حلو أحمر طازج / Red bell pepper, raw: 60g; زيت زيتون / Olive oil: 5g; صلصة صويا قليلة الصوديوم / Reduced-sodium soy sauce: 10g; زنجبيل طازج / Ginger root, raw: 5g","زِن وحضّر روبيان مطهو، أرز بني مطهو، فول صويا أخضر مطهو، أفوكادو طازج، بروكلي مطهو، فلفل حلو أحمر طازج، زيت زيتون، صلصة صويا قليلة الصوديوم، وزنجبيل طازج بالكميات المدرجة بدقة، مع الحفاظ على الحالة المطهوة أو الطازجة المسجلة لكل مكوّن. | سخّن البروتين والبقول والحبوب المطهوة كلًا على حدة، وامزج الحمضيات والزيت والصلصة والتوابل المدرجة في تتبيلة خفيفة عند وجودها. | رتّب كل مكوّن مقاس في وعاء غداء واحد بأقسام ظاهرة ومميزة، وأضف التتبيلة المدرجة فقط وقدّم الوعاء كاملًا كحصة واحدة.","Measure and prepare Shrimp, cooked, Brown rice, cooked, Green soybeans, cooked, Avocado, raw, Broccoli, cooked, Red bell pepper, raw, Olive oil, Reduced-sodium soy sauce, and Ginger root, raw in the exact listed amounts, keeping every cooked and raw ingredient in its recorded state. | Warm the cooked protein, legumes and grain separately; combine the listed citrus, oil, sauce and seasonings into a restrained dressing where present. | Arrange every measured component in one lunch bowl with distinct visible sections, add only the listed dressing, and serve the complete bowl as one portion.","/nutrition/meals/MEAL-072/cover.webp","/nutrition/meals/MEAL-072/cover-thumb.webp","ready","FILES_PRESENT","{""calorie_band_kcal"":""450_599"",""protein_band_g"":""30_39"",""carb_band_g"":""high"",""fat_band_g"":""moderate"",""meal_type_required"":true,""max_calorie_delta_pct"":10,""max_protein_delta_g"":8,""exclude_allergens"":true}","soy|shellfish","pescatarian|high_fiber","NOT_AVAILABLE","NO_EXPLICIT_TAG","NO_EXPLICIT_TAG","fat_loss|maintenance|muscle_gain","Nutrition Library V2. USDA FoodData Central. One serving. Identity is external_id.","USDA FoodData Central — SR Legacy (April 2018 release)"
"MEAL-073","طبق الكسكس بالفيتا والليمون والبقدونس مع لحم الضأن","Lemon-Parsley Couscous Feta Plate with Lamb","YES_DERIVED_FROM_PUBLISHED_READY","published","ready","lunch","MAIN_MEAL","OFFICIAL_MEAL_TYPE","NO_OFFICIAL","YES_OFFICIAL","NO_OFFICIAL","NO_OFFICIAL","NO_OFFICIAL","NO","NO","501","32.5","47.3","20.2","4.6","qa.derived_fiber_g","473","g","1","كسكس مطهو / Couscous, cooked: 170g; فخذ ضأن قليل الدهن ومشوي / Lamb leg, lean, cooked, roasted: 75g; جبن فيتا / Feta cheese: 20g; كوسا مطهوة / Zucchini, cooked: 100g; طماطم طازجة / Tomato, raw: 80g; زيت زيتون / Olive oil: 10g; عصير ليمون طازج / Lemon juice, raw: 12g; بقدونس طازج / Fresh parsley: 6g","زِن وحضّر كسكس مطهو، فخذ ضأن قليل الدهن ومشوي، جبن فيتا، كوسا مطهوة، طماطم طازجة، زيت زيتون، عصير ليمون طازج، وبقدونس طازج بالكميات المدرجة بدقة، مع الحفاظ على الحالة المطهوة أو الطازجة المسجلة لكل مكوّن. | سخّن المكونات المطهوة كلًا على حدة وامزج الحمضيات والزيت والتوابل المدرجة فقط كلمسة خفيفة ومقاسة. | رتّب الحصة المقاسة كاملة في طبق غداء واحد، مع إبقاء المكوّن الأساسي والنشويات المذكورة بارزة بصريًا والجوانب منفصلة.","Measure and prepare Couscous, cooked, Lamb leg, lean, cooked, roasted, Feta cheese, Zucchini, cooked, Tomato, raw, Olive oil, Lemon juice, raw, and Fresh parsley in the exact listed amounts, keeping every cooked and raw ingredient in its recorded state. | Warm the cooked components separately and mix only the listed citrus, oil and seasonings into a light measured finish. | Plate the complete measured serving on one lunch plate, keeping the named primary food and starch visibly dominant and all sides distinct.","/nutrition/meals/MEAL-073/cover.webp","/nutrition/meals/MEAL-073/cover-thumb.webp","ready","FILES_PRESENT","{""calorie_band_kcal"":""450_599"",""protein_band_g"":""30_39"",""carb_band_g"":""moderate"",""fat_band_g"":""high"",""meal_type_required"":true,""max_calorie_delta_pct"":10,""max_protein_delta_g"":8,""exclude_allergens"":true}","milk|gluten","NOT_AVAILABLE","NOT_AVAILABLE","NO_EXPLICIT_TAG","NO_EXPLICIT_TAG","fat_loss|maintenance|muscle_gain","Nutrition Library V2. USDA FoodData Central. One serving. Identity is external_id.","USDA FoodData Central — SR Legacy (April 2018 release)"
"MEAL-074","وعاء الأرز البني بالبيض والعدس والثوم والبابريكا","Garlic-Paprika Egg Lentils Brown Rice Bowl","YES_DERIVED_FROM_PUBLISHED_READY","published","ready","lunch","MAIN_MEAL","OFFICIAL_MEAL_TYPE","NO_OFFICIAL","YES_OFFICIAL","NO_OFFICIAL","NO_OFFICIAL","NO_OFFICIAL","NO","NO","843","45.3","78","38.9","17.6","qa.derived_fiber_g","620","g","1","بيض كامل مسلوق / Whole egg, hard-boiled: 200g; عدس مطهو / Lentils, cooked: 150g; أرز بني مطهو / Brown rice, cooked: 150g; سبانخ مطهوة / Spinach, cooked: 50g; فلفل حلو أحمر طازج / Red bell pepper, raw: 50g; زيت زيتون / Olive oil: 15g; بابريكا / Paprika: 3g; ثوم طازج / Garlic, raw: 2g","زِن وحضّر بيض كامل مسلوق، عدس مطهو، أرز بني مطهو، سبانخ مطهوة، فلفل حلو أحمر طازج، زيت زيتون، بابريكا، وثوم طازج بالكميات المدرجة بدقة، مع الحفاظ على الحالة المطهوة أو الطازجة المسجلة لكل مكوّن. | سخّن البروتين والبقول والحبوب المطهوة كلًا على حدة، وامزج الحمضيات والزيت والصلصة والتوابل المدرجة في تتبيلة خفيفة عند وجودها. | رتّب كل مكوّن مقاس في وعاء غداء واحد بأقسام ظاهرة ومميزة، وأضف التتبيلة المدرجة فقط وقدّم الوعاء كاملًا كحصة واحدة.","Measure and prepare Whole egg, hard-boiled, Lentils, cooked, Brown rice, cooked, Spinach, cooked, Red bell pepper, raw, Olive oil, Paprika, and Garlic, raw in the exact listed amounts, keeping every cooked and raw ingredient in its recorded state. | Warm the cooked protein, legumes and grain separately; combine the listed citrus, oil, sauce and seasonings into a restrained dressing where present. | Arrange every measured component in one lunch bowl with distinct visible sections, add only the listed dressing, and serve the complete bowl as one portion.","/nutrition/meals/MEAL-074/cover.webp","/nutrition/meals/MEAL-074/cover-thumb.webp","ready","FILES_PRESENT","{""calorie_band_kcal"":""600_plus"",""protein_band_g"":""40_plus"",""carb_band_g"":""high"",""fat_band_g"":""high"",""meal_type_required"":true,""max_calorie_delta_pct"":10,""max_protein_delta_g"":8,""exclude_allergens"":true}","egg","vegetarian|pescatarian|gluten_free|high_protein|high_fiber","NOT_AVAILABLE","YES_EXPLICIT","NO_EXPLICIT_TAG","fat_loss|maintenance|muscle_gain","Nutrition Library V2. USDA FoodData Central. One serving. Identity is external_id.","USDA FoodData Central — SR Legacy (April 2018 release)"
"MEAL-075","وعاء الكينوا بالدجاج والبروكلي والليمون والبقدونس","Lemon-Parsley Chicken Quinoa Broccoli Bowl","YES_DERIVED_FROM_PUBLISHED_READY","published","ready","lunch","MAIN_MEAL","OFFICIAL_MEAL_TYPE","NO_OFFICIAL","YES_OFFICIAL","NO_OFFICIAL","NO_OFFICIAL","NO_OFFICIAL","NO","NO","587","48.4","49.4","21.8","12.5","qa.derived_fiber_g","526","g","1","صدر دجاج مطهو ومشوي / Chicken breast, cooked, roasted: 120g; كينوا مطهوة / Quinoa, cooked: 150g; بروكلي مطهو / Broccoli, cooked: 120g; فلفل حلو أحمر طازج / Red bell pepper, raw: 70g; أفوكادو طازج / Avocado, raw: 40g; زيت زيتون / Olive oil: 8g; عصير ليمون طازج / Lemon juice, raw: 12g; بقدونس طازج / Fresh parsley: 6g","زِن وحضّر صدر دجاج مطهو ومشوي، كينوا مطهوة، بروكلي مطهو، فلفل حلو أحمر طازج، أفوكادو طازج، زيت زيتون، عصير ليمون طازج، وبقدونس طازج بالكميات المدرجة بدقة، مع الحفاظ على الحالة المطهوة أو الطازجة المسجلة لكل مكوّن. | سخّن البروتين والبقول والحبوب المطهوة كلًا على حدة، وامزج الحمضيات والزيت والصلصة والتوابل المدرجة في تتبيلة خفيفة عند وجودها. | رتّب كل مكوّن مقاس في وعاء غداء واحد بأقسام ظاهرة ومميزة، وأضف التتبيلة المدرجة فقط وقدّم الوعاء كاملًا كحصة واحدة.","Measure and prepare Chicken breast, cooked, roasted, Quinoa, cooked, Broccoli, cooked, Red bell pepper, raw, Avocado, raw, Olive oil, Lemon juice, raw, and Fresh parsley in the exact listed amounts, keeping every cooked and raw ingredient in its recorded state. | Warm the cooked protein, legumes and grain separately; combine the listed citrus, oil, sauce and seasonings into a restrained dressing where present. | Arrange every measured component in one lunch bowl with distinct visible sections, add only the listed dressing, and serve the complete bowl as one portion.","/nutrition/meals/MEAL-075/cover.webp","/nutrition/meals/MEAL-075/cover-thumb.webp","ready","FILES_PRESENT","{""calorie_band_kcal"":""450_599"",""protein_band_g"":""40_plus"",""carb_band_g"":""moderate"",""fat_band_g"":""high"",""meal_type_required"":true,""max_calorie_delta_pct"":10,""max_protein_delta_g"":8,""exclude_allergens"":true}","NOT_AVAILABLE","gluten_free|high_protein|high_fiber","NOT_AVAILABLE","NO_EXPLICIT_TAG","NO_EXPLICIT_TAG","fat_loss|maintenance|muscle_gain","Nutrition Library V2. USDA FoodData Central. One serving. Identity is external_id.","USDA FoodData Central — SR Legacy (April 2018 release)"
"MEAL-076","وعاء الكسكس بالأفوكادو والليمون والبقدونس مع الدجاج","Lemon-Parsley Couscous Avocado Bowl with Chicken","YES_DERIVED_FROM_PUBLISHED_READY","published","ready","lunch","MAIN_MEAL","OFFICIAL_MEAL_TYPE","NO_OFFICIAL","YES_OFFICIAL","NO_OFFICIAL","NO_OFFICIAL","NO_OFFICIAL","NO","NO","798","33.1","74.7","40.7","13.6","qa.derived_fiber_g","620","g","1","كسكس مطهو / Couscous, cooked: 240g; صدر دجاج مطهو ومشوي / Chicken breast, cooked, roasted: 65g; أفوكادو طازج / Avocado, raw: 120g; فلفل حلو أحمر طازج / Red bell pepper, raw: 80g; خيار طازج بالقشر / Cucumber with peel, raw: 80g; زيت زيتون / Olive oil: 20g; عصير ليمون طازج / Lemon juice, raw: 12g; بقدونس طازج / Fresh parsley: 3g","زِن وحضّر كسكس مطهو، صدر دجاج مطهو ومشوي، أفوكادو طازج، فلفل حلو أحمر طازج، خيار طازج بالقشر، زيت زيتون، عصير ليمون طازج، وبقدونس طازج بالكميات المدرجة بدقة، مع الحفاظ على الحالة المطهوة أو الطازجة المسجلة لكل مكوّن. | سخّن البروتين والبقول والحبوب المطهوة كلًا على حدة، وامزج الحمضيات والزيت والصلصة والتوابل المدرجة في تتبيلة خفيفة عند وجودها. | رتّب كل مكوّن مقاس في وعاء غداء واحد بأقسام ظاهرة ومميزة، وأضف التتبيلة المدرجة فقط وقدّم الوعاء كاملًا كحصة واحدة.","Measure and prepare Couscous, cooked, Chicken breast, cooked, roasted, Avocado, raw, Red bell pepper, raw, Cucumber with peel, raw, Olive oil, Lemon juice, raw, and Fresh parsley in the exact listed amounts, keeping every cooked and raw ingredient in its recorded state. | Warm the cooked protein, legumes and grain separately; combine the listed citrus, oil, sauce and seasonings into a restrained dressing where present. | Arrange every measured component in one lunch bowl with distinct visible sections, add only the listed dressing, and serve the complete bowl as one portion.","/nutrition/meals/MEAL-076/cover.webp","/nutrition/meals/MEAL-076/cover-thumb.webp","ready","FILES_PRESENT","{""calorie_band_kcal"":""600_plus"",""protein_band_g"":""30_39"",""carb_band_g"":""high"",""fat_band_g"":""high"",""meal_type_required"":true,""max_calorie_delta_pct"":10,""max_protein_delta_g"":8,""exclude_allergens"":true}","gluten","high_fiber","NOT_AVAILABLE","NO_EXPLICIT_TAG","NO_EXPLICIT_TAG","fat_loss|maintenance|muscle_gain","Nutrition Library V2. USDA FoodData Central. One serving. Identity is external_id.","USDA FoodData Central — SR Legacy (April 2018 release)"
"MEAL-077","وعاء الأرز البني بالتمبيه والإدامامي والكمون والليمون الأخضر","Cumin-Lime Tempeh Edamame Brown Rice Bowl","YES_DERIVED_FROM_PUBLISHED_READY","published","ready","lunch","MAIN_MEAL","OFFICIAL_MEAL_TYPE","NO_OFFICIAL","YES_OFFICIAL","NO_OFFICIAL","NO_OFFICIAL","NO_OFFICIAL","NO","NO","694","43.5","63.3","29.6","9.8","qa.derived_fiber_g","490","g","1","تمبيه مطهو / Tempeh, cooked: 130g; فول صويا أخضر مطهو / Green soybeans, cooked: 70g; أرز بني مطهو / Brown rice, cooked: 120g; بروكلي مطهو / Broccoli, cooked: 80g; فلفل حلو أحمر طازج / Red bell pepper, raw: 60g; طحينة سمسم / Sesame butter, tahini: 15g; عصير ليمون أخضر طازج / Lime juice, raw: 12g; كمون / Cumin seed: 3g","زِن وحضّر تمبيه مطهو، فول صويا أخضر مطهو، أرز بني مطهو، بروكلي مطهو، فلفل حلو أحمر طازج، طحينة سمسم، عصير ليمون أخضر طازج، وكمون بالكميات المدرجة بدقة، مع الحفاظ على الحالة المطهوة أو الطازجة المسجلة لكل مكوّن. | سخّن البروتين والبقول والحبوب المطهوة كلًا على حدة، وامزج الحمضيات والزيت والصلصة والتوابل المدرجة في تتبيلة خفيفة عند وجودها. | رتّب كل مكوّن مقاس في وعاء غداء واحد بأقسام ظاهرة ومميزة، وأضف التتبيلة المدرجة فقط وقدّم الوعاء كاملًا كحصة واحدة.","Measure and prepare Tempeh, cooked, Green soybeans, cooked, Brown rice, cooked, Broccoli, cooked, Red bell pepper, raw, Sesame butter, tahini, Lime juice, raw, and Cumin seed in the exact listed amounts, keeping every cooked and raw ingredient in its recorded state. | Warm the cooked protein, legumes and grain separately; combine the listed citrus, oil, sauce and seasonings into a restrained dressing where present. | Arrange every measured component in one lunch bowl with distinct visible sections, add only the listed dressing, and serve the complete bowl as one portion.","/nutrition/meals/MEAL-077/cover.webp","/nutrition/meals/MEAL-077/cover-thumb.webp","ready","FILES_PRESENT","{""calorie_band_kcal"":""600_plus"",""protein_band_g"":""40_plus"",""carb_band_g"":""high"",""fat_band_g"":""high"",""meal_type_required"":true,""max_calorie_delta_pct"":10,""max_protein_delta_g"":8,""exclude_allergens"":true}","sesame|soy","vegetarian|vegan|pescatarian|gluten_free|high_protein|high_fiber","NOT_AVAILABLE","YES_EXPLICIT","YES_EXPLICIT","fat_loss|maintenance|muscle_gain","Nutrition Library V2. USDA FoodData Central. One serving. Identity is external_id.","USDA FoodData Central — SR Legacy (April 2018 release)"
"MEAL-078","علبة لفافة ذرة بالتوفو والفاصوليا السوداء والكمون","Cumin-Lime Tofu Black Beans Corn Wrap Box","YES_DERIVED_FROM_PUBLISHED_READY","published","ready","lunch","MAIN_MEAL","OFFICIAL_MEAL_TYPE","NO_OFFICIAL","YES_OFFICIAL","NO_OFFICIAL","NO_OFFICIAL","NO_OFFICIAL","NO","NO","583","33.8","61.4","22.5","19.9","qa.derived_fiber_g","485","g","1","توفو متماسك محضر بالكالسيوم / Firm tofu prepared with calcium: 120g; فاصوليا سوداء مطهوة / Black beans, cooked: 70g; خبز تورتيلا الذرة / Corn tortilla: 60g; أفوكادو طازج / Avocado, raw: 60g; فلفل حلو أحمر طازج / Red bell pepper, raw: 60g; خس روماني طازج / Romaine lettuce, raw: 50g; طماطم طازجة / Tomato, raw: 50g; عصير ليمون أخضر طازج / Lime juice, raw: 12g; كمون / Cumin seed: 3g","زِن وحضّر توفو متماسك محضر بالكالسيوم، فاصوليا سوداء مطهوة، خبز تورتيلا الذرة، أفوكادو طازج، فلفل حلو أحمر طازج، خس روماني طازج، طماطم طازجة، عصير ليمون أخضر طازج، وكمون بالكميات المدرجة بدقة، مع الحفاظ على الحالة المطهوة أو الطازجة المسجلة لكل مكوّن. | سخّن الخبز والحشوة المطهوة المدرجين، وامزج المكوّن الكريمي والحمضيات والتوابل المدرجة فقط، ثم وزّع الحشوة المقاسة بالتساوي. | اطوِ حصة الخبز المدرجة كاملة حول الحشوة، وضعها في علبة تحضير وجبات واحدة دون أي جانب أو زينة أو صلصة خارج قائمة المكونات.","Measure and prepare Firm tofu prepared with calcium, Black beans, cooked, Corn tortilla, Avocado, raw, Red bell pepper, raw, Romaine lettuce, raw, Tomato, raw, Lime juice, raw, and Cumin seed in the exact listed amounts, keeping every cooked and raw ingredient in its recorded state. | Warm the listed bread and cooked filling; combine only the listed creamy component, citrus and seasonings, then distribute the measured filling evenly. | Fold the full listed bread serving around the filling, pack it in one meal-prep box, and include no side, garnish or sauce beyond the ingredient list.","/nutrition/meals/MEAL-078/cover.webp","/nutrition/meals/MEAL-078/cover-thumb.webp","ready","FILES_PRESENT","{""calorie_band_kcal"":""450_599"",""protein_band_g"":""30_39"",""carb_band_g"":""high"",""fat_band_g"":""high"",""meal_type_required"":true,""max_calorie_delta_pct"":10,""max_protein_delta_g"":8,""exclude_allergens"":true}","soy","vegetarian|vegan|pescatarian|gluten_free|high_fiber","NOT_AVAILABLE","YES_EXPLICIT","YES_EXPLICIT","fat_loss|maintenance|muscle_gain","Nutrition Library V2. USDA FoodData Central. One serving. Identity is external_id.","USDA FoodData Central — SR Legacy (April 2018 release)"
"MEAL-079","وعاء معكرونة القمح الكامل بالأفوكادو والديك الرومي والثوم والبقدونس","Garlic-Parsley Avocado Whole-Wheat Pasta Bowl with Turkey","YES_DERIVED_FROM_PUBLISHED_READY","published","ready","lunch","MAIN_MEAL","OFFICIAL_MEAL_TYPE","NO_OFFICIAL","YES_OFFICIAL","NO_OFFICIAL","NO_OFFICIAL","NO_OFFICIAL","NO","NO","861","33.2","70.5","49.6","16","qa.derived_fiber_g","561","g","1","معكرونة قمح كامل مطهوة / Whole-wheat pasta, cooked: 180g; صدر ديك رومي مطهو ومشوي / Turkey breast, cooked, roasted: 60g; أفوكادو طازج / Avocado, raw: 100g; كوسا مطهوة / Zucchini, cooked: 100g; طماطم طازجة / Tomato, raw: 80g; زيت زيتون / Olive oil: 30g; ثوم طازج / Garlic, raw: 5g; بقدونس طازج / Fresh parsley: 6g","زِن وحضّر معكرونة قمح كامل مطهوة، صدر ديك رومي مطهو ومشوي، أفوكادو طازج، كوسا مطهوة، طماطم طازجة، زيت زيتون، ثوم طازج، وبقدونس طازج بالكميات المدرجة بدقة، مع الحفاظ على الحالة المطهوة أو الطازجة المسجلة لكل مكوّن. | سخّن البروتين والبقول والحبوب المطهوة كلًا على حدة، وامزج الحمضيات والزيت والصلصة والتوابل المدرجة في تتبيلة خفيفة عند وجودها. | رتّب كل مكوّن مقاس في وعاء غداء واحد بأقسام ظاهرة ومميزة، وأضف التتبيلة المدرجة فقط وقدّم الوعاء كاملًا كحصة واحدة.","Measure and prepare Whole-wheat pasta, cooked, Turkey breast, cooked, roasted, Avocado, raw, Zucchini, cooked, Tomato, raw, Olive oil, Garlic, raw, and Fresh parsley in the exact listed amounts, keeping every cooked and raw ingredient in its recorded state. | Warm the cooked protein, legumes and grain separately; combine the listed citrus, oil, sauce and seasonings into a restrained dressing where present. | Arrange every measured component in one lunch bowl with distinct visible sections, add only the listed dressing, and serve the complete bowl as one portion.","/nutrition/meals/MEAL-079/cover.webp","/nutrition/meals/MEAL-079/cover-thumb.webp","ready","FILES_PRESENT","{""calorie_band_kcal"":""600_plus"",""protein_band_g"":""30_39"",""carb_band_g"":""high"",""fat_band_g"":""high"",""meal_type_required"":true,""max_calorie_delta_pct"":10,""max_protein_delta_g"":8,""exclude_allergens"":true}","gluten","high_fiber","NOT_AVAILABLE","NO_EXPLICIT_TAG","NO_EXPLICIT_TAG","fat_loss|maintenance|muscle_gain","Nutrition Library V2. USDA FoodData Central. One serving. Identity is external_id.","USDA FoodData Central — SR Legacy (April 2018 release)"
"MEAL-080","علبة لفافة بيتا بالتونة والحمص والليمون والبقدونس","Lemon-Parsley Tuna Chickpea Hummus Pita Wrap Box","YES_DERIVED_FROM_PUBLISHED_READY","published","ready","lunch","MAIN_MEAL","OFFICIAL_MEAL_TYPE","NO_OFFICIAL","YES_OFFICIAL","NO_OFFICIAL","NO_OFFICIAL","NO_OFFICIAL","NO","NO","904","58.7","116.3","22.7","23.3","qa.derived_fiber_g","608","g","1","تونة خفيفة معلبة بالماء ومصفاة / Light tuna, canned in water, drained: 130g; خبز بيتا من القمح الكامل / Whole-wheat pita bread: 120g; حمص حب مطهو / Chickpeas, cooked: 80g; حمص مهروس محضر / Prepared hummus: 80g; أفوكادو طازج / Avocado, raw: 70g; خس روماني طازج / Romaine lettuce, raw: 50g; طماطم طازجة / Tomato, raw: 60g; عصير ليمون طازج / Lemon juice, raw: 12g; بقدونس طازج / Fresh parsley: 6g","زِن وحضّر تونة خفيفة معلبة بالماء ومصفاة، خبز بيتا من القمح الكامل، حمص حب مطهو، حمص مهروس محضر، أفوكادو طازج، خس روماني طازج، طماطم طازجة، عصير ليمون طازج، وبقدونس طازج بالكميات المدرجة بدقة، مع الحفاظ على الحالة المطهوة أو الطازجة المسجلة لكل مكوّن. | سخّن الخبز والحشوة المطهوة المدرجين، وامزج المكوّن الكريمي والحمضيات والتوابل المدرجة فقط، ثم وزّع الحشوة المقاسة بالتساوي. | اطوِ حصة الخبز المدرجة كاملة حول الحشوة، وضعها في علبة تحضير وجبات واحدة دون أي جانب أو زينة أو صلصة خارج قائمة المكونات.","Measure and prepare Light tuna, canned in water, drained, Whole-wheat pita bread, Chickpeas, cooked, Prepared hummus, Avocado, raw, Romaine lettuce, raw, Tomato, raw, Lemon juice, raw, and Fresh parsley in the exact listed amounts, keeping every cooked and raw ingredient in its recorded state. | Warm the listed bread and cooked filling; combine only the listed creamy component, citrus and seasonings, then distribute the measured filling evenly. | Fold the full listed bread serving around the filling, pack it in one meal-prep box, and include no side, garnish or sauce beyond the ingredient list.","/nutrition/meals/MEAL-080/cover.webp","/nutrition/meals/MEAL-080/cover-thumb.webp","ready","FILES_PRESENT","{""calorie_band_kcal"":""600_plus"",""protein_band_g"":""40_plus"",""carb_band_g"":""high"",""fat_band_g"":""high"",""meal_type_required"":true,""max_calorie_delta_pct"":10,""max_protein_delta_g"":8,""exclude_allergens"":true}","gluten|fish|sesame","pescatarian|high_protein|high_fiber|omega_3","NOT_AVAILABLE","NO_EXPLICIT_TAG","NO_EXPLICIT_TAG","fat_loss|maintenance|muscle_gain","Nutrition Library V2. USDA FoodData Central. One serving. Identity is external_id.","USDA FoodData Central — SR Legacy (April 2018 release)"
"MEAL-081","وعاء الكسكس بالديك الرومي والكرنب والطحينة والليمون","Tahini-Lemon Turkey Couscous Kale Bowl","YES_DERIVED_FROM_PUBLISHED_READY","published","ready","lunch","MAIN_MEAL","OFFICIAL_MEAL_TYPE","NO_OFFICIAL","YES_OFFICIAL","NO_OFFICIAL","NO_OFFICIAL","NO_OFFICIAL","NO","NO","532","46.5","42","19.8","8.7","qa.derived_fiber_g","445","g","1","صدر ديك رومي مطهو ومشوي / Turkey breast, cooked, roasted: 120g; كسكس مطهو / Couscous, cooked: 120g; كرنب أجعد مطهو / Kale, cooked: 100g; فلفل حلو أحمر طازج / Red bell pepper, raw: 70g; طحينة سمسم / Sesame butter, tahini: 10g; زيت زيتون / Olive oil: 10g; عصير ليمون طازج / Lemon juice, raw: 12g; بابريكا / Paprika: 3g","زِن وحضّر صدر ديك رومي مطهو ومشوي، كسكس مطهو، كرنب أجعد مطهو، فلفل حلو أحمر طازج، طحينة سمسم، زيت زيتون، عصير ليمون طازج، وبابريكا بالكميات المدرجة بدقة، مع الحفاظ على الحالة المطهوة أو الطازجة المسجلة لكل مكوّن. | سخّن البروتين والبقول والحبوب المطهوة كلًا على حدة، وامزج الحمضيات والزيت والصلصة والتوابل المدرجة في تتبيلة خفيفة عند وجودها. | رتّب كل مكوّن مقاس في وعاء غداء واحد بأقسام ظاهرة ومميزة، وأضف التتبيلة المدرجة فقط وقدّم الوعاء كاملًا كحصة واحدة.","Measure and prepare Turkey breast, cooked, roasted, Couscous, cooked, Kale, cooked, Red bell pepper, raw, Sesame butter, tahini, Olive oil, Lemon juice, raw, and Paprika in the exact listed amounts, keeping every cooked and raw ingredient in its recorded state. | Warm the cooked protein, legumes and grain separately; combine the listed citrus, oil, sauce and seasonings into a restrained dressing where present. | Arrange every measured component in one lunch bowl with distinct visible sections, add only the listed dressing, and serve the complete bowl as one portion.","/nutrition/meals/MEAL-081/cover.webp","/nutrition/meals/MEAL-081/cover-thumb.webp","ready","FILES_PRESENT","{""calorie_band_kcal"":""450_599"",""protein_band_g"":""40_plus"",""carb_band_g"":""moderate"",""fat_band_g"":""high"",""meal_type_required"":true,""max_calorie_delta_pct"":10,""max_protein_delta_g"":8,""exclude_allergens"":true}","gluten|sesame","high_protein|high_fiber","NOT_AVAILABLE","NO_EXPLICIT_TAG","NO_EXPLICIT_TAG","fat_loss|maintenance|muscle_gain","Nutrition Library V2. USDA FoodData Central. One serving. Identity is external_id.","USDA FoodData Central — SR Legacy (April 2018 release)"
"MEAL-082","وعاء البرغل بالعدس والبيض والطماطم والبقدونس","Tomato-Parsley Lentils Egg Bulgur Bowl","YES_DERIVED_FROM_PUBLISHED_READY","published","ready","lunch","MAIN_MEAL","OFFICIAL_MEAL_TYPE","NO_OFFICIAL","YES_OFFICIAL","NO_OFFICIAL","NO_OFFICIAL","NO_OFFICIAL","NO","NO","599","34.4","65.9","22","21.8","qa.derived_fiber_g","596","g","1","عدس مطهو / Lentils, cooked: 160g; بيض كامل مسلوق / Whole egg, hard-boiled: 100g; برغل مطهو / Bulgur, cooked: 120g; سبانخ مطهوة / Spinach, cooked: 80g; طماطم طازجة / Tomato, raw: 80g; بصل طازج / Onion, raw: 40g; زيت زيتون / Olive oil: 10g; بقدونس طازج / Fresh parsley: 6g","زِن وحضّر عدس مطهو، بيض كامل مسلوق، برغل مطهو، سبانخ مطهوة، طماطم طازجة، بصل طازج، زيت زيتون، وبقدونس طازج بالكميات المدرجة بدقة، مع الحفاظ على الحالة المطهوة أو الطازجة المسجلة لكل مكوّن. | سخّن البروتين والبقول والحبوب المطهوة كلًا على حدة، وامزج الحمضيات والزيت والصلصة والتوابل المدرجة في تتبيلة خفيفة عند وجودها. | رتّب كل مكوّن مقاس في وعاء غداء واحد بأقسام ظاهرة ومميزة، وأضف التتبيلة المدرجة فقط وقدّم الوعاء كاملًا كحصة واحدة.","Measure and prepare Lentils, cooked, Whole egg, hard-boiled, Bulgur, cooked, Spinach, cooked, Tomato, raw, Onion, raw, Olive oil, and Fresh parsley in the exact listed amounts, keeping every cooked and raw ingredient in its recorded state. | Warm the cooked protein, legumes and grain separately; combine the listed citrus, oil, sauce and seasonings into a restrained dressing where present. | Arrange every measured component in one lunch bowl with distinct visible sections, add only the listed dressing, and serve the complete bowl as one portion.","/nutrition/meals/MEAL-082/cover.webp","/nutrition/meals/MEAL-082/cover-thumb.webp","ready","FILES_PRESENT","{""calorie_band_kcal"":""450_599"",""protein_band_g"":""30_39"",""carb_band_g"":""high"",""fat_band_g"":""high"",""meal_type_required"":true,""max_calorie_delta_pct"":10,""max_protein_delta_g"":8,""exclude_allergens"":true}","egg|gluten","vegetarian|pescatarian|high_fiber","NOT_AVAILABLE","YES_EXPLICIT","NO_EXPLICIT_TAG","fat_loss|maintenance|muscle_gain","Nutrition Library V2. USDA FoodData Central. One serving. Identity is external_id.","USDA FoodData Central — SR Legacy (April 2018 release)"
"MEAL-083","طبق الأرز البني باللحم البقري والفطر والبازلاء","Garlic-Paprika Beef Mushroom Pea Brown Rice Plate","YES_DERIVED_FROM_PUBLISHED_READY","published","ready","lunch","MAIN_MEAL","OFFICIAL_MEAL_TYPE","NO_OFFICIAL","YES_OFFICIAL","NO_OFFICIAL","NO_OFFICIAL","NO_OFFICIAL","NO","NO","632","50","63","20","11.4","qa.derived_fiber_g","533","g","1","لحم بقري من السيرلوين قليل الدهن ومشوي / Beef top sirloin, lean, cooked, grilled: 125g; أرز بني مطهو / Brown rice, cooked: 150g; فطر أبيض مطهو / White mushrooms, cooked: 100g; بازلاء خضراء مطهوة / Green peas, cooked: 80g; فلفل حلو أحمر طازج / Red bell pepper, raw: 60g; زيت زيتون / Olive oil: 10g; ثوم طازج / Garlic, raw: 5g; بابريكا / Paprika: 3g","زِن وحضّر لحم بقري من السيرلوين قليل الدهن ومشوي، أرز بني مطهو، فطر أبيض مطهو، بازلاء خضراء مطهوة، فلفل حلو أحمر طازج، زيت زيتون، ثوم طازج، وبابريكا بالكميات المدرجة بدقة، مع الحفاظ على الحالة المطهوة أو الطازجة المسجلة لكل مكوّن. | سخّن المكونات المطهوة كلًا على حدة وامزج الحمضيات والزيت والتوابل المدرجة فقط كلمسة خفيفة ومقاسة. | رتّب الحصة المقاسة كاملة في طبق غداء واحد، مع إبقاء المكوّن الأساسي والنشويات المذكورة بارزة بصريًا والجوانب منفصلة.","Measure and prepare Beef top sirloin, lean, cooked, grilled, Brown rice, cooked, White mushrooms, cooked, Green peas, cooked, Red bell pepper, raw, Olive oil, Garlic, raw, and Paprika in the exact listed amounts, keeping every cooked and raw ingredient in its recorded state. | Warm the cooked components separately and mix only the listed citrus, oil and seasonings into a light measured finish. | Plate the complete measured serving on one lunch plate, keeping the named primary food and starch visibly dominant and all sides distinct.","/nutrition/meals/MEAL-083/cover.webp","/nutrition/meals/MEAL-083/cover-thumb.webp","ready","FILES_PRESENT","{""calorie_band_kcal"":""600_plus"",""protein_band_g"":""40_plus"",""carb_band_g"":""high"",""fat_band_g"":""high"",""meal_type_required"":true,""max_calorie_delta_pct"":10,""max_protein_delta_g"":8,""exclude_allergens"":true}","NOT_AVAILABLE","gluten_free|high_protein|high_fiber","NOT_AVAILABLE","NO_EXPLICIT_TAG","NO_EXPLICIT_TAG","fat_loss|maintenance|muscle_gain","Nutrition Library V2. USDA FoodData Central. One serving. Identity is external_id.","USDA FoodData Central — SR Legacy (April 2018 release)"
"MEAL-084","طبق البطاطس ببياض البيض وجبن القريش والثوم والبابريكا","Garlic-Paprika Egg White Cottage Potato Plate","YES_DERIVED_FROM_PUBLISHED_READY","published","ready","lunch","MAIN_MEAL","OFFICIAL_MEAL_TYPE","NO_OFFICIAL","YES_OFFICIAL","NO_OFFICIAL","NO_OFFICIAL","NO_OFFICIAL","NO","NO","428","44","43.4","8.7","5.7","qa.derived_fiber_g","620","g","1","بياض بيض طازج / Egg white, raw, fresh: 250g; جبن قريش قليل الدسم 2٪ / Cottage cheese, lowfat, 2% milkfat: 100g; بطاطس مشوية بالقشر / Baked potato with skin: 160g; سبانخ مطهوة / Spinach, cooked: 50g; كوسا مطهوة / Zucchini, cooked: 50g; زيت زيتون / Olive oil: 5g; ثوم طازج / Garlic, raw: 2g; بابريكا / Paprika: 3g","زِن وحضّر بياض بيض طازج، جبن قريش قليل الدسم 2٪، بطاطس مشوية بالقشر، سبانخ مطهوة، كوسا مطهوة، زيت زيتون، ثوم طازج، وبابريكا بالكميات المدرجة بدقة، مع الحفاظ على الحالة المطهوة أو الطازجة المسجلة لكل مكوّن. اطهِ بياض البيض إلى 74°م/165°ف على الأقل حتى يصبح معتمًا ومطهوًا بالكامل. | سخّن المكونات المطهوة كلًا على حدة وامزج الحمضيات والزيت والتوابل المدرجة فقط كلمسة خفيفة ومقاسة. | رتّب الحصة المقاسة كاملة في طبق غداء واحد، مع إبقاء المكوّن الأساسي والنشويات المذكورة بارزة بصريًا والجوانب منفصلة.","Measure and prepare Egg white, raw, fresh, Cottage cheese, lowfat, 2% milkfat, Baked potato with skin, Spinach, cooked, Zucchini, cooked, Olive oil, Garlic, raw, and Paprika in the exact listed amounts, keeping every cooked and raw ingredient in its recorded state. Cook Egg White to at least 74°C/165°F until fully opaque. | Warm the cooked components separately and mix only the listed citrus, oil and seasonings into a light measured finish. | Plate the complete measured serving on one lunch plate, keeping the named primary food and starch visibly dominant and all sides distinct.","/nutrition/meals/MEAL-084/cover.webp","/nutrition/meals/MEAL-084/cover-thumb.webp","ready","FILES_PRESENT","{""calorie_band_kcal"":""300_449"",""protein_band_g"":""40_plus"",""carb_band_g"":""moderate"",""fat_band_g"":""moderate"",""meal_type_required"":true,""max_calorie_delta_pct"":10,""max_protein_delta_g"":8,""exclude_allergens"":true}","milk|egg","vegetarian|pescatarian|gluten_free|high_protein","NOT_AVAILABLE","YES_EXPLICIT","NO_EXPLICIT_TAG","fat_loss|maintenance|muscle_gain","Nutrition Library V2. USDA FoodData Central. One serving. Identity is external_id.","USDA FoodData Central — SR Legacy (April 2018 release)"
"MEAL-085","علبة بيتا بالتمبيه والإدامامي والحمص والليمون والبقدونس","Lemon-Parsley Tempeh Edamame Hummus Pita Box","YES_DERIVED_FROM_PUBLISHED_READY","published","ready","lunch","MAIN_MEAL","OFFICIAL_MEAL_TYPE","NO_OFFICIAL","YES_OFFICIAL","NO_OFFICIAL","NO_OFFICIAL","NO_OFFICIAL","NO","NO","685","40.4","68.5","27.7","12.7","qa.derived_fiber_g","468","g","1","تمبيه مطهو / Tempeh, cooked: 110g; فول صويا أخضر مطهو / Green soybeans, cooked: 70g; خبز بيتا من القمح الكامل / Whole-wheat pita bread: 60g; حمص مهروس محضر / Prepared hummus: 40g; أفوكادو طازج / Avocado, raw: 40g; خيار طازج بالقشر / Cucumber with peel, raw: 70g; فلفل حلو أحمر طازج / Red bell pepper, raw: 60g; عصير ليمون طازج / Lemon juice, raw: 12g; بقدونس طازج / Fresh parsley: 6g","زِن وحضّر تمبيه مطهو، فول صويا أخضر مطهو، خبز بيتا من القمح الكامل، حمص مهروس محضر، أفوكادو طازج، خيار طازج بالقشر، فلفل حلو أحمر طازج، عصير ليمون طازج، وبقدونس طازج بالكميات المدرجة بدقة، مع الحفاظ على الحالة المطهوة أو الطازجة المسجلة لكل مكوّن. | سخّن الخبز والحشوة المطهوة المدرجين، وامزج المكوّن الكريمي والحمضيات والتوابل المدرجة فقط، ثم وزّع الحشوة المقاسة بالتساوي. | اطوِ حصة الخبز المدرجة كاملة حول الحشوة، وضعها في علبة تحضير وجبات واحدة دون أي جانب أو زينة أو صلصة خارج قائمة المكونات.","Measure and prepare Tempeh, cooked, Green soybeans, cooked, Whole-wheat pita bread, Prepared hummus, Avocado, raw, Cucumber with peel, raw, Red bell pepper, raw, Lemon juice, raw, and Fresh parsley in the exact listed amounts, keeping every cooked and raw ingredient in its recorded state. | Warm the listed bread and cooked filling; combine only the listed creamy component, citrus and seasonings, then distribute the measured filling evenly. | Fold the full listed bread serving around the filling, pack it in one meal-prep box, and include no side, garnish or sauce beyond the ingredient list.","/nutrition/meals/MEAL-085/cover.webp","/nutrition/meals/MEAL-085/cover-thumb.webp","ready","FILES_PRESENT","{""calorie_band_kcal"":""600_plus"",""protein_band_g"":""40_plus"",""carb_band_g"":""high"",""fat_band_g"":""high"",""meal_type_required"":true,""max_calorie_delta_pct"":10,""max_protein_delta_g"":8,""exclude_allergens"":true}","gluten|sesame|soy","vegetarian|vegan|pescatarian|high_protein|high_fiber","NOT_AVAILABLE","YES_EXPLICIT","YES_EXPLICIT","fat_loss|maintenance|muscle_gain","Nutrition Library V2. USDA FoodData Central. One serving. Identity is external_id.","USDA FoodData Central — SR Legacy (April 2018 release)"
"MEAL-086","وعاء الكينوا بسمك القد والحمص والليمون والبقدونس","Lemon-Parsley Cod Chickpea Quinoa Bowl","YES_DERIVED_FROM_PUBLISHED_READY","published","ready","lunch","MAIN_MEAL","OFFICIAL_MEAL_TYPE","NO_OFFICIAL","YES_OFFICIAL","NO_OFFICIAL","NO_OFFICIAL","NO_OFFICIAL","NO","NO","512","32.6","52.3","19.2","13.7","qa.derived_fiber_g","468","g","1","قد أطلسي مطهو بحرارة جافة / Pacific cod, cooked with dry heat: 100g; حمص حب مطهو / Chickpeas, cooked: 70g; كينوا مطهوة / Quinoa, cooked: 100g; أفوكادو طازج / Avocado, raw: 30g; بروكلي مطهو / Broccoli, cooked: 80g; طماطم طازجة / Tomato, raw: 60g; زيت زيتون / Olive oil: 10g; عصير ليمون طازج / Lemon juice, raw: 12g; بقدونس طازج / Fresh parsley: 6g","زِن وحضّر قد أطلسي مطهو بحرارة جافة، حمص حب مطهو، كينوا مطهوة، أفوكادو طازج، بروكلي مطهو، طماطم طازجة، زيت زيتون، عصير ليمون طازج، وبقدونس طازج بالكميات المدرجة بدقة، مع الحفاظ على الحالة المطهوة أو الطازجة المسجلة لكل مكوّن. | سخّن البروتين والبقول والحبوب المطهوة كلًا على حدة، وامزج الحمضيات والزيت والصلصة والتوابل المدرجة في تتبيلة خفيفة عند وجودها. | رتّب كل مكوّن مقاس في وعاء غداء واحد بأقسام ظاهرة ومميزة، وأضف التتبيلة المدرجة فقط وقدّم الوعاء كاملًا كحصة واحدة.","Measure and prepare Pacific cod, cooked with dry heat, Chickpeas, cooked, Quinoa, cooked, Avocado, raw, Broccoli, cooked, Tomato, raw, Olive oil, Lemon juice, raw, and Fresh parsley in the exact listed amounts, keeping every cooked and raw ingredient in its recorded state. | Warm the cooked protein, legumes and grain separately; combine the listed citrus, oil, sauce and seasonings into a restrained dressing where present. | Arrange every measured component in one lunch bowl with distinct visible sections, add only the listed dressing, and serve the complete bowl as one portion.","/nutrition/meals/MEAL-086/cover.webp","/nutrition/meals/MEAL-086/cover-thumb.webp","ready","FILES_PRESENT","{""calorie_band_kcal"":""450_599"",""protein_band_g"":""30_39"",""carb_band_g"":""high"",""fat_band_g"":""high"",""meal_type_required"":true,""max_calorie_delta_pct"":10,""max_protein_delta_g"":8,""exclude_allergens"":true}","fish","pescatarian|gluten_free|high_fiber","NOT_AVAILABLE","NO_EXPLICIT_TAG","NO_EXPLICIT_TAG","fat_loss|maintenance|muscle_gain","Nutrition Library V2. USDA FoodData Central. One serving. Identity is external_id.","USDA FoodData Central — SR Legacy (April 2018 release)"
"MEAL-087","وعاء البطاطس بالبيض وجبن القريش والكرنب","Garlic-Paprika Egg Cottage Potato Kale Bowl","YES_DERIVED_FROM_PUBLISHED_READY","published","ready","lunch","MAIN_MEAL","OFFICIAL_MEAL_TYPE","NO_OFFICIAL","YES_OFFICIAL","NO_OFFICIAL","NO_OFFICIAL","NO_OFFICIAL","NO","NO","581","33.4","51.6","26.8","8.4","qa.derived_fiber_g","568","g","1","بيض كامل مسلوق / Whole egg, hard-boiled: 120g; جبن قريش قليل الدسم 2٪ / Cottage cheese, lowfat, 2% milkfat: 100g; بطاطس مشوية بالقشر / Baked potato with skin: 180g; كرنب أجعد مطهو / Kale, cooked: 80g; طماطم طازجة / Tomato, raw: 70g; زيت زيتون / Olive oil: 10g; ثوم طازج / Garlic, raw: 5g; بابريكا / Paprika: 3g","زِن وحضّر بيض كامل مسلوق، جبن قريش قليل الدسم 2٪، بطاطس مشوية بالقشر، كرنب أجعد مطهو، طماطم طازجة، زيت زيتون، ثوم طازج، وبابريكا بالكميات المدرجة بدقة، مع الحفاظ على الحالة المطهوة أو الطازجة المسجلة لكل مكوّن. | سخّن البروتين والبقول والحبوب المطهوة كلًا على حدة، وامزج الحمضيات والزيت والصلصة والتوابل المدرجة في تتبيلة خفيفة عند وجودها. | رتّب كل مكوّن مقاس في وعاء غداء واحد بأقسام ظاهرة ومميزة، وأضف التتبيلة المدرجة فقط وقدّم الوعاء كاملًا كحصة واحدة.","Measure and prepare Whole egg, hard-boiled, Cottage cheese, lowfat, 2% milkfat, Baked potato with skin, Kale, cooked, Tomato, raw, Olive oil, Garlic, raw, and Paprika in the exact listed amounts, keeping every cooked and raw ingredient in its recorded state. | Warm the cooked protein, legumes and grain separately; combine the listed citrus, oil, sauce and seasonings into a restrained dressing where present. | Arrange every measured component in one lunch bowl with distinct visible sections, add only the listed dressing, and serve the complete bowl as one portion.","/nutrition/meals/MEAL-087/cover.webp","/nutrition/meals/MEAL-087/cover-thumb.webp","ready","FILES_PRESENT","{""calorie_band_kcal"":""450_599"",""protein_band_g"":""30_39"",""carb_band_g"":""high"",""fat_band_g"":""high"",""meal_type_required"":true,""max_calorie_delta_pct"":10,""max_protein_delta_g"":8,""exclude_allergens"":true}","milk|egg","vegetarian|pescatarian|gluten_free|high_fiber","NOT_AVAILABLE","YES_EXPLICIT","NO_EXPLICIT_TAG","fat_loss|maintenance|muscle_gain","Nutrition Library V2. USDA FoodData Central. One serving. Identity is external_id.","USDA FoodData Central — SR Legacy (April 2018 release)"
"MEAL-088","طبق البطاطا الحلوة والشعير بالكمون والليمون الأخضر مع الديك الرومي","Cumin-Lime Sweet Potato Barley Plate with Turkey","YES_DERIVED_FROM_PUBLISHED_READY","published","ready","lunch","MAIN_MEAL","OFFICIAL_MEAL_TYPE","NO_OFFICIAL","YES_OFFICIAL","NO_OFFICIAL","NO_OFFICIAL","NO_OFFICIAL","NO","NO","848","21.6","101.8","39.4","20.2","qa.derived_fiber_g","620","g","1","بطاطا حلوة مشوية / Baked sweet potato: 225g; صدر ديك رومي مطهو ومشوي / Turkey breast, cooked, roasted: 35g; شعير لؤلؤي مطهو / Pearled barley, cooked: 150g; أفوكادو طازج / Avocado, raw: 80g; كوسا مطهوة / Zucchini, cooked: 50g; فلفل حلو أحمر طازج / Red bell pepper, raw: 40g; زيت زيتون / Olive oil: 25g; كمون / Cumin seed: 3g; عصير ليمون أخضر طازج / Lime juice, raw: 12g","زِن وحضّر بطاطا حلوة مشوية، صدر ديك رومي مطهو ومشوي، شعير لؤلؤي مطهو، أفوكادو طازج، كوسا مطهوة، فلفل حلو أحمر طازج، زيت زيتون، كمون، وعصير ليمون أخضر طازج بالكميات المدرجة بدقة، مع الحفاظ على الحالة المطهوة أو الطازجة المسجلة لكل مكوّن. | سخّن المكونات المطهوة كلًا على حدة وامزج الحمضيات والزيت والتوابل المدرجة فقط كلمسة خفيفة ومقاسة. | رتّب الحصة المقاسة كاملة في طبق غداء واحد، مع إبقاء المكوّن الأساسي والنشويات المذكورة بارزة بصريًا والجوانب منفصلة.","Measure and prepare Baked sweet potato, Turkey breast, cooked, roasted, Pearled barley, cooked, Avocado, raw, Zucchini, cooked, Red bell pepper, raw, Olive oil, Cumin seed, and Lime juice, raw in the exact listed amounts, keeping every cooked and raw ingredient in its recorded state. | Warm the cooked components separately and mix only the listed citrus, oil and seasonings into a light measured finish. | Plate the complete measured serving on one lunch plate, keeping the named primary food and starch visibly dominant and all sides distinct.","/nutrition/meals/MEAL-088/cover.webp","/nutrition/meals/MEAL-088/cover-thumb.webp","ready","FILES_PRESENT","{""calorie_band_kcal"":""600_plus"",""protein_band_g"":""20_29"",""carb_band_g"":""high"",""fat_band_g"":""high"",""meal_type_required"":true,""max_calorie_delta_pct"":10,""max_protein_delta_g"":8,""exclude_allergens"":true}","gluten","high_fiber","NOT_AVAILABLE","NO_EXPLICIT_TAG","NO_EXPLICIT_TAG","fat_loss|maintenance|muscle_gain","Nutrition Library V2. USDA FoodData Central. One serving. Identity is external_id.","USDA FoodData Central — SR Legacy (April 2018 release)"
"MEAL-089","وعاء الكينوا بالدجاج والفيتا والأفوكادو والليمون والبقدونس","Lemon-Parsley Chicken Quinoa Feta Avocado Bowl","YES_DERIVED_FROM_PUBLISHED_READY","published","ready","lunch","MAIN_MEAL","OFFICIAL_MEAL_TYPE","NO_OFFICIAL","YES_OFFICIAL","NO_OFFICIAL","NO_OFFICIAL","NO_OFFICIAL","NO","NO","545","34.7","39.6","27.5","9.4","qa.derived_fiber_g","446","g","1","صدر دجاج مطهو ومشوي / Chicken breast, cooked, roasted: 75g; كينوا مطهوة / Quinoa, cooked: 120g; جبن فيتا / Feta cheese: 25g; أفوكادو طازج / Avocado, raw: 60g; فلفل حلو أحمر طازج / Red bell pepper, raw: 70g; خيار طازج بالقشر / Cucumber with peel, raw: 70g; زيت زيتون / Olive oil: 8g; عصير ليمون طازج / Lemon juice, raw: 12g; بقدونس طازج / Fresh parsley: 6g","زِن وحضّر صدر دجاج مطهو ومشوي، كينوا مطهوة، جبن فيتا، أفوكادو طازج، فلفل حلو أحمر طازج، خيار طازج بالقشر، زيت زيتون، عصير ليمون طازج، وبقدونس طازج بالكميات المدرجة بدقة، مع الحفاظ على الحالة المطهوة أو الطازجة المسجلة لكل مكوّن. | سخّن البروتين والبقول والحبوب المطهوة كلًا على حدة، وامزج الحمضيات والزيت والصلصة والتوابل المدرجة في تتبيلة خفيفة عند وجودها. | رتّب كل مكوّن مقاس في وعاء غداء واحد بأقسام ظاهرة ومميزة، وأضف التتبيلة المدرجة فقط وقدّم الوعاء كاملًا كحصة واحدة.","Measure and prepare Chicken breast, cooked, roasted, Quinoa, cooked, Feta cheese, Avocado, raw, Red bell pepper, raw, Cucumber with peel, raw, Olive oil, Lemon juice, raw, and Fresh parsley in the exact listed amounts, keeping every cooked and raw ingredient in its recorded state. | Warm the cooked protein, legumes and grain separately; combine the listed citrus, oil, sauce and seasonings into a restrained dressing where present. | Arrange every measured component in one lunch bowl with distinct visible sections, add only the listed dressing, and serve the complete bowl as one portion.","/nutrition/meals/MEAL-089/cover.webp","/nutrition/meals/MEAL-089/cover-thumb.webp","ready","FILES_PRESENT","{""calorie_band_kcal"":""450_599"",""protein_band_g"":""30_39"",""carb_band_g"":""moderate"",""fat_band_g"":""high"",""meal_type_required"":true,""max_calorie_delta_pct"":10,""max_protein_delta_g"":8,""exclude_allergens"":true}","milk","gluten_free|high_fiber","NOT_AVAILABLE","NO_EXPLICIT_TAG","NO_EXPLICIT_TAG","fat_loss|maintenance|muscle_gain","Nutrition Library V2. USDA FoodData Central. One serving. Identity is external_id.","USDA FoodData Central — SR Legacy (April 2018 release)"
"MEAL-090","طبق البطاطا الحلوة بالديك الرومي والجوز والبروكلي","Lemon-Parsley Walnut Turkey Sweet Potato Broccoli Plate","YES_DERIVED_FROM_PUBLISHED_READY","published","ready","lunch","MAIN_MEAL","OFFICIAL_MEAL_TYPE","NO_OFFICIAL","YES_OFFICIAL","NO_OFFICIAL","NO_OFFICIAL","NO_OFFICIAL","NO","NO","618","48.7","52.8","23.5","12.4","qa.derived_fiber_g","533","g","1","صدر ديك رومي مطهو ومشوي / Turkey breast, cooked, roasted: 130g; بطاطا حلوة مشوية / Baked sweet potato: 180g; بروكلي مطهو / Broccoli, cooked: 120g; جوز / Walnuts: 15g; فلفل حلو أحمر طازج / Red bell pepper, raw: 60g; زيت زيتون / Olive oil: 10g; عصير ليمون طازج / Lemon juice, raw: 12g; بقدونس طازج / Fresh parsley: 6g","زِن وحضّر صدر ديك رومي مطهو ومشوي، بطاطا حلوة مشوية، بروكلي مطهو، جوز، فلفل حلو أحمر طازج، زيت زيتون، عصير ليمون طازج، وبقدونس طازج بالكميات المدرجة بدقة، مع الحفاظ على الحالة المطهوة أو الطازجة المسجلة لكل مكوّن. | سخّن المكونات المطهوة كلًا على حدة وامزج الحمضيات والزيت والتوابل المدرجة فقط كلمسة خفيفة ومقاسة. | رتّب الحصة المقاسة كاملة في طبق غداء واحد، مع إبقاء المكوّن الأساسي والنشويات المذكورة بارزة بصريًا والجوانب منفصلة.","Measure and prepare Turkey breast, cooked, roasted, Baked sweet potato, Broccoli, cooked, Walnuts, Red bell pepper, raw, Olive oil, Lemon juice, raw, and Fresh parsley in the exact listed amounts, keeping every cooked and raw ingredient in its recorded state. | Warm the cooked components separately and mix only the listed citrus, oil and seasonings into a light measured finish. | Plate the complete measured serving on one lunch plate, keeping the named primary food and starch visibly dominant and all sides distinct.","/nutrition/meals/MEAL-090/cover.webp","/nutrition/meals/MEAL-090/cover-thumb.webp","ready","FILES_PRESENT","{""calorie_band_kcal"":""600_plus"",""protein_band_g"":""40_plus"",""carb_band_g"":""high"",""fat_band_g"":""high"",""meal_type_required"":true,""max_calorie_delta_pct"":10,""max_protein_delta_g"":8,""exclude_allergens"":true}","tree_nuts","gluten_free|high_protein|high_fiber|omega_3","NOT_AVAILABLE","NO_EXPLICIT_TAG","NO_EXPLICIT_TAG","fat_loss|maintenance|muscle_gain","Nutrition Library V2. USDA FoodData Central. One serving. Identity is external_id.","USDA FoodData Central — SR Legacy (April 2018 release)"
"MEAL-091","وعاء الأرز الأبيض بالدجاج والبازلاء والزنجبيل والصويا","Ginger-Soy Chicken Pea White Rice Bowl","YES_DERIVED_FROM_PUBLISHED_READY","published","ready","lunch","MAIN_MEAL","OFFICIAL_MEAL_TYPE","NO_OFFICIAL","YES_OFFICIAL","NO_OFFICIAL","NO_OFFICIAL","NO_OFFICIAL","NO","NO","530","43.5","54","15.6","7.6","qa.derived_fiber_g","413","g","1","صدر دجاج مطهو ومشوي / Chicken breast, cooked, roasted: 110g; أرز أبيض مطهو / White rice, cooked: 120g; بازلاء خضراء مطهوة / Green peas, cooked: 80g; فلفل حلو أحمر طازج / Red bell pepper, raw: 60g; أفوكادو طازج / Avocado, raw: 20g; زيت زيتون / Olive oil: 8g; صلصة صويا قليلة الصوديوم / Reduced-sodium soy sauce: 10g; زنجبيل طازج / Ginger root, raw: 5g","زِن وحضّر صدر دجاج مطهو ومشوي، أرز أبيض مطهو، بازلاء خضراء مطهوة، فلفل حلو أحمر طازج، أفوكادو طازج، زيت زيتون، صلصة صويا قليلة الصوديوم، وزنجبيل طازج بالكميات المدرجة بدقة، مع الحفاظ على الحالة المطهوة أو الطازجة المسجلة لكل مكوّن. | سخّن البروتين والبقول والحبوب المطهوة كلًا على حدة، وامزج الحمضيات والزيت والصلصة والتوابل المدرجة في تتبيلة خفيفة عند وجودها. | رتّب كل مكوّن مقاس في وعاء غداء واحد بأقسام ظاهرة ومميزة، وأضف التتبيلة المدرجة فقط وقدّم الوعاء كاملًا كحصة واحدة.","Measure and prepare Chicken breast, cooked, roasted, White rice, cooked, Green peas, cooked, Red bell pepper, raw, Avocado, raw, Olive oil, Reduced-sodium soy sauce, and Ginger root, raw in the exact listed amounts, keeping every cooked and raw ingredient in its recorded state. | Warm the cooked protein, legumes and grain separately; combine the listed citrus, oil, sauce and seasonings into a restrained dressing where present. | Arrange every measured component in one lunch bowl with distinct visible sections, add only the listed dressing, and serve the complete bowl as one portion.","/nutrition/meals/MEAL-091/cover.webp","/nutrition/meals/MEAL-091/cover-thumb.webp","ready","FILES_PRESENT","{""calorie_band_kcal"":""450_599"",""protein_band_g"":""40_plus"",""carb_band_g"":""high"",""fat_band_g"":""moderate"",""meal_type_required"":true,""max_calorie_delta_pct"":10,""max_protein_delta_g"":8,""exclude_allergens"":true}","soy","high_protein|high_fiber","NOT_AVAILABLE","NO_EXPLICIT_TAG","NO_EXPLICIT_TAG","fat_loss|maintenance|muscle_gain","Nutrition Library V2. USDA FoodData Central. One serving. Identity is external_id.","USDA FoodData Central — SR Legacy (April 2018 release)"
"MEAL-092","علبة لفافة ذرة بلحم الضأن وكريمة الأفوكادو والزبادي","Cumin-Lime Lamb Corn Wrap Box with Avocado Yogurt","YES_DERIVED_FROM_PUBLISHED_READY","published","ready","lunch","MAIN_MEAL","OFFICIAL_MEAL_TYPE","NO_OFFICIAL","YES_OFFICIAL","NO_OFFICIAL","NO_OFFICIAL","NO_OFFICIAL","NO","NO","467","32.6","34.8","21.9","9.4","qa.derived_fiber_g","355","g","1","فخذ ضأن قليل الدهن ومشوي / Lamb leg, lean, cooked, roasted: 85g; خبز تورتيلا الذرة / Corn tortilla: 50g; خس روماني طازج / Romaine lettuce, raw: 50g; طماطم طازجة / Tomato, raw: 60g; أفوكادو طازج / Avocado, raw: 60g; زبادي يوناني سادة خالي الدسم / Greek yogurt, plain, nonfat: 30g; زيت زيتون / Olive oil: 5g; عصير ليمون أخضر طازج / Lime juice, raw: 12g; كمون / Cumin seed: 3g","زِن وحضّر فخذ ضأن قليل الدهن ومشوي، خبز تورتيلا الذرة، خس روماني طازج، طماطم طازجة، أفوكادو طازج، زبادي يوناني سادة خالي الدسم، زيت زيتون، عصير ليمون أخضر طازج، وكمون بالكميات المدرجة بدقة، مع الحفاظ على الحالة المطهوة أو الطازجة المسجلة لكل مكوّن. | سخّن الخبز والحشوة المطهوة المدرجين، وامزج المكوّن الكريمي والحمضيات والتوابل المدرجة فقط، ثم وزّع الحشوة المقاسة بالتساوي. | اطوِ حصة الخبز المدرجة كاملة حول الحشوة، وضعها في علبة تحضير وجبات واحدة دون أي جانب أو زينة أو صلصة خارج قائمة المكونات.","Measure and prepare Lamb leg, lean, cooked, roasted, Corn tortilla, Romaine lettuce, raw, Tomato, raw, Avocado, raw, Greek yogurt, plain, nonfat, Olive oil, Lime juice, raw, and Cumin seed in the exact listed amounts, keeping every cooked and raw ingredient in its recorded state. | Warm the listed bread and cooked filling; combine only the listed creamy component, citrus and seasonings, then distribute the measured filling evenly. | Fold the full listed bread serving around the filling, pack it in one meal-prep box, and include no side, garnish or sauce beyond the ingredient list.","/nutrition/meals/MEAL-092/cover.webp","/nutrition/meals/MEAL-092/cover-thumb.webp","ready","FILES_PRESENT","{""calorie_band_kcal"":""450_599"",""protein_band_g"":""30_39"",""carb_band_g"":""moderate"",""fat_band_g"":""high"",""meal_type_required"":true,""max_calorie_delta_pct"":10,""max_protein_delta_g"":8,""exclude_allergens"":true}","milk","gluten_free|high_fiber","NOT_AVAILABLE","NO_EXPLICIT_TAG","NO_EXPLICIT_TAG","fat_loss|maintenance|muscle_gain","Nutrition Library V2. USDA FoodData Central. One serving. Identity is external_id.","USDA FoodData Central — SR Legacy (April 2018 release)"
"MEAL-093","وعاء الشعير باللحم البقري المفروم والطحينة والليمون","Tahini-Lemon Ground Beef Barley Bowl","YES_DERIVED_FROM_PUBLISHED_READY","published","ready","lunch","MAIN_MEAL","OFFICIAL_MEAL_TYPE","NO_OFFICIAL","YES_OFFICIAL","NO_OFFICIAL","NO_OFFICIAL","NO_OFFICIAL","NO","NO","602","34.9","60.9","24.3","11","qa.derived_fiber_g","457","g","1","لحم بقري مفروم 90٪ قليل الدهن ومطهو / Ground beef, 90% lean, cooked: 90g; شعير لؤلؤي مطهو / Pearled barley, cooked: 170g; فطر أبيض مطهو / White mushrooms, cooked: 80g; سبانخ مطهوة / Spinach, cooked: 80g; طحينة سمسم / Sesame butter, tahini: 15g; زيت زيتون / Olive oil: 5g; عصير ليمون طازج / Lemon juice, raw: 12g; ثوم طازج / Garlic, raw: 5g","زِن وحضّر لحم بقري مفروم 90٪ قليل الدهن ومطهو، شعير لؤلؤي مطهو، فطر أبيض مطهو، سبانخ مطهوة، طحينة سمسم، زيت زيتون، عصير ليمون طازج، وثوم طازج بالكميات المدرجة بدقة، مع الحفاظ على الحالة المطهوة أو الطازجة المسجلة لكل مكوّن. | سخّن البروتين والبقول والحبوب المطهوة كلًا على حدة، وامزج الحمضيات والزيت والصلصة والتوابل المدرجة في تتبيلة خفيفة عند وجودها. | رتّب كل مكوّن مقاس في وعاء غداء واحد بأقسام ظاهرة ومميزة، وأضف التتبيلة المدرجة فقط وقدّم الوعاء كاملًا كحصة واحدة.","Measure and prepare Ground beef, 90% lean, cooked, Pearled barley, cooked, White mushrooms, cooked, Spinach, cooked, Sesame butter, tahini, Olive oil, Lemon juice, raw, and Garlic, raw in the exact listed amounts, keeping every cooked and raw ingredient in its recorded state. | Warm the cooked protein, legumes and grain separately; combine the listed citrus, oil, sauce and seasonings into a restrained dressing where present. | Arrange every measured component in one lunch bowl with distinct visible sections, add only the listed dressing, and serve the complete bowl as one portion.","/nutrition/meals/MEAL-093/cover.webp","/nutrition/meals/MEAL-093/cover-thumb.webp","ready","FILES_PRESENT","{""calorie_band_kcal"":""600_plus"",""protein_band_g"":""30_39"",""carb_band_g"":""high"",""fat_band_g"":""high"",""meal_type_required"":true,""max_calorie_delta_pct"":10,""max_protein_delta_g"":8,""exclude_allergens"":true}","gluten|sesame","high_fiber","NOT_AVAILABLE","NO_EXPLICIT_TAG","NO_EXPLICIT_TAG","fat_loss|maintenance|muscle_gain","Nutrition Library V2. USDA FoodData Central. One serving. Identity is external_id.","USDA FoodData Central — SR Legacy (April 2018 release)"
"MEAL-094","وعاء الكينوا بالتوفو والحمص والطحينة والليمون","Tahini-Lemon Tofu Chickpea Quinoa Bowl","YES_DERIVED_FROM_PUBLISHED_READY","published","ready","lunch","MAIN_MEAL","OFFICIAL_MEAL_TYPE","NO_OFFICIAL","YES_OFFICIAL","NO_OFFICIAL","NO_OFFICIAL","NO_OFFICIAL","NO","NO","929","51.6","85","42.5","25.1","qa.derived_fiber_g","620","g","1","توفو متماسك محضر بالكالسيوم / Firm tofu prepared with calcium: 160g; حمص حب مطهو / Chickpeas, cooked: 120g; كينوا مطهوة / Quinoa, cooked: 150g; أفوكادو طازج / Avocado, raw: 80g; سبانخ مطهوة / Spinach, cooked: 40g; طحينة سمسم / Sesame butter, tahini: 20g; فلفل حلو أحمر طازج / Red bell pepper, raw: 40g; عصير ليمون طازج / Lemon juice, raw: 10g","زِن وحضّر توفو متماسك محضر بالكالسيوم، حمص حب مطهو، كينوا مطهوة، أفوكادو طازج، سبانخ مطهوة، طحينة سمسم، فلفل حلو أحمر طازج، وعصير ليمون طازج بالكميات المدرجة بدقة، مع الحفاظ على الحالة المطهوة أو الطازجة المسجلة لكل مكوّن. | سخّن البروتين والبقول والحبوب المطهوة كلًا على حدة، وامزج الحمضيات والزيت والصلصة والتوابل المدرجة في تتبيلة خفيفة عند وجودها. | رتّب كل مكوّن مقاس في وعاء غداء واحد بأقسام ظاهرة ومميزة، وأضف التتبيلة المدرجة فقط وقدّم الوعاء كاملًا كحصة واحدة.","Measure and prepare Firm tofu prepared with calcium, Chickpeas, cooked, Quinoa, cooked, Avocado, raw, Spinach, cooked, Sesame butter, tahini, Red bell pepper, raw, and Lemon juice, raw in the exact listed amounts, keeping every cooked and raw ingredient in its recorded state. | Warm the cooked protein, legumes and grain separately; combine the listed citrus, oil, sauce and seasonings into a restrained dressing where present. | Arrange every measured component in one lunch bowl with distinct visible sections, add only the listed dressing, and serve the complete bowl as one portion.","/nutrition/meals/MEAL-094/cover.webp","/nutrition/meals/MEAL-094/cover-thumb.webp","ready","FILES_PRESENT","{""calorie_band_kcal"":""600_plus"",""protein_band_g"":""40_plus"",""carb_band_g"":""high"",""fat_band_g"":""high"",""meal_type_required"":true,""max_calorie_delta_pct"":10,""max_protein_delta_g"":8,""exclude_allergens"":true}","sesame|soy","vegetarian|vegan|pescatarian|gluten_free|high_protein|high_fiber","NOT_AVAILABLE","YES_EXPLICIT","YES_EXPLICIT","fat_loss|maintenance|muscle_gain","Nutrition Library V2. USDA FoodData Central. One serving. Identity is external_id.","USDA FoodData Central — SR Legacy (April 2018 release)"
"MEAL-095","علبة لفافة بيتا بالديك الرومي والحمص والثوم والبابريكا","Garlic-Paprika Turkey Hummus Whole-Wheat Pita Wrap","YES_DERIVED_FROM_PUBLISHED_READY","published","ready","lunch","MAIN_MEAL","OFFICIAL_MEAL_TYPE","NO_OFFICIAL","YES_OFFICIAL","NO_OFFICIAL","NO_OFFICIAL","NO_OFFICIAL","NO","NO","621","45.8","71.5","16.9","14.7","qa.derived_fiber_g","463","g","1","صدر ديك رومي مطهو ومشوي / Turkey breast, cooked, roasted: 105g; خبز بيتا من القمح الكامل / Whole-wheat pita bread: 80g; حمص مهروس محضر / Prepared hummus: 60g; أفوكادو طازج / Avocado, raw: 50g; خس روماني طازج / Romaine lettuce, raw: 50g; فلفل حلو أحمر طازج / Red bell pepper, raw: 60g; طماطم طازجة / Tomato, raw: 50g; بابريكا / Paprika: 3g; ثوم طازج / Garlic, raw: 5g","زِن وحضّر صدر ديك رومي مطهو ومشوي، خبز بيتا من القمح الكامل، حمص مهروس محضر، أفوكادو طازج، خس روماني طازج، فلفل حلو أحمر طازج، طماطم طازجة، بابريكا، وثوم طازج بالكميات المدرجة بدقة، مع الحفاظ على الحالة المطهوة أو الطازجة المسجلة لكل مكوّن. | سخّن الخبز والحشوة المطهوة المدرجين، وامزج المكوّن الكريمي والحمضيات والتوابل المدرجة فقط، ثم وزّع الحشوة المقاسة بالتساوي. | اطوِ حصة الخبز المدرجة كاملة حول الحشوة، وضعها في علبة تحضير وجبات واحدة دون أي جانب أو زينة أو صلصة خارج قائمة المكونات.","Measure and prepare Turkey breast, cooked, roasted, Whole-wheat pita bread, Prepared hummus, Avocado, raw, Romaine lettuce, raw, Red bell pepper, raw, Tomato, raw, Paprika, and Garlic, raw in the exact listed amounts, keeping every cooked and raw ingredient in its recorded state. | Warm the listed bread and cooked filling; combine only the listed creamy component, citrus and seasonings, then distribute the measured filling evenly. | Fold the full listed bread serving around the filling, pack it in one meal-prep box, and include no side, garnish or sauce beyond the ingredient list.","/nutrition/meals/MEAL-095/cover.webp","/nutrition/meals/MEAL-095/cover-thumb.webp","ready","FILES_PRESENT","{""calorie_band_kcal"":""600_plus"",""protein_band_g"":""40_plus"",""carb_band_g"":""high"",""fat_band_g"":""moderate"",""meal_type_required"":true,""max_calorie_delta_pct"":10,""max_protein_delta_g"":8,""exclude_allergens"":true}","gluten|sesame","high_protein|high_fiber","NOT_AVAILABLE","NO_EXPLICIT_TAG","NO_EXPLICIT_TAG","fat_loss|maintenance|muscle_gain","Nutrition Library V2. USDA FoodData Central. One serving. Identity is external_id.","USDA FoodData Central — SR Legacy (April 2018 release)"
"MEAL-096","وعاء الأرز الأبيض باللحم البقري والبروكلي والزنجبيل والصويا","Ginger-Soy Beef Broccoli White Rice Bowl","YES_DERIVED_FROM_PUBLISHED_READY","published","ready","lunch","MAIN_MEAL","OFFICIAL_MEAL_TYPE","NO_OFFICIAL","YES_OFFICIAL","NO_OFFICIAL","NO_OFFICIAL","NO_OFFICIAL","NO","NO","553","42.9","55.4","17.8","5.3","qa.derived_fiber_g","450","g","1","لحم بقري من السيرلوين قليل الدهن ومشوي / Beef top sirloin, lean, cooked, grilled: 115g; أرز أبيض مطهو / White rice, cooked: 150g; بروكلي مطهو / Broccoli, cooked: 100g; فلفل حلو أحمر طازج / Red bell pepper, raw: 60g; زيت زيتون / Olive oil: 10g; صلصة صويا قليلة الصوديوم / Reduced-sodium soy sauce: 10g; زنجبيل طازج / Ginger root, raw: 5g","زِن وحضّر لحم بقري من السيرلوين قليل الدهن ومشوي، أرز أبيض مطهو، بروكلي مطهو، فلفل حلو أحمر طازج، زيت زيتون، صلصة صويا قليلة الصوديوم، وزنجبيل طازج بالكميات المدرجة بدقة، مع الحفاظ على الحالة المطهوة أو الطازجة المسجلة لكل مكوّن. | سخّن البروتين والبقول والحبوب المطهوة كلًا على حدة، وامزج الحمضيات والزيت والصلصة والتوابل المدرجة في تتبيلة خفيفة عند وجودها. | رتّب كل مكوّن مقاس في وعاء غداء واحد بأقسام ظاهرة ومميزة، وأضف التتبيلة المدرجة فقط وقدّم الوعاء كاملًا كحصة واحدة.","Measure and prepare Beef top sirloin, lean, cooked, grilled, White rice, cooked, Broccoli, cooked, Red bell pepper, raw, Olive oil, Reduced-sodium soy sauce, and Ginger root, raw in the exact listed amounts, keeping every cooked and raw ingredient in its recorded state. | Warm the cooked protein, legumes and grain separately; combine the listed citrus, oil, sauce and seasonings into a restrained dressing where present. | Arrange every measured component in one lunch bowl with distinct visible sections, add only the listed dressing, and serve the complete bowl as one portion.","/nutrition/meals/MEAL-096/cover.webp","/nutrition/meals/MEAL-096/cover-thumb.webp","ready","FILES_PRESENT","{""calorie_band_kcal"":""450_599"",""protein_band_g"":""40_plus"",""carb_band_g"":""high"",""fat_band_g"":""moderate"",""meal_type_required"":true,""max_calorie_delta_pct"":10,""max_protein_delta_g"":8,""exclude_allergens"":true}","soy","high_protein","NOT_AVAILABLE","NO_EXPLICIT_TAG","NO_EXPLICIT_TAG","fat_loss|maintenance|muscle_gain","Nutrition Library V2. USDA FoodData Central. One serving. Identity is external_id.","USDA FoodData Central — SR Legacy (April 2018 release)"
"MEAL-097","طبق الكينوا بالسلمون والفيتا والليمون والبقدونس","Lemon-Parsley Salmon Quinoa Feta Plate","YES_DERIVED_FROM_PUBLISHED_READY","published","ready","lunch","MAIN_MEAL","OFFICIAL_MEAL_TYPE","NO_OFFICIAL","YES_OFFICIAL","NO_OFFICIAL","NO_OFFICIAL","NO_OFFICIAL","NO","NO","446","31","27.3","23.7","5.5","qa.derived_fiber_g","373","g","1","سلمون أطلسي مطهو بحرارة جافة / Atlantic salmon, cooked with dry heat: 100g; كينوا مطهوة / Quinoa, cooked: 80g; بروكلي مطهو / Broccoli, cooked: 80g; جبن فيتا / Feta cheese: 20g; خيار طازج بالقشر / Cucumber with peel, raw: 70g; زيت زيتون / Olive oil: 5g; عصير ليمون طازج / Lemon juice, raw: 12g; بقدونس طازج / Fresh parsley: 6g","زِن وحضّر سلمون أطلسي مطهو بحرارة جافة، كينوا مطهوة، بروكلي مطهو، جبن فيتا، خيار طازج بالقشر، زيت زيتون، عصير ليمون طازج، وبقدونس طازج بالكميات المدرجة بدقة، مع الحفاظ على الحالة المطهوة أو الطازجة المسجلة لكل مكوّن. | سخّن المكونات المطهوة كلًا على حدة وامزج الحمضيات والزيت والتوابل المدرجة فقط كلمسة خفيفة ومقاسة. | رتّب الحصة المقاسة كاملة في طبق غداء واحد، مع إبقاء المكوّن الأساسي والنشويات المذكورة بارزة بصريًا والجوانب منفصلة.","Measure and prepare Atlantic salmon, cooked with dry heat, Quinoa, cooked, Broccoli, cooked, Feta cheese, Cucumber with peel, raw, Olive oil, Lemon juice, raw, and Fresh parsley in the exact listed amounts, keeping every cooked and raw ingredient in its recorded state. | Warm the cooked components separately and mix only the listed citrus, oil and seasonings into a light measured finish. | Plate the complete measured serving on one lunch plate, keeping the named primary food and starch visibly dominant and all sides distinct.","/nutrition/meals/MEAL-097/cover.webp","/nutrition/meals/MEAL-097/cover-thumb.webp","ready","FILES_PRESENT","{""calorie_band_kcal"":""300_449"",""protein_band_g"":""30_39"",""carb_band_g"":""moderate"",""fat_band_g"":""high"",""meal_type_required"":true,""max_calorie_delta_pct"":10,""max_protein_delta_g"":8,""exclude_allergens"":true}","milk|fish","pescatarian|gluten_free|omega_3","NOT_AVAILABLE","NO_EXPLICIT_TAG","NO_EXPLICIT_TAG","fat_loss|maintenance|muscle_gain","Nutrition Library V2. USDA FoodData Central. One serving. Identity is external_id.","USDA FoodData Central — SR Legacy (April 2018 release)"
"MEAL-098","صينية معكرونة القمح الكامل بالدجاج والموزاريلا والثوم والبابريكا","Garlic-Paprika Chicken Mozzarella Whole-Wheat Pasta Bake","YES_DERIVED_FROM_PUBLISHED_READY","published","ready","lunch","MAIN_MEAL","OFFICIAL_MEAL_TYPE","NO_OFFICIAL","YES_OFFICIAL","NO_OFFICIAL","NO_OFFICIAL","NO_OFFICIAL","NO","NO","900","63.5","74.9","38.5","11.8","qa.derived_fiber_g","578","g","1","صدر دجاج مطهو ومشوي / Chicken breast, cooked, roasted: 120g; معكرونة قمح كامل مطهوة / Whole-wheat pasta, cooked: 200g; جبن موزاريلا جزئي الدسم / Mozzarella, part-skim: 50g; طماطم طازجة / Tomato, raw: 100g; فلفل حلو أحمر طازج / Red bell pepper, raw: 80g; زيت زيتون / Olive oil: 20g; ثوم طازج / Garlic, raw: 5g; بابريكا / Paprika: 3g","زِن وحضّر صدر دجاج مطهو ومشوي، معكرونة قمح كامل مطهوة، جبن موزاريلا جزئي الدسم، طماطم طازجة، فلفل حلو أحمر طازج، زيت زيتون، ثوم طازج، وبابريكا بالكميات المدرجة بدقة، مع الحفاظ على الحالة المطهوة أو الطازجة المسجلة لكل مكوّن. | اخلط المعكرونة المطهوة والدجاج والطماطم والفلفل الأحمر والثوم والبابريكا وزيت الزيتون بالكميات المحددة، ثم أضف الموزاريلا المقاسة فقط. | اخبز الحصة الواحدة حتى تذوب الموزاريلا وتتحمر بخفة دون أي صلصة أو زينة إضافية، وقدّمها في صينية الخبز الواحدة.","Measure and prepare Chicken breast, cooked, roasted, Whole-wheat pasta, cooked, Mozzarella, part-skim, Tomato, raw, Red bell pepper, raw, Olive oil, Garlic, raw, and Paprika in the exact listed amounts, keeping every cooked and raw ingredient in its recorded state. | Combine the measured cooked pasta, Chicken, Tomato, Red Pepper, Garlic, Paprika and Olive Oil; top only with the measured Mozzarella. | Bake the single serving until the Mozzarella is melted and lightly browned, with no extra sauce or garnish, then serve in its one baking dish.","/nutrition/meals/MEAL-098/cover.webp","/nutrition/meals/MEAL-098/cover-thumb.webp","ready","FILES_PRESENT","{""calorie_band_kcal"":""600_plus"",""protein_band_g"":""40_plus"",""carb_band_g"":""high"",""fat_band_g"":""high"",""meal_type_required"":true,""max_calorie_delta_pct"":10,""max_protein_delta_g"":8,""exclude_allergens"":true}","milk|gluten","high_protein|high_fiber","NOT_AVAILABLE","NO_EXPLICIT_TAG","NO_EXPLICIT_TAG","fat_loss|maintenance|muscle_gain","Nutrition Library V2. USDA FoodData Central. One serving. Identity is external_id.","USDA FoodData Central — SR Legacy (April 2018 release)"
"MEAL-099","علبة غداء بالفاصوليا الحمراء والفيتا وتورتيلا الذرة","Cumin-Lime Kidney Beans Feta Corn Lunch Box","YES_DERIVED_FROM_PUBLISHED_READY","published","ready","lunch","MAIN_MEAL","OFFICIAL_MEAL_TYPE","NO_OFFICIAL","YES_OFFICIAL","NO_OFFICIAL","NO_OFFICIAL","NO_OFFICIAL","NO","NO","638","21.9","88.8","21.7","19.8","qa.derived_fiber_g","508","g","1","فاصوليا حمراء مطهوة / Kidney beans, cooked: 100g; خبز تورتيلا الذرة / Corn tortilla: 70g; جبن فيتا / Feta cheese: 30g; أفوكادو طازج / Avocado, raw: 80g; أرز بني مطهو / Brown rice, cooked: 80g; خيار طازج بالقشر / Cucumber with peel, raw: 70g; طماطم طازجة / Tomato, raw: 60g; عصير ليمون أخضر طازج / Lime juice, raw: 12g; بقدونس طازج / Fresh parsley: 6g","زِن وحضّر فاصوليا حمراء مطهوة، خبز تورتيلا الذرة، جبن فيتا، أفوكادو طازج، أرز بني مطهو، خيار طازج بالقشر، طماطم طازجة، عصير ليمون أخضر طازج، وبقدونس طازج بالكميات المدرجة بدقة، مع الحفاظ على الحالة المطهوة أو الطازجة المسجلة لكل مكوّن. | سخّن المكونات المطهوة وقسّم المكونات الطازجة والحمضيات والتوابل المدرجة دون إضافة أي طعام غير مسجل. | ضع كل المكونات المقاسة في علبة تحضير وجبات مقسمة واحدة مع الحفاظ على هويتها المميزة وكمية الحصة الواحدة كاملة.","Measure and prepare Kidney beans, cooked, Corn tortilla, Feta cheese, Avocado, raw, Brown rice, cooked, Cucumber with peel, raw, Tomato, raw, Lime juice, raw, and Fresh parsley in the exact listed amounts, keeping every cooked and raw ingredient in its recorded state. | Warm the cooked components and portion the listed fresh ingredients, citrus and seasonings without adding any unlisted food. | Pack all measured components in one divided meal-prep box, preserving distinct identities and the complete one-serving quantity.","/nutrition/meals/MEAL-099/cover.webp","/nutrition/meals/MEAL-099/cover-thumb.webp","ready","FILES_PRESENT","{""calorie_band_kcal"":""600_plus"",""protein_band_g"":""20_29"",""carb_band_g"":""high"",""fat_band_g"":""high"",""meal_type_required"":true,""max_calorie_delta_pct"":10,""max_protein_delta_g"":8,""exclude_allergens"":true}","milk","vegetarian|pescatarian|gluten_free|high_fiber","NOT_AVAILABLE","YES_EXPLICIT","NO_EXPLICIT_TAG","fat_loss|maintenance","Nutrition Library V2. USDA FoodData Central. One serving. Identity is external_id.","USDA FoodData Central — SR Legacy (April 2018 release)"
"MEAL-100","طبق الكينوا بالأفوكادو ولحم الضأن والكمون والليمون الأخضر","Cumin-Lime Lamb Quinoa Avocado Plate","YES_DERIVED_FROM_PUBLISHED_READY","published","ready","lunch","MAIN_MEAL","OFFICIAL_MEAL_TYPE","NO_OFFICIAL","YES_OFFICIAL","NO_OFFICIAL","NO_OFFICIAL","NO_OFFICIAL","NO","NO","595","24.4","31.7","41.2","10.6","qa.derived_fiber_g","451","g","1","فخذ ضأن قليل الدهن ومشوي / Lamb leg, lean, cooked, roasted: 60g; كينوا مطهوة / Quinoa, cooked: 70g; أفوكادو طازج / Avocado, raw: 100g; خيار طازج بالقشر / Cucumber with peel, raw: 80g; كوسا مطهوة / Zucchini, cooked: 100g; زيت زيتون / Olive oil: 20g; عصير ليمون أخضر طازج / Lime juice, raw: 12g; كمون / Cumin seed: 3g; بقدونس طازج / Fresh parsley: 6g","زِن وحضّر فخذ ضأن قليل الدهن ومشوي، كينوا مطهوة، أفوكادو طازج، خيار طازج بالقشر، كوسا مطهوة، زيت زيتون، عصير ليمون أخضر طازج، كمون، وبقدونس طازج بالكميات المدرجة بدقة، مع الحفاظ على الحالة المطهوة أو الطازجة المسجلة لكل مكوّن. | سخّن المكونات المطهوة كلًا على حدة وامزج الحمضيات والزيت والتوابل المدرجة فقط كلمسة خفيفة ومقاسة. | رتّب الحصة المقاسة كاملة في طبق غداء واحد، مع إبقاء المكوّن الأساسي والنشويات المذكورة بارزة بصريًا والجوانب منفصلة.","Measure and prepare Lamb leg, lean, cooked, roasted, Quinoa, cooked, Avocado, raw, Cucumber with peel, raw, Zucchini, cooked, Olive oil, Lime juice, raw, Cumin seed, and Fresh parsley in the exact listed amounts, keeping every cooked and raw ingredient in its recorded state. | Warm the cooked components separately and mix only the listed citrus, oil and seasonings into a light measured finish. | Plate the complete measured serving on one lunch plate, keeping the named primary food and starch visibly dominant and all sides distinct.","/nutrition/meals/MEAL-100/cover.webp","/nutrition/meals/MEAL-100/cover-thumb.webp","ready","FILES_PRESENT","{""calorie_band_kcal"":""450_599"",""protein_band_g"":""20_29"",""carb_band_g"":""moderate"",""fat_band_g"":""high"",""meal_type_required"":true,""max_calorie_delta_pct"":10,""max_protein_delta_g"":8,""exclude_allergens"":true}","NOT_AVAILABLE","gluten_free|high_fiber","NOT_AVAILABLE","NO_EXPLICIT_TAG","NO_EXPLICIT_TAG","fat_loss|maintenance","Nutrition Library V2. USDA FoodData Central. One serving. Identity is external_id.","USDA FoodData Central — SR Legacy (April 2018 release)"
"MEAL-101","طبق الكسكس بالطحينة والليمون مع السلمون","Tahini-Lemon Couscous Plate with Salmon","YES_DERIVED_FROM_PUBLISHED_READY","published","ready","lunch","MAIN_MEAL","OFFICIAL_MEAL_TYPE","NO_OFFICIAL","YES_OFFICIAL","NO_OFFICIAL","NO_OFFICIAL","NO_OFFICIAL","NO","NO","820","29.7","69.2","47.1","7.5","qa.derived_fiber_g","513","g","1","سلمون أطلسي مطهو بحرارة جافة / Atlantic salmon, cooked with dry heat: 63g; كسكس مطهو / Couscous, cooked: 260g; سبانخ مطهوة / Spinach, cooked: 83g; خس روماني طازج / Romaine lettuce, raw: 53g; زيت زيتون / Olive oil: 30g; طحينة سمسم / Sesame butter, tahini: 16g; عصير ليمون طازج / Lemon juice, raw: 8g","سخّن أو حضّر كمية السلمون المحددة وفق حالتها المطهوة المدرجة. | سخّن المكونات المطهوة وحضّر المكونات الطازجة من الكميات المحددة من الكسكس، السبانخ، الخس الروماني، زيت الزيتون، الطحينة، الليمون مع الحفاظ على حالة كل مكوّن المسجلة. | رتّب الحصة كاملة في طبق خزفي مسطح ومحايد باستخدام السلمون، الكسكس، السبانخ، الخس الروماني، زيت الزيتون، الطحينة، الليمون فقط ووزّع الصلصات والتوابل بخفة وتساوٍ.","Warm or prepare the measured Salmon using its listed cooked form. | Warm cooked components and prepare fresh components from the measured Couscous, Spinach, Romaine, Olive Oil, Tahini, Lemon, keeping each food in its recorded state. | Arrange the complete serving in one flat neutral ceramic dinner plate using only Salmon, Couscous, Spinach, Romaine, Olive Oil, Tahini, Lemon; distribute sauces and seasonings lightly and evenly.","/nutrition/meals/MEAL-101/cover.webp","/nutrition/meals/MEAL-101/cover-thumb.webp","ready","FILES_PRESENT","{""calorie_band_kcal"":""600_plus"",""protein_band_g"":""20_29"",""carb_band_g"":""high"",""fat_band_g"":""high"",""meal_type_required"":true,""max_calorie_delta_pct"":10,""max_protein_delta_g"":8,""exclude_allergens"":true}","gluten|fish|sesame","pescatarian|high_fiber|omega_3","NOT_AVAILABLE","NO_EXPLICIT_TAG","NO_EXPLICIT_TAG","fat_loss|maintenance|muscle_gain","Nutrition Library V2. USDA FoodData Central. One serving. Identity is external_id.","USDA FoodData Central — SR Legacy (April 2018 release)"
"MEAL-102","وعاء الشعير بالطماطم والبقدونس مع لحم الضأن","Tomato-Parsley Barley Bowl with Lamb","YES_DERIVED_FROM_PUBLISHED_READY","published","ready","lunch","MAIN_MEAL","OFFICIAL_MEAL_TYPE","NO_OFFICIAL","YES_OFFICIAL","NO_OFFICIAL","NO_OFFICIAL","NO_OFFICIAL","NO","NO","628","44.1","73.7","17.4","14.1","qa.derived_fiber_g","556","g","1","فخذ ضأن قليل الدهن ومشوي / Lamb leg, lean, cooked, roasted: 130g; شعير لؤلؤي مطهو / Pearled barley, cooked: 218g; فلفل حلو أحمر طازج / Red bell pepper, raw: 80g; خيار طازج بالقشر / Cucumber with peel, raw: 50g; أفوكادو طازج / Avocado, raw: 50g; طماطم طازجة / Tomato, raw: 20g; بقدونس طازج / Fresh parsley: 8g","سخّن أو حضّر كمية لحم الضأن المحددة وفق حالتها المطهوة المدرجة. | سخّن المكونات المطهوة وحضّر المكونات الطازجة من الكميات المحددة من الشعير، الفلفل الأحمر، الخيار، الأفوكادو، الطماطم، البقدونس مع الحفاظ على حالة كل مكوّن المسجلة. | رتّب الحصة كاملة في وعاء حجري عريض وضحل باستخدام لحم الضأن، الشعير، الفلفل الأحمر، الخيار، الأفوكادو، الطماطم، البقدونس فقط ووزّع الصلصات والتوابل بخفة وتساوٍ.","Warm or prepare the measured Lamb using its listed cooked form. | Warm cooked components and prepare fresh components from the measured Barley, Red Pepper, Cucumber, Avocado, Tomato, Parsley, keeping each food in its recorded state. | Arrange the complete serving in one wide shallow stoneware bowl using only Lamb, Barley, Red Pepper, Cucumber, Avocado, Tomato, Parsley; distribute sauces and seasonings lightly and evenly.","/nutrition/meals/MEAL-102/cover.webp","/nutrition/meals/MEAL-102/cover-thumb.webp","ready","FILES_PRESENT","{""calorie_band_kcal"":""600_plus"",""protein_band_g"":""40_plus"",""carb_band_g"":""high"",""fat_band_g"":""moderate"",""meal_type_required"":true,""max_calorie_delta_pct"":10,""max_protein_delta_g"":8,""exclude_allergens"":true}","gluten","high_protein|high_fiber","NOT_AVAILABLE","NO_EXPLICIT_TAG","NO_EXPLICIT_TAG","fat_loss|maintenance|muscle_gain","Nutrition Library V2. USDA FoodData Central. One serving. Identity is external_id.","USDA FoodData Central — SR Legacy (April 2018 release)"
"MEAL-103","طبق سمك القد بالليمون والأعشاب مع البطاطا الحلوة","Lemon-Herb Cod Plate with Sweet Potato","YES_DERIVED_FROM_PUBLISHED_READY","published","ready","lunch","MAIN_MEAL","OFFICIAL_MEAL_TYPE","NO_OFFICIAL","YES_OFFICIAL","NO_OFFICIAL","NO_OFFICIAL","NO_OFFICIAL","NO","NO","571","30","42.1","31.4","9.4","qa.derived_fiber_g","436","g","1","قد أطلسي مطهو بحرارة جافة / Pacific cod, cooked with dry heat: 120g; بطاطا حلوة مشوية / Baked sweet potato: 140g; فطر أبيض مطهو / White mushrooms, cooked: 80g; بازلاء خضراء مطهوة / Green peas, cooked: 50g; زيت زيتون / Olive oil: 30g; عصير ليمون طازج / Lemon juice, raw: 8g; بقدونس طازج / Fresh parsley: 8g","سخّن أو حضّر كمية سمك القد المحددة وفق حالتها المطهوة المدرجة. | سخّن المكونات المطهوة وحضّر المكونات الطازجة من الكميات المحددة من البطاطا الحلوة، الفطر، البازلاء الخضراء، زيت الزيتون، الليمون، البقدونس مع الحفاظ على حالة كل مكوّن المسجلة. | رتّب الحصة كاملة في طبق خزفي مسطح ومحايد باستخدام سمك القد، البطاطا الحلوة، الفطر، البازلاء الخضراء، زيت الزيتون، الليمون، البقدونس فقط ووزّع الصلصات والتوابل بخفة وتساوٍ.","Warm or prepare the measured Cod using its listed cooked form. | Warm cooked components and prepare fresh components from the measured Sweet Potato, Mushrooms, Green Peas, Olive Oil, Lemon, Parsley, keeping each food in its recorded state. | Arrange the complete serving in one flat neutral ceramic dinner plate using only Cod, Sweet Potato, Mushrooms, Green Peas, Olive Oil, Lemon, Parsley; distribute sauces and seasonings lightly and evenly.","/nutrition/meals/MEAL-103/cover.webp","/nutrition/meals/MEAL-103/cover-thumb.webp","ready","FILES_PRESENT","{""calorie_band_kcal"":""450_599"",""protein_band_g"":""30_39"",""carb_band_g"":""moderate"",""fat_band_g"":""high"",""meal_type_required"":true,""max_calorie_delta_pct"":10,""max_protein_delta_g"":8,""exclude_allergens"":true}","fish","pescatarian|gluten_free|high_fiber","NOT_AVAILABLE","NO_EXPLICIT_TAG","NO_EXPLICIT_TAG","fat_loss|maintenance|muscle_gain","Nutrition Library V2. USDA FoodData Central. One serving. Identity is external_id.","USDA FoodData Central — SR Legacy (April 2018 release)"
"MEAL-104","وعاء الديك الرومي بالثوم والبابريكا مع الأرز البني","Garlic-Paprika Turkey Bowl with Brown Rice","YES_DERIVED_FROM_PUBLISHED_READY","published","ready","lunch","MAIN_MEAL","OFFICIAL_MEAL_TYPE","NO_OFFICIAL","YES_OFFICIAL","NO_OFFICIAL","NO_OFFICIAL","NO_OFFICIAL","NO","NO","599","41.9","31.3","34","5.2","qa.derived_fiber_g","380","g","1","صدر ديك رومي مطهو ومشوي / Turkey breast, cooked, roasted: 120g; أرز بني مطهو / Brown rice, cooked: 90g; خس روماني طازج / Romaine lettuce, raw: 80g; سبانخ مطهوة / Spinach, cooked: 50g; زيت زيتون / Olive oil: 30g; ثوم طازج / Garlic, raw: 8g; بابريكا / Paprika: 2g","سخّن أو حضّر كمية الديك الرومي المحددة وفق حالتها المطهوة المدرجة. | سخّن المكونات المطهوة وحضّر المكونات الطازجة من الكميات المحددة من الأرز البني، الخس الروماني، السبانخ، زيت الزيتون، الثوم، البابريكا مع الحفاظ على حالة كل مكوّن المسجلة. | رتّب الحصة كاملة في وعاء حجري عريض وضحل باستخدام الديك الرومي، الأرز البني، الخس الروماني، السبانخ، زيت الزيتون، الثوم، البابريكا فقط ووزّع الصلصات والتوابل بخفة وتساوٍ.","Warm or prepare the measured Turkey using its listed cooked form. | Warm cooked components and prepare fresh components from the measured Brown Rice, Romaine, Spinach, Olive Oil, Garlic, Paprika, keeping each food in its recorded state. | Arrange the complete serving in one wide shallow stoneware bowl using only Turkey, Brown Rice, Romaine, Spinach, Olive Oil, Garlic, Paprika; distribute sauces and seasonings lightly and evenly.","/nutrition/meals/MEAL-104/cover.webp","/nutrition/meals/MEAL-104/cover-thumb.webp","ready","FILES_PRESENT","{""calorie_band_kcal"":""450_599"",""protein_band_g"":""40_plus"",""carb_band_g"":""moderate"",""fat_band_g"":""high"",""meal_type_required"":true,""max_calorie_delta_pct"":10,""max_protein_delta_g"":8,""exclude_allergens"":true}","NOT_AVAILABLE","gluten_free|high_protein","NOT_AVAILABLE","NO_EXPLICIT_TAG","NO_EXPLICIT_TAG","fat_loss|maintenance|muscle_gain","Nutrition Library V2. USDA FoodData Central. One serving. Identity is external_id.","USDA FoodData Central — SR Legacy (April 2018 release)"
"MEAL-105","وعاء الإدامامي بالكمون والليمون الأخضر مع البطاطا الحلوة","Cumin-Lime Edamame Bowl with Sweet Potato","YES_DERIVED_FROM_PUBLISHED_READY","published","ready","lunch","MAIN_MEAL","OFFICIAL_MEAL_TYPE","NO_OFFICIAL","YES_OFFICIAL","NO_OFFICIAL","NO_OFFICIAL","NO_OFFICIAL","NO","NO","446","29.9","44.6","16.5","13.5","qa.derived_fiber_g","373","g","1","فول صويا أخضر مطهو / Green soybeans, cooked: 208g; بطاطا حلوة مشوية / Baked sweet potato: 70g; سبانخ مطهوة / Spinach, cooked: 49g; جزر طازج / Carrot, raw: 32g; طحينة سمسم / Sesame butter, tahini: 5g; كمون / Cumin seed: 1g; عصير ليمون أخضر طازج / Lime juice, raw: 8g","سخّن أو حضّر كمية الإدامامي المحددة وفق حالتها المطهوة المدرجة. | سخّن المكونات المطهوة وحضّر المكونات الطازجة من الكميات المحددة من البطاطا الحلوة، السبانخ، الجزر، الطحينة، الكمون، الليمون الأخضر مع الحفاظ على حالة كل مكوّن المسجلة. | رتّب الحصة كاملة في وعاء حجري عريض وضحل باستخدام الإدامامي، البطاطا الحلوة، السبانخ، الجزر، الطحينة، الكمون، الليمون الأخضر فقط ووزّع الصلصات والتوابل بخفة وتساوٍ.","Warm or prepare the measured Edamame using its listed cooked form. | Warm cooked components and prepare fresh components from the measured Sweet Potato, Spinach, Carrot, Tahini, Cumin, Lime, keeping each food in its recorded state. | Arrange the complete serving in one wide shallow stoneware bowl using only Edamame, Sweet Potato, Spinach, Carrot, Tahini, Cumin, Lime; distribute sauces and seasonings lightly and evenly.","/nutrition/meals/MEAL-105/cover.webp","/nutrition/meals/MEAL-105/cover-thumb.webp","ready","FILES_PRESENT","{""calorie_band_kcal"":""300_449"",""protein_band_g"":""20_29"",""carb_band_g"":""moderate"",""fat_band_g"":""moderate"",""meal_type_required"":true,""max_calorie_delta_pct"":10,""max_protein_delta_g"":8,""exclude_allergens"":true}","sesame|soy","vegetarian|vegan|pescatarian|gluten_free|high_fiber","NOT_AVAILABLE","YES_EXPLICIT","YES_EXPLICIT","fat_loss|maintenance|muscle_gain","Nutrition Library V2. USDA FoodData Central. One serving. Identity is external_id.","USDA FoodData Central — SR Legacy (April 2018 release)"
"MEAL-106","وعاء العدس بالزنجبيل والصويا مع الأرز البني","Ginger-Soy Lentils Bowl with Brown Rice","YES_DERIVED_FROM_PUBLISHED_READY","published","ready","lunch","MAIN_MEAL","OFFICIAL_MEAL_TYPE","NO_OFFICIAL","YES_OFFICIAL","NO_OFFICIAL","NO_OFFICIAL","NO_OFFICIAL","NO","NO","784","30.1","119.6","20.6","25","qa.derived_fiber_g","617","g","1","عدس مطهو / Lentils, cooked: 240g; أرز بني مطهو / Brown rice, cooked: 239g; فلفل حلو أحمر طازج / Red bell pepper, raw: 67g; بصل طازج / Onion, raw: 38g; زيت زيتون / Olive oil: 17g; زنجبيل طازج / Ginger root, raw: 8g; صلصة صويا قليلة الصوديوم / Reduced-sodium soy sauce: 8g","سخّن أو حضّر كمية العدس المحددة وفق حالتها المطهوة المدرجة. | سخّن المكونات المطهوة وحضّر المكونات الطازجة من الكميات المحددة من الأرز البني، الفلفل الأحمر، البصل، زيت الزيتون، الزنجبيل، صلصة الصويا مع الحفاظ على حالة كل مكوّن المسجلة. | رتّب الحصة كاملة في وعاء حجري عريض وضحل باستخدام العدس، الأرز البني، الفلفل الأحمر، البصل، زيت الزيتون، الزنجبيل، صلصة الصويا فقط ووزّع الصلصات والتوابل بخفة وتساوٍ.","Warm or prepare the measured Lentils using its listed cooked form. | Warm cooked components and prepare fresh components from the measured Brown Rice, Red Pepper, Onion, Olive Oil, Ginger, Soy Sauce, keeping each food in its recorded state. | Arrange the complete serving in one wide shallow stoneware bowl using only Lentils, Brown Rice, Red Pepper, Onion, Olive Oil, Ginger, Soy Sauce; distribute sauces and seasonings lightly and evenly.","/nutrition/meals/MEAL-106/cover.webp","/nutrition/meals/MEAL-106/cover-thumb.webp","ready","FILES_PRESENT","{""calorie_band_kcal"":""600_plus"",""protein_band_g"":""30_39"",""carb_band_g"":""high"",""fat_band_g"":""high"",""meal_type_required"":true,""max_calorie_delta_pct"":10,""max_protein_delta_g"":8,""exclude_allergens"":true}","soy","vegetarian|vegan|pescatarian|high_fiber","NOT_AVAILABLE","YES_EXPLICIT","YES_EXPLICIT","fat_loss|maintenance|muscle_gain","Nutrition Library V2. USDA FoodData Central. One serving. Identity is external_id.","USDA FoodData Central — SR Legacy (April 2018 release)"
"MEAL-107","طبق الشعير بالطحينة والليمون مع التونة","Tahini-Lemon Barley Plate with Tuna","YES_DERIVED_FROM_PUBLISHED_READY","published","ready","lunch","MAIN_MEAL","OFFICIAL_MEAL_TYPE","NO_OFFICIAL","YES_OFFICIAL","NO_OFFICIAL","NO_OFFICIAL","NO_OFFICIAL","NO","NO","824","42.1","84.7","35.2","13.6","qa.derived_fiber_g","570","g","1","تونة خفيفة معلبة بالماء ومصفاة / Light tuna, canned in water, drained: 123g; شعير لؤلؤي مطهو / Pearled barley, cooked: 260g; فطر أبيض مطهو / White mushrooms, cooked: 85g; فلفل حلو أحمر طازج / Red bell pepper, raw: 55g; زيت زيتون / Olive oil: 25g; طحينة سمسم / Sesame butter, tahini: 14g; عصير ليمون طازج / Lemon juice, raw: 8g","سخّن أو حضّر كمية التونة المحددة وفق حالتها المطهوة المدرجة. | سخّن المكونات المطهوة وحضّر المكونات الطازجة من الكميات المحددة من الشعير، الفطر، الفلفل الأحمر، زيت الزيتون، الطحينة، الليمون مع الحفاظ على حالة كل مكوّن المسجلة. | رتّب الحصة كاملة في طبق خزفي مسطح ومحايد باستخدام التونة، الشعير، الفطر، الفلفل الأحمر، زيت الزيتون، الطحينة، الليمون فقط ووزّع الصلصات والتوابل بخفة وتساوٍ.","Warm or prepare the measured Tuna using its listed cooked form. | Warm cooked components and prepare fresh components from the measured Barley, Mushrooms, Red Pepper, Olive Oil, Tahini, Lemon, keeping each food in its recorded state. | Arrange the complete serving in one flat neutral ceramic dinner plate using only Tuna, Barley, Mushrooms, Red Pepper, Olive Oil, Tahini, Lemon; distribute sauces and seasonings lightly and evenly.","/nutrition/meals/MEAL-107/cover.webp","/nutrition/meals/MEAL-107/cover-thumb.webp","ready","FILES_PRESENT","{""calorie_band_kcal"":""600_plus"",""protein_band_g"":""40_plus"",""carb_band_g"":""high"",""fat_band_g"":""high"",""meal_type_required"":true,""max_calorie_delta_pct"":10,""max_protein_delta_g"":8,""exclude_allergens"":true}","gluten|fish|sesame","pescatarian|high_protein|high_fiber|omega_3","NOT_AVAILABLE","NO_EXPLICIT_TAG","NO_EXPLICIT_TAG","fat_loss|maintenance|muscle_gain","Nutrition Library V2. USDA FoodData Central. One serving. Identity is external_id.","USDA FoodData Central — SR Legacy (April 2018 release)"
"MEAL-108","وعاء الأرز الأبيض بالطماطم والبقدونس مع الحمص","Tomato-Parsley White Rice Bowl with Chickpeas","YES_DERIVED_FROM_PUBLISHED_READY","published","ready","lunch","MAIN_MEAL","OFFICIAL_MEAL_TYPE","NO_OFFICIAL","YES_OFFICIAL","NO_OFFICIAL","NO_OFFICIAL","NO_OFFICIAL","NO","NO","867","23.1","120.5","32.5","16.6","qa.derived_fiber_g","601","g","1","حمص حب مطهو / Chickpeas, cooked: 147g; أرز أبيض مطهو / White rice, cooked: 260g; خس روماني طازج / Romaine lettuce, raw: 82g; كرنب أجعد مطهو / Kale, cooked: 54g; زيت زيتون / Olive oil: 27g; طماطم طازجة / Tomato, raw: 23g; بقدونس طازج / Fresh parsley: 8g","سخّن أو حضّر كمية الحمص المحددة وفق حالتها المطهوة المدرجة. | سخّن المكونات المطهوة وحضّر المكونات الطازجة من الكميات المحددة من الأرز الأبيض، الخس الروماني، الكرنب الأجعد، زيت الزيتون، الطماطم، البقدونس مع الحفاظ على حالة كل مكوّن المسجلة. | رتّب الحصة كاملة في وعاء حجري عريض وضحل باستخدام الحمص، الأرز الأبيض، الخس الروماني، الكرنب الأجعد، زيت الزيتون، الطماطم، البقدونس فقط ووزّع الصلصات والتوابل بخفة وتساوٍ.","Warm or prepare the measured Chickpeas using its listed cooked form. | Warm cooked components and prepare fresh components from the measured White Rice, Romaine, Kale, Olive Oil, Tomato, Parsley, keeping each food in its recorded state. | Arrange the complete serving in one wide shallow stoneware bowl using only Chickpeas, White Rice, Romaine, Kale, Olive Oil, Tomato, Parsley; distribute sauces and seasonings lightly and evenly.","/nutrition/meals/MEAL-108/cover.webp","/nutrition/meals/MEAL-108/cover-thumb.webp","ready","FILES_PRESENT","{""calorie_band_kcal"":""600_plus"",""protein_band_g"":""20_29"",""carb_band_g"":""high"",""fat_band_g"":""high"",""meal_type_required"":true,""max_calorie_delta_pct"":10,""max_protein_delta_g"":8,""exclude_allergens"":true}","NOT_AVAILABLE","vegetarian|vegan|pescatarian|gluten_free|high_fiber","NOT_AVAILABLE","YES_EXPLICIT","YES_EXPLICIT","fat_loss|maintenance|muscle_gain","Nutrition Library V2. USDA FoodData Central. One serving. Identity is external_id.","USDA FoodData Central — SR Legacy (April 2018 release)"
"MEAL-109","طبق الأرز الأبيض بالطحينة والليمون مع الدجاج","Tahini-Lemon White Rice Plate with Chicken","YES_DERIVED_FROM_PUBLISHED_READY","published","ready","lunch","MAIN_MEAL","OFFICIAL_MEAL_TYPE","NO_OFFICIAL","YES_OFFICIAL","NO_OFFICIAL","NO_OFFICIAL","NO_OFFICIAL","NO","NO","570","40","52.6","22.2","3.8","qa.derived_fiber_g","414","g","1","صدر دجاج مطهو ومشوي / Chicken breast, cooked, roasted: 98g; أرز أبيض مطهو / White rice, cooked: 156g; سبانخ مطهوة / Spinach, cooked: 79g; طماطم طازجة / Tomato, raw: 48g; زيت زيتون / Olive oil: 10g; طحينة سمسم / Sesame butter, tahini: 15g; عصير ليمون طازج / Lemon juice, raw: 8g","سخّن أو حضّر كمية الدجاج المحددة وفق حالتها المطهوة المدرجة. | سخّن المكونات المطهوة وحضّر المكونات الطازجة من الكميات المحددة من الأرز الأبيض، السبانخ، الطماطم، زيت الزيتون، الطحينة، الليمون مع الحفاظ على حالة كل مكوّن المسجلة. | رتّب الحصة كاملة في طبق خزفي مسطح ومحايد باستخدام الدجاج، الأرز الأبيض، السبانخ، الطماطم، زيت الزيتون، الطحينة، الليمون فقط ووزّع الصلصات والتوابل بخفة وتساوٍ.","Warm or prepare the measured Chicken using its listed cooked form. | Warm cooked components and prepare fresh components from the measured White Rice, Spinach, Tomato, Olive Oil, Tahini, Lemon, keeping each food in its recorded state. | Arrange the complete serving in one flat neutral ceramic dinner plate using only Chicken, White Rice, Spinach, Tomato, Olive Oil, Tahini, Lemon; distribute sauces and seasonings lightly and evenly.","/nutrition/meals/MEAL-109/cover.webp","/nutrition/meals/MEAL-109/cover-thumb.webp","ready","FILES_PRESENT","{""calorie_band_kcal"":""450_599"",""protein_band_g"":""40_plus"",""carb_band_g"":""high"",""fat_band_g"":""high"",""meal_type_required"":true,""max_calorie_delta_pct"":10,""max_protein_delta_g"":8,""exclude_allergens"":true}","sesame","gluten_free|high_protein","NOT_AVAILABLE","NO_EXPLICIT_TAG","NO_EXPLICIT_TAG","fat_loss|maintenance|muscle_gain","Nutrition Library V2. USDA FoodData Central. One serving. Identity is external_id.","USDA FoodData Central — SR Legacy (April 2018 release)"
"MEAL-110","وعاء الكسكس بالثوم والبابريكا مع السلمون","Garlic-Paprika Couscous Bowl with Salmon","YES_DERIVED_FROM_PUBLISHED_READY","published","ready","lunch","MAIN_MEAL","OFFICIAL_MEAL_TYPE","NO_OFFICIAL","YES_OFFICIAL","NO_OFFICIAL","NO_OFFICIAL","NO_OFFICIAL","NO","NO","596","29.9","74.3","19.9","8.6","qa.derived_fiber_g","493","g","1","سلمون أطلسي مطهو بحرارة جافة / Atlantic salmon, cooked with dry heat: 67g; كسكس مطهو / Couscous, cooked: 260g; فلفل حلو أحمر طازج / Red bell pepper, raw: 86g; فطر أبيض مطهو / White mushrooms, cooked: 54g; جوز / Walnuts: 16g; ثوم طازج / Garlic, raw: 8g; بابريكا / Paprika: 2g","سخّن أو حضّر كمية السلمون المحددة وفق حالتها المطهوة المدرجة. | سخّن المكونات المطهوة وحضّر المكونات الطازجة من الكميات المحددة من الكسكس، الفلفل الأحمر، الفطر، الجوز، الثوم، البابريكا مع الحفاظ على حالة كل مكوّن المسجلة. | رتّب الحصة كاملة في وعاء حجري عريض وضحل باستخدام السلمون، الكسكس، الفلفل الأحمر، الفطر، الجوز، الثوم، البابريكا فقط ووزّع الصلصات والتوابل بخفة وتساوٍ.","Warm or prepare the measured Salmon using its listed cooked form. | Warm cooked components and prepare fresh components from the measured Couscous, Red Pepper, Mushrooms, Walnuts, Garlic, Paprika, keeping each food in its recorded state. | Arrange the complete serving in one wide shallow stoneware bowl using only Salmon, Couscous, Red Pepper, Mushrooms, Walnuts, Garlic, Paprika; distribute sauces and seasonings lightly and evenly.","/nutrition/meals/MEAL-110/cover.webp","/nutrition/meals/MEAL-110/cover-thumb.webp","ready","FILES_PRESENT","{""calorie_band_kcal"":""450_599"",""protein_band_g"":""20_29"",""carb_band_g"":""high"",""fat_band_g"":""high"",""meal_type_required"":true,""max_calorie_delta_pct"":10,""max_protein_delta_g"":8,""exclude_allergens"":true}","gluten|fish|tree_nuts","pescatarian|high_fiber|omega_3","NOT_AVAILABLE","NO_EXPLICIT_TAG","NO_EXPLICIT_TAG","fat_loss|maintenance|muscle_gain","Nutrition Library V2. USDA FoodData Central. One serving. Identity is external_id.","USDA FoodData Central — SR Legacy (April 2018 release)"
"MEAL-111","وعاء الإدامامي بالكمون والليمون الأخضر مع البرغل","Cumin-Lime Edamame Bowl with Bulgur","YES_DERIVED_FROM_PUBLISHED_READY","published","ready","lunch","MAIN_MEAL","OFFICIAL_MEAL_TYPE","NO_OFFICIAL","YES_OFFICIAL","NO_OFFICIAL","NO_OFFICIAL","NO_OFFICIAL","NO","NO","866","44.1","76.2","42.7","23.8","qa.derived_fiber_g","619","g","1","فول صويا أخضر مطهو / Green soybeans, cooked: 286g; برغل مطهو / Bulgur, cooked: 199g; فطر أبيض مطهو / White mushrooms, cooked: 65g; بروكلي مطهو / Broccoli, cooked: 36g; زيت زيتون / Olive oil: 23g; كمون / Cumin seed: 2g; عصير ليمون أخضر طازج / Lime juice, raw: 8g","سخّن أو حضّر كمية الإدامامي المحددة وفق حالتها المطهوة المدرجة. | سخّن المكونات المطهوة وحضّر المكونات الطازجة من الكميات المحددة من البرغل، الفطر، البروكلي، زيت الزيتون، الكمون، الليمون الأخضر مع الحفاظ على حالة كل مكوّن المسجلة. | رتّب الحصة كاملة في وعاء حجري عريض وضحل باستخدام الإدامامي، البرغل، الفطر، البروكلي، زيت الزيتون، الكمون، الليمون الأخضر فقط ووزّع الصلصات والتوابل بخفة وتساوٍ.","Warm or prepare the measured Edamame using its listed cooked form. | Warm cooked components and prepare fresh components from the measured Bulgur, Mushrooms, Broccoli, Olive Oil, Cumin, Lime, keeping each food in its recorded state. | Arrange the complete serving in one wide shallow stoneware bowl using only Edamame, Bulgur, Mushrooms, Broccoli, Olive Oil, Cumin, Lime; distribute sauces and seasonings lightly and evenly.","/nutrition/meals/MEAL-111/cover.webp","/nutrition/meals/MEAL-111/cover-thumb.webp","ready","FILES_PRESENT","{""calorie_band_kcal"":""600_plus"",""protein_band_g"":""40_plus"",""carb_band_g"":""high"",""fat_band_g"":""high"",""meal_type_required"":true,""max_calorie_delta_pct"":10,""max_protein_delta_g"":8,""exclude_allergens"":true}","gluten|soy","vegetarian|vegan|pescatarian|high_protein|high_fiber","NOT_AVAILABLE","YES_EXPLICIT","YES_EXPLICIT","fat_loss|maintenance|muscle_gain","Nutrition Library V2. USDA FoodData Central. One serving. Identity is external_id.","USDA FoodData Central — SR Legacy (April 2018 release)"
"MEAL-112","وعاء الشعير بالزنجبيل والصويا مع الحمص","Ginger-Soy Barley Bowl with Chickpeas","YES_DERIVED_FROM_PUBLISHED_READY","published","ready","lunch","MAIN_MEAL","OFFICIAL_MEAL_TYPE","NO_OFFICIAL","YES_OFFICIAL","NO_OFFICIAL","NO_OFFICIAL","NO_OFFICIAL","NO","NO","570","14.4","104.8","10.3","21.2","qa.derived_fiber_g","520","g","1","حمص حب مطهو / Chickpeas, cooked: 60g; شعير لؤلؤي مطهو / Pearled barley, cooked: 260g; خس روماني طازج / Romaine lettuce, raw: 74g; جزر طازج / Carrot, raw: 62g; أفوكادو طازج / Avocado, raw: 49g; زنجبيل طازج / Ginger root, raw: 8g; صلصة صويا قليلة الصوديوم / Reduced-sodium soy sauce: 7g","سخّن أو حضّر كمية الحمص المحددة وفق حالتها المطهوة المدرجة. | سخّن المكونات المطهوة وحضّر المكونات الطازجة من الكميات المحددة من الشعير، الخس الروماني، الجزر، الأفوكادو، الزنجبيل، صلصة الصويا مع الحفاظ على حالة كل مكوّن المسجلة. | رتّب الحصة كاملة في وعاء حجري عريض وضحل باستخدام الحمص، الشعير، الخس الروماني، الجزر، الأفوكادو، الزنجبيل، صلصة الصويا فقط ووزّع الصلصات والتوابل بخفة وتساوٍ.","Warm or prepare the measured Chickpeas using its listed cooked form. | Warm cooked components and prepare fresh components from the measured Barley, Romaine, Carrot, Avocado, Ginger, Soy Sauce, keeping each food in its recorded state. | Arrange the complete serving in one wide shallow stoneware bowl using only Chickpeas, Barley, Romaine, Carrot, Avocado, Ginger, Soy Sauce; distribute sauces and seasonings lightly and evenly.","/nutrition/meals/MEAL-112/cover.webp","/nutrition/meals/MEAL-112/cover-thumb.webp","ready","FILES_PRESENT","{""calorie_band_kcal"":""450_599"",""protein_band_g"":""under_20"",""carb_band_g"":""high"",""fat_band_g"":""moderate"",""meal_type_required"":true,""max_calorie_delta_pct"":10,""max_protein_delta_g"":8,""exclude_allergens"":true}","gluten|soy","vegetarian|vegan|pescatarian|high_fiber","NOT_AVAILABLE","YES_EXPLICIT","YES_EXPLICIT","fat_loss|maintenance","Nutrition Library V2. USDA FoodData Central. One serving. Identity is external_id.","USDA FoodData Central — SR Legacy (April 2018 release)"
"MEAL-113","طبق بياض البيض بالطحينة والليمون مع تورتيلا الذرة","Tahini-Lemon Egg White Plate with Corn Tortilla","YES_DERIVED_FROM_PUBLISHED_READY","published","ready","lunch","MAIN_MEAL","OFFICIAL_MEAL_TYPE","NO_OFFICIAL","YES_OFFICIAL","NO_OFFICIAL","NO_OFFICIAL","NO_OFFICIAL","NO","NO","426","36","46.1","10.9","7.4","qa.derived_fiber_g","480","g","1","بياض بيض طازج / Egg white, raw, fresh: 266g; خبز تورتيلا الذرة / Corn tortilla: 87g; خيار طازج بالقشر / Cucumber with peel, raw: 37g; خس روماني طازج / Romaine lettuce, raw: 72g; زيت زيتون / Olive oil: 5g; طحينة سمسم / Sesame butter, tahini: 5g; عصير ليمون طازج / Lemon juice, raw: 8g","اطهُ بياض البيض في مقلاة غير لاصقة حتى يصبح معتمًا تمامًا وتصل الحرارة الداخلية إلى 74°م (165°ف). | سخّن المكونات المطهوة وحضّر المكونات الطازجة من الكميات المحددة من تورتيلا الذرة، الخيار، الخس الروماني، زيت الزيتون، الطحينة، الليمون مع الحفاظ على حالة كل مكوّن المسجلة. | رتّب الحصة كاملة في طبق خزفي مسطح ومحايد باستخدام بياض البيض، تورتيلا الذرة، الخيار، الخس الروماني، زيت الزيتون، الطحينة، الليمون فقط ووزّع الصلصات والتوابل بخفة وتساوٍ.","Cook the Egg White in a nonstick pan until fully opaque and the center reaches 74°C (165°F). | Warm cooked components and prepare fresh components from the measured Corn Tortilla, Cucumber, Romaine, Olive Oil, Tahini, Lemon, keeping each food in its recorded state. | Arrange the complete serving in one flat neutral ceramic dinner plate using only Egg White, Corn Tortilla, Cucumber, Romaine, Olive Oil, Tahini, Lemon; distribute sauces and seasonings lightly and evenly.","/nutrition/meals/MEAL-113/cover.webp","/nutrition/meals/MEAL-113/cover-thumb.webp","ready","FILES_PRESENT","{""calorie_band_kcal"":""300_449"",""protein_band_g"":""30_39"",""carb_band_g"":""moderate"",""fat_band_g"":""moderate"",""meal_type_required"":true,""max_calorie_delta_pct"":10,""max_protein_delta_g"":8,""exclude_allergens"":true}","egg|sesame","vegetarian|pescatarian|gluten_free|high_protein|high_fiber","NOT_AVAILABLE","YES_EXPLICIT","NO_EXPLICIT_TAG","fat_loss|maintenance|muscle_gain","Nutrition Library V2. USDA FoodData Central. One serving. Identity is external_id.","USDA FoodData Central — SR Legacy (April 2018 release)"
"MEAL-114","وعاء الكينوا بالطماطم والبقدونس مع الروبيان","Tomato-Parsley Quinoa Bowl with Shrimp","YES_DERIVED_FROM_PUBLISHED_READY","published","ready","lunch","MAIN_MEAL","OFFICIAL_MEAL_TYPE","NO_OFFICIAL","YES_OFFICIAL","NO_OFFICIAL","NO_OFFICIAL","NO_OFFICIAL","NO","NO","444","29.7","54.2","12.1","9.5","qa.derived_fiber_g","435","g","1","روبيان مطهو / Shrimp, cooked: 68g; كينوا مطهوة / Quinoa, cooked: 211g; فلفل حلو أحمر طازج / Red bell pepper, raw: 39g; خس روماني طازج / Romaine lettuce, raw: 75g; طحينة سمسم / Sesame butter, tahini: 14g; طماطم طازجة / Tomato, raw: 20g; بقدونس طازج / Fresh parsley: 8g","سخّن أو حضّر كمية الروبيان المحددة وفق حالتها المطهوة المدرجة. | سخّن المكونات المطهوة وحضّر المكونات الطازجة من الكميات المحددة من الكينوا، الفلفل الأحمر، الخس الروماني، الطحينة، الطماطم، البقدونس مع الحفاظ على حالة كل مكوّن المسجلة. | رتّب الحصة كاملة في وعاء حجري عريض وضحل باستخدام الروبيان، الكينوا، الفلفل الأحمر، الخس الروماني، الطحينة، الطماطم، البقدونس فقط ووزّع الصلصات والتوابل بخفة وتساوٍ.","Warm or prepare the measured Shrimp using its listed cooked form. | Warm cooked components and prepare fresh components from the measured Quinoa, Red Pepper, Romaine, Tahini, Tomato, Parsley, keeping each food in its recorded state. | Arrange the complete serving in one wide shallow stoneware bowl using only Shrimp, Quinoa, Red Pepper, Romaine, Tahini, Tomato, Parsley; distribute sauces and seasonings lightly and evenly.","/nutrition/meals/MEAL-114/cover.webp","/nutrition/meals/MEAL-114/cover-thumb.webp","ready","FILES_PRESENT","{""calorie_band_kcal"":""300_449"",""protein_band_g"":""20_29"",""carb_band_g"":""high"",""fat_band_g"":""moderate"",""meal_type_required"":true,""max_calorie_delta_pct"":10,""max_protein_delta_g"":8,""exclude_allergens"":true}","sesame|shellfish","pescatarian|gluten_free|high_fiber","NOT_AVAILABLE","NO_EXPLICIT_TAG","NO_EXPLICIT_TAG","fat_loss|maintenance|muscle_gain","Nutrition Library V2. USDA FoodData Central. One serving. Identity is external_id.","USDA FoodData Central — SR Legacy (April 2018 release)"
"MEAL-115","طبق الكسكس بالليمون والأعشاب مع الدجاج","Lemon-Herb Couscous Plate with Chicken","YES_DERIVED_FROM_PUBLISHED_READY","published","ready","lunch","MAIN_MEAL","OFFICIAL_MEAL_TYPE","NO_OFFICIAL","YES_OFFICIAL","NO_OFFICIAL","NO_OFFICIAL","NO_OFFICIAL","NO","NO","571","40.2","59.5","19.1","7.6","qa.derived_fiber_g","451","g","1","صدر دجاج مطهو ومشوي / Chicken breast, cooked, roasted: 90g; كسكس مطهو / Couscous, cooked: 200g; فطر أبيض مطهو / White mushrooms, cooked: 80g; بازلاء خضراء مطهوة / Green peas, cooked: 50g; زيت زيتون / Olive oil: 15g; عصير ليمون طازج / Lemon juice, raw: 8g; بقدونس طازج / Fresh parsley: 8g","سخّن أو حضّر كمية الدجاج المحددة وفق حالتها المطهوة المدرجة. | سخّن المكونات المطهوة وحضّر المكونات الطازجة من الكميات المحددة من الكسكس، الفطر، البازلاء الخضراء، زيت الزيتون، الليمون، البقدونس مع الحفاظ على حالة كل مكوّن المسجلة. | رتّب الحصة كاملة في طبق خزفي مسطح ومحايد باستخدام الدجاج، الكسكس، الفطر، البازلاء الخضراء، زيت الزيتون، الليمون، البقدونس فقط ووزّع الصلصات والتوابل بخفة وتساوٍ.","Warm or prepare the measured Chicken using its listed cooked form. | Warm cooked components and prepare fresh components from the measured Couscous, Mushrooms, Green Peas, Olive Oil, Lemon, Parsley, keeping each food in its recorded state. | Arrange the complete serving in one flat neutral ceramic dinner plate using only Chicken, Couscous, Mushrooms, Green Peas, Olive Oil, Lemon, Parsley; distribute sauces and seasonings lightly and evenly.","/nutrition/meals/MEAL-115/cover.webp","/nutrition/meals/MEAL-115/cover-thumb.webp","ready","FILES_PRESENT","{""calorie_band_kcal"":""450_599"",""protein_band_g"":""40_plus"",""carb_band_g"":""high"",""fat_band_g"":""high"",""meal_type_required"":true,""max_calorie_delta_pct"":10,""max_protein_delta_g"":8,""exclude_allergens"":true}","gluten","high_protein|high_fiber","NOT_AVAILABLE","NO_EXPLICIT_TAG","NO_EXPLICIT_TAG","fat_loss|maintenance|muscle_gain","Nutrition Library V2. USDA FoodData Central. One serving. Identity is external_id.","USDA FoodData Central — SR Legacy (April 2018 release)"
"MEAL-116","وعاء العدس بالثوم والبابريكا مع الأرز البني","Garlic-Paprika Lentils Bowl with Brown Rice","YES_DERIVED_FROM_PUBLISHED_READY","published","ready","lunch","MAIN_MEAL","OFFICIAL_MEAL_TYPE","NO_OFFICIAL","YES_OFFICIAL","NO_OFFICIAL","NO_OFFICIAL","NO_OFFICIAL","NO","NO","826","36.7","133.7","16","32.3","qa.derived_fiber_g","618","g","1","عدس مطهو / Lentils, cooked: 300g; أرز بني مطهو / Brown rice, cooked: 247g; خس روماني طازج / Romaine lettuce, raw: 20g; سبانخ مطهوة / Spinach, cooked: 20g; زيت زيتون / Olive oil: 11g; ثوم طازج / Garlic, raw: 10g; بابريكا / Paprika: 10g","سخّن أو حضّر كمية العدس المحددة وفق حالتها المطهوة المدرجة. | سخّن المكونات المطهوة وحضّر المكونات الطازجة من الكميات المحددة من الأرز البني، الخس الروماني، السبانخ، زيت الزيتون، الثوم، البابريكا مع الحفاظ على حالة كل مكوّن المسجلة. | رتّب الحصة كاملة في وعاء حجري عريض وضحل باستخدام العدس، الأرز البني، الخس الروماني، السبانخ، زيت الزيتون، الثوم، البابريكا فقط ووزّع الصلصات والتوابل بخفة وتساوٍ.","Warm or prepare the measured Lentils using its listed cooked form. | Warm cooked components and prepare fresh components from the measured Brown Rice, Romaine, Spinach, Olive Oil, Garlic, Paprika, keeping each food in its recorded state. | Arrange the complete serving in one wide shallow stoneware bowl using only Lentils, Brown Rice, Romaine, Spinach, Olive Oil, Garlic, Paprika; distribute sauces and seasonings lightly and evenly.","/nutrition/meals/MEAL-116/cover.webp","/nutrition/meals/MEAL-116/cover-thumb.webp","ready","FILES_PRESENT","{""calorie_band_kcal"":""600_plus"",""protein_band_g"":""30_39"",""carb_band_g"":""high"",""fat_band_g"":""moderate"",""meal_type_required"":true,""max_calorie_delta_pct"":10,""max_protein_delta_g"":8,""exclude_allergens"":true}","NOT_AVAILABLE","vegetarian|vegan|pescatarian|gluten_free|high_protein|high_fiber","NOT_AVAILABLE","YES_EXPLICIT","YES_EXPLICIT","fat_loss|maintenance|muscle_gain","Nutrition Library V2. USDA FoodData Central. One serving. Identity is external_id.","USDA FoodData Central — SR Legacy (April 2018 release)"
"MEAL-117","طبق البطاطا الحلوة بالكمون والليمون الأخضر مع لحم الضأن","Cumin-Lime Sweet Potato Plate with Lamb","YES_DERIVED_FROM_PUBLISHED_READY","published","ready","lunch","MAIN_MEAL","OFFICIAL_MEAL_TYPE","NO_OFFICIAL","YES_OFFICIAL","NO_OFFICIAL","NO_OFFICIAL","NO_OFFICIAL","NO","NO","633","44","47.3","29.8","9.3","qa.derived_fiber_g","490","g","1","فخذ ضأن قليل الدهن ومشوي / Lamb leg, lean, cooked, roasted: 130g; بطاطا حلوة مشوية / Baked sweet potato: 200g; سبانخ مطهوة / Spinach, cooked: 80g; كوسا مطهوة / Zucchini, cooked: 50g; زيت زيتون / Olive oil: 20g; كمون / Cumin seed: 2g; عصير ليمون أخضر طازج / Lime juice, raw: 8g","سخّن أو حضّر كمية لحم الضأن المحددة وفق حالتها المطهوة المدرجة. | سخّن المكونات المطهوة وحضّر المكونات الطازجة من الكميات المحددة من البطاطا الحلوة، السبانخ، الكوسا، زيت الزيتون، الكمون، الليمون الأخضر مع الحفاظ على حالة كل مكوّن المسجلة. | رتّب الحصة كاملة في طبق خزفي مسطح ومحايد باستخدام لحم الضأن، البطاطا الحلوة، السبانخ، الكوسا، زيت الزيتون، الكمون، الليمون الأخضر فقط ووزّع الصلصات والتوابل بخفة وتساوٍ.","Warm or prepare the measured Lamb using its listed cooked form. | Warm cooked components and prepare fresh components from the measured Sweet Potato, Spinach, Zucchini, Olive Oil, Cumin, Lime, keeping each food in its recorded state. | Arrange the complete serving in one flat neutral ceramic dinner plate using only Lamb, Sweet Potato, Spinach, Zucchini, Olive Oil, Cumin, Lime; distribute sauces and seasonings lightly and evenly.","/nutrition/meals/MEAL-117/cover.webp","/nutrition/meals/MEAL-117/cover-thumb.webp","ready","FILES_PRESENT","{""calorie_band_kcal"":""600_plus"",""protein_band_g"":""40_plus"",""carb_band_g"":""moderate"",""fat_band_g"":""high"",""meal_type_required"":true,""max_calorie_delta_pct"":10,""max_protein_delta_g"":8,""exclude_allergens"":true}","NOT_AVAILABLE","gluten_free|high_protein|high_fiber","NOT_AVAILABLE","NO_EXPLICIT_TAG","NO_EXPLICIT_TAG","fat_loss|maintenance|muscle_gain","Nutrition Library V2. USDA FoodData Central. One serving. Identity is external_id.","USDA FoodData Central — SR Legacy (April 2018 release)"
"MEAL-118","وعاء العدس بالزنجبيل والصويا مع الأرز الأبيض","Ginger-Soy Lentils Bowl with White Rice","YES_DERIVED_FROM_PUBLISHED_READY","published","ready","lunch","MAIN_MEAL","OFFICIAL_MEAL_TYPE","NO_OFFICIAL","YES_OFFICIAL","NO_OFFICIAL","NO_OFFICIAL","NO_OFFICIAL","NO","NO","783","30","125.5","17.9","22.3","qa.derived_fiber_g","618","g","1","عدس مطهو / Lentils, cooked: 241g; أرز أبيض مطهو / White rice, cooked: 236g; فلفل حلو أحمر طازج / Red bell pepper, raw: 69g; بصل طازج / Onion, raw: 40g; زيت زيتون / Olive oil: 16g; زنجبيل طازج / Ginger root, raw: 8g; صلصة صويا قليلة الصوديوم / Reduced-sodium soy sauce: 8g","سخّن أو حضّر كمية العدس المحددة وفق حالتها المطهوة المدرجة. | سخّن المكونات المطهوة وحضّر المكونات الطازجة من الكميات المحددة من الأرز الأبيض، الفلفل الأحمر، البصل، زيت الزيتون، الزنجبيل، صلصة الصويا مع الحفاظ على حالة كل مكوّن المسجلة. | رتّب الحصة كاملة في وعاء حجري عريض وضحل باستخدام العدس، الأرز الأبيض، الفلفل الأحمر، البصل، زيت الزيتون، الزنجبيل، صلصة الصويا فقط ووزّع الصلصات والتوابل بخفة وتساوٍ.","Warm or prepare the measured Lentils using its listed cooked form. | Warm cooked components and prepare fresh components from the measured White Rice, Red Pepper, Onion, Olive Oil, Ginger, Soy Sauce, keeping each food in its recorded state. | Arrange the complete serving in one wide shallow stoneware bowl using only Lentils, White Rice, Red Pepper, Onion, Olive Oil, Ginger, Soy Sauce; distribute sauces and seasonings lightly and evenly.","/nutrition/meals/MEAL-118/cover.webp","/nutrition/meals/MEAL-118/cover-thumb.webp","ready","FILES_PRESENT","{""calorie_band_kcal"":""600_plus"",""protein_band_g"":""30_39"",""carb_band_g"":""high"",""fat_band_g"":""moderate"",""meal_type_required"":true,""max_calorie_delta_pct"":10,""max_protein_delta_g"":8,""exclude_allergens"":true}","soy","vegetarian|vegan|pescatarian|high_fiber","NOT_AVAILABLE","YES_EXPLICIT","YES_EXPLICIT","fat_loss|maintenance|muscle_gain","Nutrition Library V2. USDA FoodData Central. One serving. Identity is external_id.","USDA FoodData Central — SR Legacy (April 2018 release)"
"MEAL-119","وعاء الكسكس بالطحينة والليمون مع العدس","Tahini-Lemon Couscous Bowl with Lentils","YES_DERIVED_FROM_PUBLISHED_READY","published","ready","lunch","MAIN_MEAL","OFFICIAL_MEAL_TYPE","NO_OFFICIAL","YES_OFFICIAL","NO_OFFICIAL","NO_OFFICIAL","NO_OFFICIAL","NO","NO","827","21","81.5","46.3","11.2","qa.derived_fiber_g","453","g","1","عدس مطهو / Lentils, cooked: 60g; كسكس مطهو / Couscous, cooked: 251g; فطر أبيض مطهو / White mushrooms, cooked: 20g; فلفل حلو أحمر طازج / Red bell pepper, raw: 55g; زيت زيتون / Olive oil: 30g; طحينة سمسم / Sesame butter, tahini: 29g; عصير ليمون طازج / Lemon juice, raw: 8g","سخّن أو حضّر كمية العدس المحددة وفق حالتها المطهوة المدرجة. | سخّن المكونات المطهوة وحضّر المكونات الطازجة من الكميات المحددة من الكسكس، الفطر، الفلفل الأحمر، زيت الزيتون، الطحينة، الليمون مع الحفاظ على حالة كل مكوّن المسجلة. | رتّب الحصة كاملة في وعاء حجري عريض وضحل باستخدام العدس، الكسكس، الفطر، الفلفل الأحمر، زيت الزيتون، الطحينة، الليمون فقط ووزّع الصلصات والتوابل بخفة وتساوٍ.","Warm or prepare the measured Lentils using its listed cooked form. | Warm cooked components and prepare fresh components from the measured Couscous, Mushrooms, Red Pepper, Olive Oil, Tahini, Lemon, keeping each food in its recorded state. | Arrange the complete serving in one wide shallow stoneware bowl using only Lentils, Couscous, Mushrooms, Red Pepper, Olive Oil, Tahini, Lemon; distribute sauces and seasonings lightly and evenly.","/nutrition/meals/MEAL-119/cover.webp","/nutrition/meals/MEAL-119/cover-thumb.webp","ready","FILES_PRESENT","{""calorie_band_kcal"":""600_plus"",""protein_band_g"":""20_29"",""carb_band_g"":""high"",""fat_band_g"":""high"",""meal_type_required"":true,""max_calorie_delta_pct"":10,""max_protein_delta_g"":8,""exclude_allergens"":true}","gluten|sesame","vegetarian|vegan|pescatarian|high_fiber","NOT_AVAILABLE","YES_EXPLICIT","YES_EXPLICIT","fat_loss|maintenance|muscle_gain","Nutrition Library V2. USDA FoodData Central. One serving. Identity is external_id.","USDA FoodData Central — SR Legacy (April 2018 release)"
"MEAL-120","وعاء البرغل بالطماطم والبقدونس مع الديك الرومي","Tomato-Parsley Bulgur Bowl with Turkey","YES_DERIVED_FROM_PUBLISHED_READY","published","ready","lunch","MAIN_MEAL","OFFICIAL_MEAL_TYPE","NO_OFFICIAL","YES_OFFICIAL","NO_OFFICIAL","NO_OFFICIAL","NO_OFFICIAL","NO","NO","446","36.1","53","9.9","16.4","qa.derived_fiber_g","501","g","1","صدر ديك رومي مطهو ومشوي / Turkey breast, cooked, roasted: 85g; برغل مطهو / Bulgur, cooked: 229g; خس روماني طازج / Romaine lettuce, raw: 38g; فطر أبيض مطهو / White mushrooms, cooked: 73g; أفوكادو طازج / Avocado, raw: 48g; طماطم طازجة / Tomato, raw: 20g; بقدونس طازج / Fresh parsley: 8g","سخّن أو حضّر كمية الديك الرومي المحددة وفق حالتها المطهوة المدرجة. | سخّن المكونات المطهوة وحضّر المكونات الطازجة من الكميات المحددة من البرغل، الخس الروماني، الفطر، الأفوكادو، الطماطم، البقدونس مع الحفاظ على حالة كل مكوّن المسجلة. | رتّب الحصة كاملة في وعاء حجري عريض وضحل باستخدام الديك الرومي، البرغل، الخس الروماني، الفطر، الأفوكادو، الطماطم، البقدونس فقط ووزّع الصلصات والتوابل بخفة وتساوٍ.","Warm or prepare the measured Turkey using its listed cooked form. | Warm cooked components and prepare fresh components from the measured Bulgur, Romaine, Mushrooms, Avocado, Tomato, Parsley, keeping each food in its recorded state. | Arrange the complete serving in one wide shallow stoneware bowl using only Turkey, Bulgur, Romaine, Mushrooms, Avocado, Tomato, Parsley; distribute sauces and seasonings lightly and evenly.","/nutrition/meals/MEAL-120/cover.webp","/nutrition/meals/MEAL-120/cover-thumb.webp","ready","FILES_PRESENT","{""calorie_band_kcal"":""300_449"",""protein_band_g"":""30_39"",""carb_band_g"":""high"",""fat_band_g"":""moderate"",""meal_type_required"":true,""max_calorie_delta_pct"":10,""max_protein_delta_g"":8,""exclude_allergens"":true}","gluten","high_protein|high_fiber","NOT_AVAILABLE","NO_EXPLICIT_TAG","NO_EXPLICIT_TAG","fat_loss|maintenance|muscle_gain","Nutrition Library V2. USDA FoodData Central. One serving. Identity is external_id.","USDA FoodData Central — SR Legacy (April 2018 release)"
"MEAL-121","وعاء البطاطا الحلوة بالطماطم والبقدونس مع الإدامامي","Tomato-Parsley Sweet Potato Bowl with Edamame","YES_DERIVED_FROM_PUBLISHED_READY","published","ready","lunch","MAIN_MEAL","OFFICIAL_MEAL_TYPE","NO_OFFICIAL","YES_OFFICIAL","NO_OFFICIAL","NO_OFFICIAL","NO_OFFICIAL","NO","NO","776","24.9","79.8","39.7","17.5","qa.derived_fiber_g","618","g","1","فول صويا أخضر مطهو / Green soybeans, cooked: 139g; بطاطا حلوة مشوية / Baked sweet potato: 280g; سبانخ مطهوة / Spinach, cooked: 20g; كوسا مطهوة / Zucchini, cooked: 20g; زيت زيتون / Olive oil: 30g; طماطم طازجة / Tomato, raw: 121g; بقدونس طازج / Fresh parsley: 8g","سخّن أو حضّر كمية الإدامامي المحددة وفق حالتها المطهوة المدرجة. | سخّن المكونات المطهوة وحضّر المكونات الطازجة من الكميات المحددة من البطاطا الحلوة، السبانخ، الكوسا، زيت الزيتون، الطماطم، البقدونس مع الحفاظ على حالة كل مكوّن المسجلة. | رتّب الحصة كاملة في وعاء حجري عريض وضحل باستخدام الإدامامي، البطاطا الحلوة، السبانخ، الكوسا، زيت الزيتون، الطماطم، البقدونس فقط ووزّع الصلصات والتوابل بخفة وتساوٍ.","Warm or prepare the measured Edamame using its listed cooked form. | Warm cooked components and prepare fresh components from the measured Sweet Potato, Spinach, Zucchini, Olive Oil, Tomato, Parsley, keeping each food in its recorded state. | Arrange the complete serving in one wide shallow stoneware bowl using only Edamame, Sweet Potato, Spinach, Zucchini, Olive Oil, Tomato, Parsley; distribute sauces and seasonings lightly and evenly.","/nutrition/meals/MEAL-121/cover.webp","/nutrition/meals/MEAL-121/cover-thumb.webp","ready","FILES_PRESENT","{""calorie_band_kcal"":""600_plus"",""protein_band_g"":""20_29"",""carb_band_g"":""high"",""fat_band_g"":""high"",""meal_type_required"":true,""max_calorie_delta_pct"":10,""max_protein_delta_g"":8,""exclude_allergens"":true}","soy","vegetarian|vegan|pescatarian|gluten_free|high_fiber","NOT_AVAILABLE","YES_EXPLICIT","YES_EXPLICIT","fat_loss|maintenance|muscle_gain","Nutrition Library V2. USDA FoodData Central. One serving. Identity is external_id.","USDA FoodData Central — SR Legacy (April 2018 release)"
"MEAL-122","وعاء الأرز البني بالثوم والبابريكا مع التونة","Garlic-Paprika Brown Rice Bowl with Tuna","YES_DERIVED_FROM_PUBLISHED_READY","published","ready","lunch","MAIN_MEAL","OFFICIAL_MEAL_TYPE","NO_OFFICIAL","YES_OFFICIAL","NO_OFFICIAL","NO_OFFICIAL","NO_OFFICIAL","NO","NO","806","33.7","88.1","35.4","12.7","qa.derived_fiber_g","618","g","1","تونة خفيفة معلبة بالماء ومصفاة / Light tuna, canned in water, drained: 83g; أرز بني مطهو / Brown rice, cooked: 260g; فلفل حلو أحمر طازج / Red bell pepper, raw: 130g; فطر أبيض مطهو / White mushrooms, cooked: 95g; زيت زيتون / Olive oil: 30g; ثوم طازج / Garlic, raw: 10g; بابريكا / Paprika: 10g","سخّن أو حضّر كمية التونة المحددة وفق حالتها المطهوة المدرجة. | سخّن المكونات المطهوة وحضّر المكونات الطازجة من الكميات المحددة من الأرز البني، الفلفل الأحمر، الفطر، زيت الزيتون، الثوم، البابريكا مع الحفاظ على حالة كل مكوّن المسجلة. | رتّب الحصة كاملة في وعاء حجري عريض وضحل باستخدام التونة، الأرز البني، الفلفل الأحمر، الفطر، زيت الزيتون، الثوم، البابريكا فقط ووزّع الصلصات والتوابل بخفة وتساوٍ.","Warm or prepare the measured Tuna using its listed cooked form. | Warm cooked components and prepare fresh components from the measured Brown Rice, Red Pepper, Mushrooms, Olive Oil, Garlic, Paprika, keeping each food in its recorded state. | Arrange the complete serving in one wide shallow stoneware bowl using only Tuna, Brown Rice, Red Pepper, Mushrooms, Olive Oil, Garlic, Paprika; distribute sauces and seasonings lightly and evenly.","/nutrition/meals/MEAL-122/cover.webp","/nutrition/meals/MEAL-122/cover-thumb.webp","ready","FILES_PRESENT","{""calorie_band_kcal"":""600_plus"",""protein_band_g"":""30_39"",""carb_band_g"":""high"",""fat_band_g"":""high"",""meal_type_required"":true,""max_calorie_delta_pct"":10,""max_protein_delta_g"":8,""exclude_allergens"":true}","fish","pescatarian|gluten_free|high_fiber|omega_3","NOT_AVAILABLE","NO_EXPLICIT_TAG","NO_EXPLICIT_TAG","fat_loss|maintenance|muscle_gain","Nutrition Library V2. USDA FoodData Central. One serving. Identity is external_id.","USDA FoodData Central — SR Legacy (April 2018 release)"
"MEAL-123","وعاء الإدامامي بالكمون والليمون الأخضر مع الأرز البني","Cumin-Lime Edamame Bowl with Brown Rice","YES_DERIVED_FROM_PUBLISHED_READY","published","ready","lunch","MAIN_MEAL","OFFICIAL_MEAL_TYPE","NO_OFFICIAL","YES_OFFICIAL","NO_OFFICIAL","NO_OFFICIAL","NO_OFFICIAL","NO","NO","449","29.9","42.1","17.9","12.5","qa.derived_fiber_g","398","g","1","فول صويا أخضر مطهو / Green soybeans, cooked: 216g; أرز بني مطهو / Brown rice, cooked: 40g; فطر أبيض مطهو / White mushrooms, cooked: 39g; خيار طازج بالقشر / Cucumber with peel, raw: 73g; أفوكادو طازج / Avocado, raw: 20g; كمون / Cumin seed: 2g; عصير ليمون أخضر طازج / Lime juice, raw: 8g","سخّن أو حضّر كمية الإدامامي المحددة وفق حالتها المطهوة المدرجة. | سخّن المكونات المطهوة وحضّر المكونات الطازجة من الكميات المحددة من الأرز البني، الفطر، الخيار، الأفوكادو، الكمون، الليمون الأخضر مع الحفاظ على حالة كل مكوّن المسجلة. | رتّب الحصة كاملة في وعاء حجري عريض وضحل باستخدام الإدامامي، الأرز البني، الفطر، الخيار، الأفوكادو، الكمون، الليمون الأخضر فقط ووزّع الصلصات والتوابل بخفة وتساوٍ.","Warm or prepare the measured Edamame using its listed cooked form. | Warm cooked components and prepare fresh components from the measured Brown Rice, Mushrooms, Cucumber, Avocado, Cumin, Lime, keeping each food in its recorded state. | Arrange the complete serving in one wide shallow stoneware bowl using only Edamame, Brown Rice, Mushrooms, Cucumber, Avocado, Cumin, Lime; distribute sauces and seasonings lightly and evenly.","/nutrition/meals/MEAL-123/cover.webp","/nutrition/meals/MEAL-123/cover-thumb.webp","ready","FILES_PRESENT","{""calorie_band_kcal"":""300_449"",""protein_band_g"":""20_29"",""carb_band_g"":""moderate"",""fat_band_g"":""moderate"",""meal_type_required"":true,""max_calorie_delta_pct"":10,""max_protein_delta_g"":8,""exclude_allergens"":true}","soy","vegetarian|vegan|pescatarian|gluten_free|high_fiber","NOT_AVAILABLE","YES_EXPLICIT","YES_EXPLICIT","fat_loss|maintenance|muscle_gain","Nutrition Library V2. USDA FoodData Central. One serving. Identity is external_id.","USDA FoodData Central — SR Legacy (April 2018 release)"
"MEAL-124","وعاء الفاصوليا الحمراء بالزنجبيل والصويا مع البرغل","Ginger-Soy Kidney Beans Bowl with Bulgur","YES_DERIVED_FROM_PUBLISHED_READY","published","ready","lunch","MAIN_MEAL","OFFICIAL_MEAL_TYPE","NO_OFFICIAL","YES_OFFICIAL","NO_OFFICIAL","NO_OFFICIAL","NO_OFFICIAL","NO","NO","790","35.2","118.8","19.3","34.2","qa.derived_fiber_g","618","g","1","فاصوليا حمراء مطهوة / Kidney beans, cooked: 300g; برغل مطهو / Bulgur, cooked: 244g; خس روماني طازج / Romaine lettuce, raw: 20g; جزر طازج / Carrot, raw: 20g; زيت زيتون / Olive oil: 17g; زنجبيل طازج / Ginger root, raw: 2g; صلصة صويا قليلة الصوديوم / Reduced-sodium soy sauce: 15g","سخّن أو حضّر كمية الفاصوليا الحمراء المحددة وفق حالتها المطهوة المدرجة. | سخّن المكونات المطهوة وحضّر المكونات الطازجة من الكميات المحددة من البرغل، الخس الروماني، الجزر، زيت الزيتون، الزنجبيل، صلصة الصويا مع الحفاظ على حالة كل مكوّن المسجلة. | رتّب الحصة كاملة في وعاء حجري عريض وضحل باستخدام الفاصوليا الحمراء، البرغل، الخس الروماني، الجزر، زيت الزيتون، الزنجبيل، صلصة الصويا فقط ووزّع الصلصات والتوابل بخفة وتساوٍ.","Warm or prepare the measured Kidney Beans using its listed cooked form. | Warm cooked components and prepare fresh components from the measured Bulgur, Romaine, Carrot, Olive Oil, Ginger, Soy Sauce, keeping each food in its recorded state. | Arrange the complete serving in one wide shallow stoneware bowl using only Kidney Beans, Bulgur, Romaine, Carrot, Olive Oil, Ginger, Soy Sauce; distribute sauces and seasonings lightly and evenly.","/nutrition/meals/MEAL-124/cover.webp","/nutrition/meals/MEAL-124/cover-thumb.webp","ready","FILES_PRESENT","{""calorie_band_kcal"":""600_plus"",""protein_band_g"":""30_39"",""carb_band_g"":""high"",""fat_band_g"":""high"",""meal_type_required"":true,""max_calorie_delta_pct"":10,""max_protein_delta_g"":8,""exclude_allergens"":true}","gluten|soy","vegetarian|vegan|pescatarian|high_protein|high_fiber","NOT_AVAILABLE","YES_EXPLICIT","YES_EXPLICIT","fat_loss|maintenance|muscle_gain","Nutrition Library V2. USDA FoodData Central. One serving. Identity is external_id.","USDA FoodData Central — SR Legacy (April 2018 release)"
"MEAL-125","طبق بياض البيض بالطحينة والليمون مع تورتيلا الذرة والجزر","Tahini-Lemon Egg White Plate with Corn Tortilla and Carrot","YES_DERIVED_FROM_PUBLISHED_READY","published","ready","lunch","MAIN_MEAL","OFFICIAL_MEAL_TYPE","NO_OFFICIAL","YES_OFFICIAL","NO_OFFICIAL","NO_OFFICIAL","NO_OFFICIAL","NO","NO","422","30.2","51","10.8","8.4","qa.derived_fiber_g","422","g","1","بياض بيض طازج / Egg white, raw, fresh: 214g; خبز تورتيلا الذرة / Corn tortilla: 88g; فلفل حلو أحمر طازج / Red bell pepper, raw: 35g; جزر طازج / Carrot, raw: 67g; زيت زيتون / Olive oil: 5g; طحينة سمسم / Sesame butter, tahini: 5g; عصير ليمون طازج / Lemon juice, raw: 8g","اطهُ بياض البيض في مقلاة غير لاصقة حتى يصبح معتمًا تمامًا وتصل الحرارة الداخلية إلى 74°م (165°ف). | سخّن المكونات المطهوة وحضّر المكونات الطازجة من الكميات المحددة من تورتيلا الذرة، الفلفل الأحمر، الجزر، زيت الزيتون، الطحينة، الليمون مع الحفاظ على حالة كل مكوّن المسجلة. | رتّب الحصة كاملة في طبق خزفي مسطح ومحايد باستخدام بياض البيض، تورتيلا الذرة، الفلفل الأحمر، الجزر، زيت الزيتون، الطحينة، الليمون فقط ووزّع الصلصات والتوابل بخفة وتساوٍ.","Cook the Egg White in a nonstick pan until fully opaque and the center reaches 74°C (165°F). | Warm cooked components and prepare fresh components from the measured Corn Tortilla, Red Pepper, Carrot, Olive Oil, Tahini, Lemon, keeping each food in its recorded state. | Arrange the complete serving in one flat neutral ceramic dinner plate using only Egg White, Corn Tortilla, Red Pepper, Carrot, Olive Oil, Tahini, Lemon; distribute sauces and seasonings lightly and evenly.","/nutrition/meals/MEAL-125/cover.webp","/nutrition/meals/MEAL-125/cover-thumb.webp","ready","FILES_PRESENT","{""calorie_band_kcal"":""300_449"",""protein_band_g"":""30_39"",""carb_band_g"":""high"",""fat_band_g"":""moderate"",""meal_type_required"":true,""max_calorie_delta_pct"":10,""max_protein_delta_g"":8,""exclude_allergens"":true}","egg|sesame","vegetarian|pescatarian|gluten_free|high_fiber","NOT_AVAILABLE","YES_EXPLICIT","NO_EXPLICIT_TAG","fat_loss|maintenance|muscle_gain","Nutrition Library V2. USDA FoodData Central. One serving. Identity is external_id.","USDA FoodData Central — SR Legacy (April 2018 release)"
"MEAL-126","وعاء بياض البيض بالطماطم والبقدونس مع الأرز البني","Tomato-Parsley Egg White Bowl with Brown Rice","YES_DERIVED_FROM_PUBLISHED_READY","published","ready","dinner","MAIN_MEAL","OFFICIAL_MEAL_TYPE","NO_OFFICIAL","YES_OFFICIAL","NO_OFFICIAL","NO_OFFICIAL","NO_OFFICIAL","NO","NO","730","36.8","71.2","33.1","5","qa.derived_fiber_g","618","g","1","بياض بيض طازج / Egg white, raw, fresh: 267g; أرز بني مطهو / Brown rice, cooked: 260g; فلفل حلو أحمر طازج / Red bell pepper, raw: 20g; خيار طازج بالقشر / Cucumber with peel, raw: 20g; زيت زيتون / Olive oil: 30g; طماطم طازجة / Tomato, raw: 20g; بقدونس طازج / Fresh parsley: 1g","اطهُ بياض البيض في مقلاة غير لاصقة حتى يصبح معتمًا تمامًا وتصل الحرارة الداخلية إلى 74°م (165°ف). | سخّن المكونات المطهوة وحضّر المكونات الطازجة من الكميات المحددة من الأرز البني، الفلفل الأحمر، الخيار، زيت الزيتون، الطماطم، البقدونس مع الحفاظ على حالة كل مكوّن المسجلة. | رتّب الحصة كاملة في وعاء حجري عريض وضحل باستخدام بياض البيض، الأرز البني، الفلفل الأحمر، الخيار، زيت الزيتون، الطماطم، البقدونس فقط ووزّع الصلصات والتوابل بخفة وتساوٍ.","Cook the Egg White in a nonstick pan until fully opaque and the center reaches 74°C (165°F). | Warm cooked components and prepare fresh components from the measured Brown Rice, Red Pepper, Cucumber, Olive Oil, Tomato, Parsley, keeping each food in its recorded state. | Arrange the complete serving in one wide shallow stoneware bowl using only Egg White, Brown Rice, Red Pepper, Cucumber, Olive Oil, Tomato, Parsley; distribute sauces and seasonings lightly and evenly.","/nutrition/meals/MEAL-126/cover.webp","/nutrition/meals/MEAL-126/cover-thumb.webp","ready","FILES_PRESENT","{""calorie_band_kcal"":""600_plus"",""protein_band_g"":""30_39"",""carb_band_g"":""high"",""fat_band_g"":""high"",""meal_type_required"":true,""max_calorie_delta_pct"":10,""max_protein_delta_g"":8,""exclude_allergens"":true}","egg","vegetarian|pescatarian|gluten_free|high_protein","NOT_AVAILABLE","YES_EXPLICIT","NO_EXPLICIT_TAG","fat_loss|maintenance|muscle_gain","Nutrition Library V2. USDA FoodData Central. One serving. Identity is external_id.","USDA FoodData Central — SR Legacy (April 2018 release)"
"MEAL-127","طبق خبز القمح الكامل بالليمون والأعشاب مع التونة","Lemon-Herb Whole-Wheat Bread Plate with Tuna","YES_DERIVED_FROM_PUBLISHED_READY","published","ready","dinner","MAIN_MEAL","OFFICIAL_MEAL_TYPE","NO_OFFICIAL","YES_OFFICIAL","NO_OFFICIAL","NO_OFFICIAL","NO_OFFICIAL","NO","NO","518","29.9","55.8","19.5","10.8","qa.derived_fiber_g","311","g","1","تونة خفيفة معلبة بالماء ومصفاة / Light tuna, canned in water, drained: 50g; خبز قمح كامل / Whole-wheat bread: 100g; فطر أبيض مطهو / White mushrooms, cooked: 80g; بازلاء خضراء مطهوة / Green peas, cooked: 50g; زيت زيتون / Olive oil: 15g; عصير ليمون طازج / Lemon juice, raw: 8g; بقدونس طازج / Fresh parsley: 8g","سخّن أو حضّر كمية التونة المحددة وفق حالتها المطهوة المدرجة. | سخّن المكونات المطهوة وحضّر المكونات الطازجة من الكميات المحددة من خبز القمح الكامل، الفطر، البازلاء الخضراء، زيت الزيتون، الليمون، البقدونس مع الحفاظ على حالة كل مكوّن المسجلة. | رتّب الحصة كاملة في طبق خزفي مسطح ومحايد باستخدام التونة، خبز القمح الكامل، الفطر، البازلاء الخضراء، زيت الزيتون، الليمون، البقدونس فقط ووزّع الصلصات والتوابل بخفة وتساوٍ.","Warm or prepare the measured Tuna using its listed cooked form. | Warm cooked components and prepare fresh components from the measured Whole-Wheat Bread, Mushrooms, Green Peas, Olive Oil, Lemon, Parsley, keeping each food in its recorded state. | Arrange the complete serving in one flat neutral ceramic dinner plate using only Tuna, Whole-Wheat Bread, Mushrooms, Green Peas, Olive Oil, Lemon, Parsley; distribute sauces and seasonings lightly and evenly.","/nutrition/meals/MEAL-127/cover.webp","/nutrition/meals/MEAL-127/cover-thumb.webp","ready","FILES_PRESENT","{""calorie_band_kcal"":""450_599"",""protein_band_g"":""20_29"",""carb_band_g"":""high"",""fat_band_g"":""high"",""meal_type_required"":true,""max_calorie_delta_pct"":10,""max_protein_delta_g"":8,""exclude_allergens"":true}","gluten|fish","pescatarian|high_fiber","NOT_AVAILABLE","NO_EXPLICIT_TAG","NO_EXPLICIT_TAG","fat_loss|maintenance|muscle_gain","Nutrition Library V2. USDA FoodData Central. One serving. Identity is external_id.","USDA FoodData Central — SR Legacy (April 2018 release)"
"MEAL-128","وعاء الديك الرومي بالثوم والبابريكا مع الكسكس","Garlic-Paprika Turkey Bowl with Couscous","YES_DERIVED_FROM_PUBLISHED_READY","published","ready","dinner","MAIN_MEAL","OFFICIAL_MEAL_TYPE","NO_OFFICIAL","YES_OFFICIAL","NO_OFFICIAL","NO_OFFICIAL","NO_OFFICIAL","NO","NO","550","42.1","43.1","23.2","5.8","qa.derived_fiber_g","420","g","1","صدر ديك رومي مطهو ومشوي / Turkey breast, cooked, roasted: 110g; كسكس مطهو / Couscous, cooked: 150g; خس روماني طازج / Romaine lettuce, raw: 80g; سبانخ مطهوة / Spinach, cooked: 50g; زيت زيتون / Olive oil: 20g; ثوم طازج / Garlic, raw: 8g; بابريكا / Paprika: 2g","سخّن أو حضّر كمية الديك الرومي المحددة وفق حالتها المطهوة المدرجة. | سخّن المكونات المطهوة وحضّر المكونات الطازجة من الكميات المحددة من الكسكس، الخس الروماني، السبانخ، زيت الزيتون، الثوم، البابريكا مع الحفاظ على حالة كل مكوّن المسجلة. | رتّب الحصة كاملة في وعاء حجري عريض وضحل باستخدام الديك الرومي، الكسكس، الخس الروماني، السبانخ، زيت الزيتون، الثوم، البابريكا فقط ووزّع الصلصات والتوابل بخفة وتساوٍ.","Warm or prepare the measured Turkey using its listed cooked form. | Warm cooked components and prepare fresh components from the measured Couscous, Romaine, Spinach, Olive Oil, Garlic, Paprika, keeping each food in its recorded state. | Arrange the complete serving in one wide shallow stoneware bowl using only Turkey, Couscous, Romaine, Spinach, Olive Oil, Garlic, Paprika; distribute sauces and seasonings lightly and evenly.","/nutrition/meals/MEAL-128/cover.webp","/nutrition/meals/MEAL-128/cover-thumb.webp","ready","FILES_PRESENT","{""calorie_band_kcal"":""450_599"",""protein_band_g"":""40_plus"",""carb_band_g"":""moderate"",""fat_band_g"":""high"",""meal_type_required"":true,""max_calorie_delta_pct"":10,""max_protein_delta_g"":8,""exclude_allergens"":true}","gluten","high_protein","NOT_AVAILABLE","NO_EXPLICIT_TAG","NO_EXPLICIT_TAG","fat_loss|maintenance|muscle_gain","Nutrition Library V2. USDA FoodData Central. One serving. Identity is external_id.","USDA FoodData Central — SR Legacy (April 2018 release)"
"MEAL-129","طبق الشعير بالكمون والليمون الأخضر مع الروبيان","Cumin-Lime Barley Plate with Shrimp","YES_DERIVED_FROM_PUBLISHED_READY","published","ready","dinner","MAIN_MEAL","OFFICIAL_MEAL_TYPE","NO_OFFICIAL","YES_OFFICIAL","NO_OFFICIAL","NO_OFFICIAL","NO_OFFICIAL","NO","NO","778","30.5","86.7","34.3","15.1","qa.derived_fiber_g","618","g","1","روبيان مطهو / Shrimp, cooked: 74g; شعير لؤلؤي مطهو / Pearled barley, cooked: 260g; سبانخ مطهوة / Spinach, cooked: 130g; كوسا مطهوة / Zucchini, cooked: 99g; زيت زيتون / Olive oil: 30g; كمون / Cumin seed: 10g; عصير ليمون أخضر طازج / Lime juice, raw: 15g","سخّن أو حضّر كمية الروبيان المحددة وفق حالتها المطهوة المدرجة. | سخّن المكونات المطهوة وحضّر المكونات الطازجة من الكميات المحددة من الشعير، السبانخ، الكوسا، زيت الزيتون، الكمون، الليمون الأخضر مع الحفاظ على حالة كل مكوّن المسجلة. | رتّب الحصة كاملة في طبق خزفي مسطح ومحايد باستخدام الروبيان، الشعير، السبانخ، الكوسا، زيت الزيتون، الكمون، الليمون الأخضر فقط ووزّع الصلصات والتوابل بخفة وتساوٍ.","Warm or prepare the measured Shrimp using its listed cooked form. | Warm cooked components and prepare fresh components from the measured Barley, Spinach, Zucchini, Olive Oil, Cumin, Lime, keeping each food in its recorded state. | Arrange the complete serving in one flat neutral ceramic dinner plate using only Shrimp, Barley, Spinach, Zucchini, Olive Oil, Cumin, Lime; distribute sauces and seasonings lightly and evenly.","/nutrition/meals/MEAL-129/cover.webp","/nutrition/meals/MEAL-129/cover-thumb.webp","ready","FILES_PRESENT","{""calorie_band_kcal"":""600_plus"",""protein_band_g"":""30_39"",""carb_band_g"":""high"",""fat_band_g"":""high"",""meal_type_required"":true,""max_calorie_delta_pct"":10,""max_protein_delta_g"":8,""exclude_allergens"":true}","gluten|shellfish","pescatarian|high_fiber","NOT_AVAILABLE","NO_EXPLICIT_TAG","NO_EXPLICIT_TAG","fat_loss|maintenance|muscle_gain","Nutrition Library V2. USDA FoodData Central. One serving. Identity is external_id.","USDA FoodData Central — SR Legacy (April 2018 release)"
"MEAL-130","وعاء البطاطس بالزنجبيل والصويا مع الديك الرومي","Ginger-Soy Potato Bowl with Turkey","YES_DERIVED_FROM_PUBLISHED_READY","published","ready","dinner","MAIN_MEAL","OFFICIAL_MEAL_TYPE","NO_OFFICIAL","YES_OFFICIAL","NO_OFFICIAL","NO_OFFICIAL","NO_OFFICIAL","NO","NO","717","40","67.3","32","7.8","qa.derived_fiber_g","564","g","1","صدر ديك رومي مطهو ومشوي / Turkey breast, cooked, roasted: 104g; بطاطس مشوية بالقشر / Baked potato with skin: 280g; فلفل حلو أحمر طازج / Red bell pepper, raw: 82g; بصل طازج / Onion, raw: 53g; زيت زيتون / Olive oil: 29g; زنجبيل طازج / Ginger root, raw: 8g; صلصة صويا قليلة الصوديوم / Reduced-sodium soy sauce: 8g","سخّن أو حضّر كمية الديك الرومي المحددة وفق حالتها المطهوة المدرجة. | سخّن المكونات المطهوة وحضّر المكونات الطازجة من الكميات المحددة من البطاطس، الفلفل الأحمر، البصل، زيت الزيتون، الزنجبيل، صلصة الصويا مع الحفاظ على حالة كل مكوّن المسجلة. | رتّب الحصة كاملة في وعاء حجري عريض وضحل باستخدام الديك الرومي، البطاطس، الفلفل الأحمر، البصل، زيت الزيتون، الزنجبيل، صلصة الصويا فقط ووزّع الصلصات والتوابل بخفة وتساوٍ.","Warm or prepare the measured Turkey using its listed cooked form. | Warm cooked components and prepare fresh components from the measured Potato, Red Pepper, Onion, Olive Oil, Ginger, Soy Sauce, keeping each food in its recorded state. | Arrange the complete serving in one wide shallow stoneware bowl using only Turkey, Potato, Red Pepper, Onion, Olive Oil, Ginger, Soy Sauce; distribute sauces and seasonings lightly and evenly.","/nutrition/meals/MEAL-130/cover.webp","/nutrition/meals/MEAL-130/cover-thumb.webp","ready","FILES_PRESENT","{""calorie_band_kcal"":""600_plus"",""protein_band_g"":""40_plus"",""carb_band_g"":""high"",""fat_band_g"":""high"",""meal_type_required"":true,""max_calorie_delta_pct"":10,""max_protein_delta_g"":8,""exclude_allergens"":true}","soy","high_protein|high_fiber","NOT_AVAILABLE","NO_EXPLICIT_TAG","NO_EXPLICIT_TAG","fat_loss|maintenance|muscle_gain","Nutrition Library V2. USDA FoodData Central. One serving. Identity is external_id.","USDA FoodData Central — SR Legacy (April 2018 release)"
"MEAL-131","طبق الدجاج بالطحينة والليمون مع الأرز البني","Tahini-Lemon Chicken Plate with Brown Rice","YES_DERIVED_FROM_PUBLISHED_READY","published","ready","dinner","MAIN_MEAL","OFFICIAL_MEAL_TYPE","NO_OFFICIAL","YES_OFFICIAL","NO_OFFICIAL","NO_OFFICIAL","NO_OFFICIAL","NO","NO","553","42.2","30.1","29.3","5","qa.derived_fiber_g","343","g","1","صدر دجاج مطهو ومشوي / Chicken breast, cooked, roasted: 108g; أرز بني مطهو / Brown rice, cooked: 66g; فطر أبيض مطهو / White mushrooms, cooked: 77g; فلفل حلو أحمر طازج / Red bell pepper, raw: 47g; زيت زيتون / Olive oil: 10g; طحينة سمسم / Sesame butter, tahini: 27g; عصير ليمون طازج / Lemon juice, raw: 8g","سخّن أو حضّر كمية الدجاج المحددة وفق حالتها المطهوة المدرجة. | سخّن المكونات المطهوة وحضّر المكونات الطازجة من الكميات المحددة من الأرز البني، الفطر، الفلفل الأحمر، زيت الزيتون، الطحينة، الليمون مع الحفاظ على حالة كل مكوّن المسجلة. | رتّب الحصة كاملة في طبق خزفي مسطح ومحايد باستخدام الدجاج، الأرز البني، الفطر، الفلفل الأحمر، زيت الزيتون، الطحينة، الليمون فقط ووزّع الصلصات والتوابل بخفة وتساوٍ.","Warm or prepare the measured Chicken using its listed cooked form. | Warm cooked components and prepare fresh components from the measured Brown Rice, Mushrooms, Red Pepper, Olive Oil, Tahini, Lemon, keeping each food in its recorded state. | Arrange the complete serving in one flat neutral ceramic dinner plate using only Chicken, Brown Rice, Mushrooms, Red Pepper, Olive Oil, Tahini, Lemon; distribute sauces and seasonings lightly and evenly.","/nutrition/meals/MEAL-131/cover.webp","/nutrition/meals/MEAL-131/cover-thumb.webp","ready","FILES_PRESENT","{""calorie_band_kcal"":""450_599"",""protein_band_g"":""40_plus"",""carb_band_g"":""moderate"",""fat_band_g"":""high"",""meal_type_required"":true,""max_calorie_delta_pct"":10,""max_protein_delta_g"":8,""exclude_allergens"":true}","sesame","gluten_free|high_protein","NOT_AVAILABLE","NO_EXPLICIT_TAG","NO_EXPLICIT_TAG","fat_loss|maintenance|muscle_gain","Nutrition Library V2. USDA FoodData Central. One serving. Identity is external_id.","USDA FoodData Central — SR Legacy (April 2018 release)"
"MEAL-132","وعاء الفاصوليا السوداء بالطماطم والبقدونس مع الكينوا","Tomato-Parsley Black Beans Bowl with Quinoa","YES_DERIVED_FROM_PUBLISHED_READY","published","ready","dinner","MAIN_MEAL","OFFICIAL_MEAL_TYPE","NO_OFFICIAL","YES_OFFICIAL","NO_OFFICIAL","NO_OFFICIAL","NO_OFFICIAL","NO","NO","399","18.5","61.5","8.8","18.8","qa.derived_fiber_g","408","g","1","فاصوليا سوداء مطهوة / Black beans, cooked: 99g; كينوا مطهوة / Quinoa, cooked: 135g; خس روماني طازج / Romaine lettuce, raw: 39g; كرنب أجعد مطهو / Kale, cooked: 76g; أفوكادو طازج / Avocado, raw: 31g; طماطم طازجة / Tomato, raw: 20g; بقدونس طازج / Fresh parsley: 8g","سخّن أو حضّر كمية الفاصوليا السوداء المحددة وفق حالتها المطهوة المدرجة. | سخّن المكونات المطهوة وحضّر المكونات الطازجة من الكميات المحددة من الكينوا، الخس الروماني، الكرنب الأجعد، الأفوكادو، الطماطم، البقدونس مع الحفاظ على حالة كل مكوّن المسجلة. | رتّب الحصة كاملة في وعاء حجري عريض وضحل باستخدام الفاصوليا السوداء، الكينوا، الخس الروماني، الكرنب الأجعد، الأفوكادو، الطماطم، البقدونس فقط ووزّع الصلصات والتوابل بخفة وتساوٍ.","Warm or prepare the measured Black Beans using its listed cooked form. | Warm cooked components and prepare fresh components from the measured Quinoa, Romaine, Kale, Avocado, Tomato, Parsley, keeping each food in its recorded state. | Arrange the complete serving in one wide shallow stoneware bowl using only Black Beans, Quinoa, Romaine, Kale, Avocado, Tomato, Parsley; distribute sauces and seasonings lightly and evenly.","/nutrition/meals/MEAL-132/cover.webp","/nutrition/meals/MEAL-132/cover-thumb.webp","ready","FILES_PRESENT","{""calorie_band_kcal"":""300_449"",""protein_band_g"":""under_20"",""carb_band_g"":""high"",""fat_band_g"":""moderate"",""meal_type_required"":true,""max_calorie_delta_pct"":10,""max_protein_delta_g"":8,""exclude_allergens"":true}","NOT_AVAILABLE","vegetarian|vegan|pescatarian|gluten_free|high_fiber","NOT_AVAILABLE","YES_EXPLICIT","YES_EXPLICIT","fat_loss|maintenance","Nutrition Library V2. USDA FoodData Central. One serving. Identity is external_id.","USDA FoodData Central — SR Legacy (April 2018 release)"
"MEAL-133","وعاء الكسكس بالطماطم والبقدونس مع التوفو","Tomato-Parsley Couscous Bowl with Tofu","YES_DERIVED_FROM_PUBLISHED_READY","published","ready","dinner","MAIN_MEAL","OFFICIAL_MEAL_TYPE","NO_OFFICIAL","YES_OFFICIAL","NO_OFFICIAL","NO_OFFICIAL","NO_OFFICIAL","NO","NO","724","30.1","71.5","35.3","9.1","qa.derived_fiber_g","602","g","1","توفو متماسك محضر بالكالسيوم / Firm tofu prepared with calcium: 96g; كسكس مطهو / Couscous, cooked: 260g; سبانخ مطهوة / Spinach, cooked: 82g; خيار طازج بالقشر / Cucumber with peel, raw: 77g; زيت زيتون / Olive oil: 26g; طماطم طازجة / Tomato, raw: 53g; بقدونس طازج / Fresh parsley: 8g","سخّن أو حضّر كمية التوفو المحددة وفق حالتها المطهوة المدرجة. | سخّن المكونات المطهوة وحضّر المكونات الطازجة من الكميات المحددة من الكسكس، السبانخ، الخيار، زيت الزيتون، الطماطم، البقدونس مع الحفاظ على حالة كل مكوّن المسجلة. | رتّب الحصة كاملة في وعاء حجري عريض وضحل باستخدام التوفو، الكسكس، السبانخ، الخيار، زيت الزيتون، الطماطم، البقدونس فقط ووزّع الصلصات والتوابل بخفة وتساوٍ.","Warm or prepare the measured Tofu using its listed cooked form. | Warm cooked components and prepare fresh components from the measured Couscous, Spinach, Cucumber, Olive Oil, Tomato, Parsley, keeping each food in its recorded state. | Arrange the complete serving in one wide shallow stoneware bowl using only Tofu, Couscous, Spinach, Cucumber, Olive Oil, Tomato, Parsley; distribute sauces and seasonings lightly and evenly.","/nutrition/meals/MEAL-133/cover.webp","/nutrition/meals/MEAL-133/cover-thumb.webp","ready","FILES_PRESENT","{""calorie_band_kcal"":""600_plus"",""protein_band_g"":""30_39"",""carb_band_g"":""high"",""fat_band_g"":""high"",""meal_type_required"":true,""max_calorie_delta_pct"":10,""max_protein_delta_g"":8,""exclude_allergens"":true}","gluten|soy","vegetarian|vegan|pescatarian|high_fiber","NOT_AVAILABLE","YES_EXPLICIT","YES_EXPLICIT","fat_loss|maintenance|muscle_gain","Nutrition Library V2. USDA FoodData Central. One serving. Identity is external_id.","USDA FoodData Central — SR Legacy (April 2018 release)"
"MEAL-134","وعاء التمبيه بالثوم والبابريكا مع الشعير","Garlic-Paprika Tempeh Bowl with Barley","YES_DERIVED_FROM_PUBLISHED_READY","published","ready","dinner","MAIN_MEAL","OFFICIAL_MEAL_TYPE","NO_OFFICIAL","YES_OFFICIAL","NO_OFFICIAL","NO_OFFICIAL","NO_OFFICIAL","NO","NO","547","42.2","37.9","25.2","5.4","qa.derived_fiber_g","373","g","1","تمبيه مطهو / Tempeh, cooked: 190g; شعير لؤلؤي مطهو / Pearled barley, cooked: 40g; فلفل حلو أحمر طازج / Red bell pepper, raw: 79g; فطر أبيض مطهو / White mushrooms, cooked: 49g; طحينة سمسم / Sesame butter, tahini: 5g; ثوم طازج / Garlic, raw: 8g; بابريكا / Paprika: 2g","سخّن أو حضّر كمية التمبيه المحددة وفق حالتها المطهوة المدرجة. | سخّن المكونات المطهوة وحضّر المكونات الطازجة من الكميات المحددة من الشعير، الفلفل الأحمر، الفطر، الطحينة، الثوم، البابريكا مع الحفاظ على حالة كل مكوّن المسجلة. | رتّب الحصة كاملة في وعاء حجري عريض وضحل باستخدام التمبيه، الشعير، الفلفل الأحمر، الفطر، الطحينة، الثوم، البابريكا فقط ووزّع الصلصات والتوابل بخفة وتساوٍ.","Warm or prepare the measured Tempeh using its listed cooked form. | Warm cooked components and prepare fresh components from the measured Barley, Red Pepper, Mushrooms, Tahini, Garlic, Paprika, keeping each food in its recorded state. | Arrange the complete serving in one wide shallow stoneware bowl using only Tempeh, Barley, Red Pepper, Mushrooms, Tahini, Garlic, Paprika; distribute sauces and seasonings lightly and evenly.","/nutrition/meals/MEAL-134/cover.webp","/nutrition/meals/MEAL-134/cover-thumb.webp","ready","FILES_PRESENT","{""calorie_band_kcal"":""450_599"",""protein_band_g"":""40_plus"",""carb_band_g"":""moderate"",""fat_band_g"":""high"",""meal_type_required"":true,""max_calorie_delta_pct"":10,""max_protein_delta_g"":8,""exclude_allergens"":true}","gluten|sesame|soy","vegetarian|vegan|pescatarian|high_protein","NOT_AVAILABLE","YES_EXPLICIT","YES_EXPLICIT","fat_loss|maintenance|muscle_gain","Nutrition Library V2. USDA FoodData Central. One serving. Identity is external_id.","USDA FoodData Central — SR Legacy (April 2018 release)"
"MEAL-135","طبق السردين بالكمون والليمون الأخضر مع البطاطا الحلوة","Cumin-Lime Sardines Plate with Sweet Potato","YES_DERIVED_FROM_PUBLISHED_READY","published","ready","dinner","MAIN_MEAL","OFFICIAL_MEAL_TYPE","NO_OFFICIAL","YES_OFFICIAL","NO_OFFICIAL","NO_OFFICIAL","NO_OFFICIAL","NO","NO","398","29.7","35.7","15.1","7.2","qa.derived_fiber_g","341","g","1","سردين معلب بالزيت ومصفى / Sardines, canned in oil, drained: 100g; بطاطا حلوة مشوية / Baked sweet potato: 117g; فطر أبيض مطهو / White mushrooms, cooked: 38g; جزر طازج / Carrot, raw: 71g; طحينة سمسم / Sesame butter, tahini: 5g; كمون / Cumin seed: 2g; عصير ليمون أخضر طازج / Lime juice, raw: 8g","سخّن أو حضّر كمية السردين المحددة وفق حالتها المطهوة المدرجة. | سخّن المكونات المطهوة وحضّر المكونات الطازجة من الكميات المحددة من البطاطا الحلوة، الفطر، الجزر، الطحينة، الكمون، الليمون الأخضر مع الحفاظ على حالة كل مكوّن المسجلة. | رتّب الحصة كاملة في طبق خزفي مسطح ومحايد باستخدام السردين، البطاطا الحلوة، الفطر، الجزر، الطحينة، الكمون، الليمون الأخضر فقط ووزّع الصلصات والتوابل بخفة وتساوٍ.","Warm or prepare the measured Sardines using its listed cooked form. | Warm cooked components and prepare fresh components from the measured Sweet Potato, Mushrooms, Carrot, Tahini, Cumin, Lime, keeping each food in its recorded state. | Arrange the complete serving in one flat neutral ceramic dinner plate using only Sardines, Sweet Potato, Mushrooms, Carrot, Tahini, Cumin, Lime; distribute sauces and seasonings lightly and evenly.","/nutrition/meals/MEAL-135/cover.webp","/nutrition/meals/MEAL-135/cover-thumb.webp","ready","FILES_PRESENT","{""calorie_band_kcal"":""300_449"",""protein_band_g"":""20_29"",""carb_band_g"":""moderate"",""fat_band_g"":""moderate"",""meal_type_required"":true,""max_calorie_delta_pct"":10,""max_protein_delta_g"":8,""exclude_allergens"":true}","fish|sesame","pescatarian|gluten_free|high_fiber|omega_3","NOT_AVAILABLE","NO_EXPLICIT_TAG","NO_EXPLICIT_TAG","fat_loss|maintenance|muscle_gain","Nutrition Library V2. USDA FoodData Central. One serving. Identity is external_id.","USDA FoodData Central — SR Legacy (April 2018 release)"
"MEAL-136","وعاء التوفو بالزنجبيل والصويا مع الأرز الأبيض","Ginger-Soy Tofu Bowl with White Rice","YES_DERIVED_FROM_PUBLISHED_READY","published","ready","dinner","MAIN_MEAL","OFFICIAL_MEAL_TYPE","NO_OFFICIAL","YES_OFFICIAL","NO_OFFICIAL","NO_OFFICIAL","NO_OFFICIAL","NO","NO","522","39.9","34.1","25.1","11","qa.derived_fiber_g","443","g","1","توفو متماسك محضر بالكالسيوم / Firm tofu prepared with calcium: 205g; أرز أبيض مطهو / White rice, cooked: 54g; خس روماني طازج / Romaine lettuce, raw: 79g; جزر طازج / Carrot, raw: 44g; أفوكادو طازج / Avocado, raw: 45g; زنجبيل طازج / Ginger root, raw: 8g; صلصة صويا قليلة الصوديوم / Reduced-sodium soy sauce: 8g","سخّن أو حضّر كمية التوفو المحددة وفق حالتها المطهوة المدرجة. | سخّن المكونات المطهوة وحضّر المكونات الطازجة من الكميات المحددة من الأرز الأبيض، الخس الروماني، الجزر، الأفوكادو، الزنجبيل، صلصة الصويا مع الحفاظ على حالة كل مكوّن المسجلة. | رتّب الحصة كاملة في وعاء حجري عريض وضحل باستخدام التوفو، الأرز الأبيض، الخس الروماني، الجزر، الأفوكادو، الزنجبيل، صلصة الصويا فقط ووزّع الصلصات والتوابل بخفة وتساوٍ.","Warm or prepare the measured Tofu using its listed cooked form. | Warm cooked components and prepare fresh components from the measured White Rice, Romaine, Carrot, Avocado, Ginger, Soy Sauce, keeping each food in its recorded state. | Arrange the complete serving in one wide shallow stoneware bowl using only Tofu, White Rice, Romaine, Carrot, Avocado, Ginger, Soy Sauce; distribute sauces and seasonings lightly and evenly.","/nutrition/meals/MEAL-136/cover.webp","/nutrition/meals/MEAL-136/cover-thumb.webp","ready","FILES_PRESENT","{""calorie_band_kcal"":""450_599"",""protein_band_g"":""30_39"",""carb_band_g"":""moderate"",""fat_band_g"":""high"",""meal_type_required"":true,""max_calorie_delta_pct"":10,""max_protein_delta_g"":8,""exclude_allergens"":true}","soy","vegetarian|vegan|pescatarian|high_protein|high_fiber","NOT_AVAILABLE","YES_EXPLICIT","YES_EXPLICIT","fat_loss|maintenance|muscle_gain","Nutrition Library V2. USDA FoodData Central. One serving. Identity is external_id.","USDA FoodData Central — SR Legacy (April 2018 release)"
"MEAL-137","طبق لحم الضأن بالطحينة والليمون مع معكرونة القمح الكامل","Tahini-Lemon Lamb Plate with Whole-Wheat Pasta","YES_DERIVED_FROM_PUBLISHED_READY","published","ready","dinner","MAIN_MEAL","OFFICIAL_MEAL_TYPE","NO_OFFICIAL","YES_OFFICIAL","NO_OFFICIAL","NO_OFFICIAL","NO_OFFICIAL","NO","NO","550","41.9","44.8","22.6","9","qa.derived_fiber_g","380","g","1","فخذ ضأن قليل الدهن ومشوي / Lamb leg, lean, cooked, roasted: 100g; معكرونة قمح كامل مطهوة / Whole-wheat pasta, cooked: 120g; سبانخ مطهوة / Spinach, cooked: 80g; خس روماني طازج / Romaine lettuce, raw: 50g; جوز / Walnuts: 15g; طحينة سمسم / Sesame butter, tahini: 7g; عصير ليمون طازج / Lemon juice, raw: 8g","سخّن أو حضّر كمية لحم الضأن المحددة وفق حالتها المطهوة المدرجة. | سخّن المكونات المطهوة وحضّر المكونات الطازجة من الكميات المحددة من معكرونة القمح الكامل، السبانخ، الخس الروماني، الجوز، الطحينة، الليمون مع الحفاظ على حالة كل مكوّن المسجلة. | رتّب الحصة كاملة في طبق خزفي مسطح ومحايد باستخدام لحم الضأن، معكرونة القمح الكامل، السبانخ، الخس الروماني، الجوز، الطحينة، الليمون فقط ووزّع الصلصات والتوابل بخفة وتساوٍ.","Warm or prepare the measured Lamb using its listed cooked form. | Warm cooked components and prepare fresh components from the measured Whole-Wheat Pasta, Spinach, Romaine, Walnuts, Tahini, Lemon, keeping each food in its recorded state. | Arrange the complete serving in one flat neutral ceramic dinner plate using only Lamb, Whole-Wheat Pasta, Spinach, Romaine, Walnuts, Tahini, Lemon; distribute sauces and seasonings lightly and evenly.","/nutrition/meals/MEAL-137/cover.webp","/nutrition/meals/MEAL-137/cover-thumb.webp","ready","FILES_PRESENT","{""calorie_band_kcal"":""450_599"",""protein_band_g"":""40_plus"",""carb_band_g"":""moderate"",""fat_band_g"":""high"",""meal_type_required"":true,""max_calorie_delta_pct"":10,""max_protein_delta_g"":8,""exclude_allergens"":true}","gluten|tree_nuts|sesame","high_protein|high_fiber|omega_3","NOT_AVAILABLE","NO_EXPLICIT_TAG","NO_EXPLICIT_TAG","fat_loss|maintenance|muscle_gain","Nutrition Library V2. USDA FoodData Central. One serving. Identity is external_id.","USDA FoodData Central — SR Legacy (April 2018 release)"
"MEAL-138","وعاء سمك القد بالطماطم والبقدونس مع الشعير","Tomato-Parsley Cod Bowl with Barley","YES_DERIVED_FROM_PUBLISHED_READY","published","ready","dinner","MAIN_MEAL","OFFICIAL_MEAL_TYPE","NO_OFFICIAL","YES_OFFICIAL","NO_OFFICIAL","NO_OFFICIAL","NO_OFFICIAL","NO","NO","400","36","49","6.7","9.3","qa.derived_fiber_g","439","g","1","قد أطلسي مطهو بحرارة جافة / Pacific cod, cooked with dry heat: 154g; شعير لؤلؤي مطهو / Pearled barley, cooked: 135g; فلفل حلو أحمر طازج / Red bell pepper, raw: 39g; بروكلي مطهو / Broccoli, cooked: 74g; طحينة سمسم / Sesame butter, tahini: 9g; طماطم طازجة / Tomato, raw: 20g; بقدونس طازج / Fresh parsley: 8g","سخّن أو حضّر كمية سمك القد المحددة وفق حالتها المطهوة المدرجة. | سخّن المكونات المطهوة وحضّر المكونات الطازجة من الكميات المحددة من الشعير، الفلفل الأحمر، البروكلي، الطحينة، الطماطم، البقدونس مع الحفاظ على حالة كل مكوّن المسجلة. | رتّب الحصة كاملة في وعاء حجري عريض وضحل باستخدام سمك القد، الشعير، الفلفل الأحمر، البروكلي، الطحينة، الطماطم، البقدونس فقط ووزّع الصلصات والتوابل بخفة وتساوٍ.","Warm or prepare the measured Cod using its listed cooked form. | Warm cooked components and prepare fresh components from the measured Barley, Red Pepper, Broccoli, Tahini, Tomato, Parsley, keeping each food in its recorded state. | Arrange the complete serving in one wide shallow stoneware bowl using only Cod, Barley, Red Pepper, Broccoli, Tahini, Tomato, Parsley; distribute sauces and seasonings lightly and evenly.","/nutrition/meals/MEAL-138/cover.webp","/nutrition/meals/MEAL-138/cover-thumb.webp","ready","FILES_PRESENT","{""calorie_band_kcal"":""300_449"",""protein_band_g"":""30_39"",""carb_band_g"":""moderate"",""fat_band_g"":""low"",""meal_type_required"":true,""max_calorie_delta_pct"":10,""max_protein_delta_g"":8,""exclude_allergens"":true}","gluten|fish|sesame","pescatarian|high_protein|high_fiber","NOT_AVAILABLE","NO_EXPLICIT_TAG","NO_EXPLICIT_TAG","fat_loss|maintenance|muscle_gain","Nutrition Library V2. USDA FoodData Central. One serving. Identity is external_id.","USDA FoodData Central — SR Legacy (April 2018 release)"
"MEAL-139","وعاء جبن القريش بالليمون والأعشاب مع البطاطا الحلوة","Lemon-Herb Cottage Cheese Bowl with Sweet Potato","YES_DERIVED_FROM_PUBLISHED_READY","published","ready","dinner","MAIN_MEAL","OFFICIAL_MEAL_TYPE","NO_OFFICIAL","YES_OFFICIAL","NO_OFFICIAL","NO_OFFICIAL","NO_OFFICIAL","NO","NO","367","35","33.6","10.3","4.6","qa.derived_fiber_g","446","g","1","جبن قريش قليل الدسم 2٪ / Cottage cheese, lowfat, 2% milkfat: 311g; بطاطا حلوة مشوية / Baked sweet potato: 70g; فطر أبيض مطهو / White mushrooms, cooked: 20g; فلفل حلو أحمر طازج / Red bell pepper, raw: 20g; أفوكادو طازج / Avocado, raw: 20g; عصير ليمون طازج / Lemon juice, raw: 4g; بقدونس طازج / Fresh parsley: 1g","سخّن أو حضّر كمية جبن القريش المحددة وفق حالتها المطهوة المدرجة. | سخّن المكونات المطهوة وحضّر المكونات الطازجة من الكميات المحددة من البطاطا الحلوة، الفطر، الفلفل الأحمر، الأفوكادو، الليمون، البقدونس مع الحفاظ على حالة كل مكوّن المسجلة. | رتّب الحصة كاملة في وعاء حجري عريض وضحل باستخدام جبن القريش، البطاطا الحلوة، الفطر، الفلفل الأحمر، الأفوكادو، الليمون، البقدونس فقط ووزّع الصلصات والتوابل بخفة وتساوٍ.","Warm or prepare the measured Cottage Cheese using its listed cooked form. | Warm cooked components and prepare fresh components from the measured Sweet Potato, Mushrooms, Red Pepper, Avocado, Lemon, Parsley, keeping each food in its recorded state. | Arrange the complete serving in one wide shallow stoneware bowl using only Cottage Cheese, Sweet Potato, Mushrooms, Red Pepper, Avocado, Lemon, Parsley; distribute sauces and seasonings lightly and evenly.","/nutrition/meals/MEAL-139/cover.webp","/nutrition/meals/MEAL-139/cover-thumb.webp","ready","FILES_PRESENT","{""calorie_band_kcal"":""300_449"",""protein_band_g"":""30_39"",""carb_band_g"":""moderate"",""fat_band_g"":""moderate"",""meal_type_required"":true,""max_calorie_delta_pct"":10,""max_protein_delta_g"":8,""exclude_allergens"":true}","milk","vegetarian|pescatarian|gluten_free|high_protein","NOT_AVAILABLE","YES_EXPLICIT","NO_EXPLICIT_TAG","fat_loss|maintenance|muscle_gain","Nutrition Library V2. USDA FoodData Central. One serving. Identity is external_id.","USDA FoodData Central — SR Legacy (April 2018 release)"
"MEAL-140","وعاء الأرز الأبيض بالثوم والبابريكا مع الديك الرومي","Garlic-Paprika White Rice Bowl with Turkey","YES_DERIVED_FROM_PUBLISHED_READY","published","ready","dinner","MAIN_MEAL","OFFICIAL_MEAL_TYPE","NO_OFFICIAL","YES_OFFICIAL","NO_OFFICIAL","NO_OFFICIAL","NO_OFFICIAL","NO","NO","549","30","67.4","17.7","4.6","qa.derived_fiber_g","435","g","1","صدر ديك رومي مطهو ومشوي / Turkey breast, cooked, roasted: 70g; أرز أبيض مطهو / White rice, cooked: 210g; خس روماني طازج / Romaine lettuce, raw: 80g; سبانخ مطهوة / Spinach, cooked: 50g; زيت زيتون / Olive oil: 15g; ثوم طازج / Garlic, raw: 8g; بابريكا / Paprika: 2g","سخّن أو حضّر كمية الديك الرومي المحددة وفق حالتها المطهوة المدرجة. | سخّن المكونات المطهوة وحضّر المكونات الطازجة من الكميات المحددة من الأرز الأبيض، الخس الروماني، السبانخ، زيت الزيتون، الثوم، البابريكا مع الحفاظ على حالة كل مكوّن المسجلة. | رتّب الحصة كاملة في وعاء حجري عريض وضحل باستخدام الديك الرومي، الأرز الأبيض، الخس الروماني، السبانخ، زيت الزيتون، الثوم، البابريكا فقط ووزّع الصلصات والتوابل بخفة وتساوٍ.","Warm or prepare the measured Turkey using its listed cooked form. | Warm cooked components and prepare fresh components from the measured White Rice, Romaine, Spinach, Olive Oil, Garlic, Paprika, keeping each food in its recorded state. | Arrange the complete serving in one wide shallow stoneware bowl using only Turkey, White Rice, Romaine, Spinach, Olive Oil, Garlic, Paprika; distribute sauces and seasonings lightly and evenly.","/nutrition/meals/MEAL-140/cover.webp","/nutrition/meals/MEAL-140/cover-thumb.webp","ready","FILES_PRESENT","{""calorie_band_kcal"":""450_599"",""protein_band_g"":""30_39"",""carb_band_g"":""high"",""fat_band_g"":""moderate"",""meal_type_required"":true,""max_calorie_delta_pct"":10,""max_protein_delta_g"":8,""exclude_allergens"":true}","NOT_AVAILABLE","gluten_free","NOT_AVAILABLE","NO_EXPLICIT_TAG","NO_EXPLICIT_TAG","fat_loss|maintenance|muscle_gain","Nutrition Library V2. USDA FoodData Central. One serving. Identity is external_id.","USDA FoodData Central — SR Legacy (April 2018 release)"
"MEAL-141","طبق بياض البيض بالكمون والليمون الأخضر مع الكينوا","Cumin-Lime Egg White Plate with Quinoa","YES_DERIVED_FROM_PUBLISHED_READY","published","ready","dinner","MAIN_MEAL","OFFICIAL_MEAL_TYPE","NO_OFFICIAL","YES_OFFICIAL","NO_OFFICIAL","NO_OFFICIAL","NO_OFFICIAL","NO","NO","395","36.1","32.8","13.3","5.7","qa.derived_fiber_g","484","g","1","بياض بيض طازج / Egg white, raw, fresh: 237g; كينوا مطهوة / Quinoa, cooked: 103g; سبانخ مطهوة / Spinach, cooked: 40g; كوسا مطهوة / Zucchini, cooked: 75g; طحينة سمسم / Sesame butter, tahini: 19g; كمون / Cumin seed: 2g; عصير ليمون أخضر طازج / Lime juice, raw: 8g","اطهُ بياض البيض في مقلاة غير لاصقة حتى يصبح معتمًا تمامًا وتصل الحرارة الداخلية إلى 74°م (165°ف). | سخّن المكونات المطهوة وحضّر المكونات الطازجة من الكميات المحددة من الكينوا، السبانخ، الكوسا، الطحينة، الكمون، الليمون الأخضر مع الحفاظ على حالة كل مكوّن المسجلة. | رتّب الحصة كاملة في طبق خزفي مسطح ومحايد باستخدام بياض البيض، الكينوا، السبانخ، الكوسا، الطحينة، الكمون، الليمون الأخضر فقط ووزّع الصلصات والتوابل بخفة وتساوٍ.","Cook the Egg White in a nonstick pan until fully opaque and the center reaches 74°C (165°F). | Warm cooked components and prepare fresh components from the measured Quinoa, Spinach, Zucchini, Tahini, Cumin, Lime, keeping each food in its recorded state. | Arrange the complete serving in one flat neutral ceramic dinner plate using only Egg White, Quinoa, Spinach, Zucchini, Tahini, Cumin, Lime; distribute sauces and seasonings lightly and evenly.","/nutrition/meals/MEAL-141/cover.webp","/nutrition/meals/MEAL-141/cover-thumb.webp","ready","FILES_PRESENT","{""calorie_band_kcal"":""300_449"",""protein_band_g"":""30_39"",""carb_band_g"":""moderate"",""fat_band_g"":""moderate"",""meal_type_required"":true,""max_calorie_delta_pct"":10,""max_protein_delta_g"":8,""exclude_allergens"":true}","egg|sesame","vegetarian|pescatarian|gluten_free|high_protein","NOT_AVAILABLE","YES_EXPLICIT","NO_EXPLICIT_TAG","fat_loss|maintenance|muscle_gain","Nutrition Library V2. USDA FoodData Central. One serving. Identity is external_id.","USDA FoodData Central — SR Legacy (April 2018 release)"
"MEAL-142","وعاء الكسكس بالزنجبيل والصويا مع التونة","Ginger-Soy Couscous Bowl with Tuna","YES_DERIVED_FROM_PUBLISHED_READY","published","ready","dinner","MAIN_MEAL","OFFICIAL_MEAL_TYPE","NO_OFFICIAL","YES_OFFICIAL","NO_OFFICIAL","NO_OFFICIAL","NO_OFFICIAL","NO","NO","721","30.3","79.1","31.5","7.9","qa.derived_fiber_g","585","g","1","تونة خفيفة معلبة بالماء ومصفاة / Light tuna, canned in water, drained: 68g; كسكس مطهو / Couscous, cooked: 260g; فلفل حلو أحمر طازج / Red bell pepper, raw: 113g; بصل طازج / Onion, raw: 96g; زيت زيتون / Olive oil: 30g; زنجبيل طازج / Ginger root, raw: 9g; صلصة صويا قليلة الصوديوم / Reduced-sodium soy sauce: 9g","سخّن أو حضّر كمية التونة المحددة وفق حالتها المطهوة المدرجة. | سخّن المكونات المطهوة وحضّر المكونات الطازجة من الكميات المحددة من الكسكس، الفلفل الأحمر، البصل، زيت الزيتون، الزنجبيل، صلصة الصويا مع الحفاظ على حالة كل مكوّن المسجلة. | رتّب الحصة كاملة في وعاء حجري عريض وضحل باستخدام التونة، الكسكس، الفلفل الأحمر، البصل، زيت الزيتون، الزنجبيل، صلصة الصويا فقط ووزّع الصلصات والتوابل بخفة وتساوٍ.","Warm or prepare the measured Tuna using its listed cooked form. | Warm cooked components and prepare fresh components from the measured Couscous, Red Pepper, Onion, Olive Oil, Ginger, Soy Sauce, keeping each food in its recorded state. | Arrange the complete serving in one wide shallow stoneware bowl using only Tuna, Couscous, Red Pepper, Onion, Olive Oil, Ginger, Soy Sauce; distribute sauces and seasonings lightly and evenly.","/nutrition/meals/MEAL-142/cover.webp","/nutrition/meals/MEAL-142/cover-thumb.webp","ready","FILES_PRESENT","{""calorie_band_kcal"":""600_plus"",""protein_band_g"":""30_39"",""carb_band_g"":""high"",""fat_band_g"":""high"",""meal_type_required"":true,""max_calorie_delta_pct"":10,""max_protein_delta_g"":8,""exclude_allergens"":true}","gluten|fish|soy","pescatarian|high_fiber|omega_3","NOT_AVAILABLE","NO_EXPLICIT_TAG","NO_EXPLICIT_TAG","fat_loss|maintenance|muscle_gain","Nutrition Library V2. USDA FoodData Central. One serving. Identity is external_id.","USDA FoodData Central — SR Legacy (April 2018 release)"
"MEAL-143","وعاء الإدامامي بالطحينة والليمون مع الشعير","Tahini-Lemon Edamame Bowl with Barley","YES_DERIVED_FROM_PUBLISHED_READY","published","ready","dinner","MAIN_MEAL","OFFICIAL_MEAL_TYPE","NO_OFFICIAL","YES_OFFICIAL","NO_OFFICIAL","NO_OFFICIAL","NO_OFFICIAL","NO","NO","749","42","68.4","34.2","19","qa.derived_fiber_g","536","g","1","فول صويا أخضر مطهو / Green soybeans, cooked: 287g; شعير لؤلؤي مطهو / Pearled barley, cooked: 93g; فطر أبيض مطهو / White mushrooms, cooked: 79g; فلفل حلو أحمر طازج / Red bell pepper, raw: 48g; زيت زيتون / Olive oil: 8g; طحينة سمسم / Sesame butter, tahini: 13g; عصير ليمون طازج / Lemon juice, raw: 8g","سخّن أو حضّر كمية الإدامامي المحددة وفق حالتها المطهوة المدرجة. | سخّن المكونات المطهوة وحضّر المكونات الطازجة من الكميات المحددة من الشعير، الفطر، الفلفل الأحمر، زيت الزيتون، الطحينة، الليمون مع الحفاظ على حالة كل مكوّن المسجلة. | رتّب الحصة كاملة في وعاء حجري عريض وضحل باستخدام الإدامامي، الشعير، الفطر، الفلفل الأحمر، زيت الزيتون، الطحينة، الليمون فقط ووزّع الصلصات والتوابل بخفة وتساوٍ.","Warm or prepare the measured Edamame using its listed cooked form. | Warm cooked components and prepare fresh components from the measured Barley, Mushrooms, Red Pepper, Olive Oil, Tahini, Lemon, keeping each food in its recorded state. | Arrange the complete serving in one wide shallow stoneware bowl using only Edamame, Barley, Mushrooms, Red Pepper, Olive Oil, Tahini, Lemon; distribute sauces and seasonings lightly and evenly.","/nutrition/meals/MEAL-143/cover.webp","/nutrition/meals/MEAL-143/cover-thumb.webp","ready","FILES_PRESENT","{""calorie_band_kcal"":""600_plus"",""protein_band_g"":""40_plus"",""carb_band_g"":""high"",""fat_band_g"":""high"",""meal_type_required"":true,""max_calorie_delta_pct"":10,""max_protein_delta_g"":8,""exclude_allergens"":true}","gluten|sesame|soy","vegetarian|vegan|pescatarian|high_protein|high_fiber","NOT_AVAILABLE","YES_EXPLICIT","YES_EXPLICIT","fat_loss|maintenance|muscle_gain","Nutrition Library V2. USDA FoodData Central. One serving. Identity is external_id.","USDA FoodData Central — SR Legacy (April 2018 release)"
"MEAL-144","وعاء جبن القريش بالطماطم والبقدونس مع البطاطا الحلوة","Tomato-Parsley Cottage Cheese Bowl with Sweet Potato","YES_DERIVED_FROM_PUBLISHED_READY","published","ready","dinner","MAIN_MEAL","OFFICIAL_MEAL_TYPE","NO_OFFICIAL","YES_OFFICIAL","NO_OFFICIAL","NO_OFFICIAL","NO_OFFICIAL","NO","NO","395","36","38.9","10.6","6.5","qa.derived_fiber_g","522","g","1","جبن قريش قليل الدسم 2٪ / Cottage cheese, lowfat, 2% milkfat: 314g; بطاطا حلوة مشوية / Baked sweet potato: 70g; خس روماني طازج / Romaine lettuce, raw: 34g; جزر طازج / Carrot, raw: 55g; أفوكادو طازج / Avocado, raw: 21g; طماطم طازجة / Tomato, raw: 20g; بقدونس طازج / Fresh parsley: 8g","سخّن أو حضّر كمية جبن القريش المحددة وفق حالتها المطهوة المدرجة. | سخّن المكونات المطهوة وحضّر المكونات الطازجة من الكميات المحددة من البطاطا الحلوة، الخس الروماني، الجزر، الأفوكادو، الطماطم، البقدونس مع الحفاظ على حالة كل مكوّن المسجلة. | رتّب الحصة كاملة في وعاء حجري عريض وضحل باستخدام جبن القريش، البطاطا الحلوة، الخس الروماني، الجزر، الأفوكادو، الطماطم، البقدونس فقط ووزّع الصلصات والتوابل بخفة وتساوٍ.","Warm or prepare the measured Cottage Cheese using its listed cooked form. | Warm cooked components and prepare fresh components from the measured Sweet Potato, Romaine, Carrot, Avocado, Tomato, Parsley, keeping each food in its recorded state. | Arrange the complete serving in one wide shallow stoneware bowl using only Cottage Cheese, Sweet Potato, Romaine, Carrot, Avocado, Tomato, Parsley; distribute sauces and seasonings lightly and evenly.","/nutrition/meals/MEAL-144/cover.webp","/nutrition/meals/MEAL-144/cover-thumb.webp","ready","FILES_PRESENT","{""calorie_band_kcal"":""300_449"",""protein_band_g"":""30_39"",""carb_band_g"":""moderate"",""fat_band_g"":""moderate"",""meal_type_required"":true,""max_calorie_delta_pct"":10,""max_protein_delta_g"":8,""exclude_allergens"":true}","milk","vegetarian|pescatarian|gluten_free|high_protein|high_fiber","NOT_AVAILABLE","YES_EXPLICIT","NO_EXPLICIT_TAG","fat_loss|maintenance|muscle_gain","Nutrition Library V2. USDA FoodData Central. One serving. Identity is external_id.","USDA FoodData Central — SR Legacy (April 2018 release)"
"MEAL-145","طبق الأرز الأبيض بالطماطم والبقدونس مع الدجاج","Tomato-Parsley White Rice Plate with Chicken","YES_DERIVED_FROM_PUBLISHED_READY","published","ready","dinner","MAIN_MEAL","OFFICIAL_MEAL_TYPE","NO_OFFICIAL","YES_OFFICIAL","NO_OFFICIAL","NO_OFFICIAL","NO_OFFICIAL","NO","NO","715","39.9","85.7","23.6","6.1","qa.derived_fiber_g","590","g","1","صدر دجاج مطهو ومشوي / Chicken breast, cooked, roasted: 94g; أرز أبيض مطهو / White rice, cooked: 258g; سبانخ مطهوة / Spinach, cooked: 82g; جزر طازج / Carrot, raw: 78g; زيت زيتون / Olive oil: 19g; طماطم طازجة / Tomato, raw: 51g; بقدونس طازج / Fresh parsley: 8g","سخّن أو حضّر كمية الدجاج المحددة وفق حالتها المطهوة المدرجة. | سخّن المكونات المطهوة وحضّر المكونات الطازجة من الكميات المحددة من الأرز الأبيض، السبانخ، الجزر، زيت الزيتون، الطماطم، البقدونس مع الحفاظ على حالة كل مكوّن المسجلة. | رتّب الحصة كاملة في طبق خزفي مسطح ومحايد باستخدام الدجاج، الأرز الأبيض، السبانخ، الجزر، زيت الزيتون، الطماطم، البقدونس فقط ووزّع الصلصات والتوابل بخفة وتساوٍ.","Warm or prepare the measured Chicken using its listed cooked form. | Warm cooked components and prepare fresh components from the measured White Rice, Spinach, Carrot, Olive Oil, Tomato, Parsley, keeping each food in its recorded state. | Arrange the complete serving in one flat neutral ceramic dinner plate using only Chicken, White Rice, Spinach, Carrot, Olive Oil, Tomato, Parsley; distribute sauces and seasonings lightly and evenly.","/nutrition/meals/MEAL-145/cover.webp","/nutrition/meals/MEAL-145/cover-thumb.webp","ready","FILES_PRESENT","{""calorie_band_kcal"":""600_plus"",""protein_band_g"":""30_39"",""carb_band_g"":""high"",""fat_band_g"":""high"",""meal_type_required"":true,""max_calorie_delta_pct"":10,""max_protein_delta_g"":8,""exclude_allergens"":true}","NOT_AVAILABLE","gluten_free|high_protein|high_fiber","NOT_AVAILABLE","NO_EXPLICIT_TAG","NO_EXPLICIT_TAG","fat_loss|maintenance|muscle_gain","Nutrition Library V2. USDA FoodData Central. One serving. Identity is external_id.","USDA FoodData Central — SR Legacy (April 2018 release)"
"MEAL-146","وعاء التمبيه بالثوم والبابريكا مع الكسكس","Garlic-Paprika Tempeh Bowl with Couscous","YES_DERIVED_FROM_PUBLISHED_READY","published","ready","dinner","MAIN_MEAL","OFFICIAL_MEAL_TYPE","NO_OFFICIAL","YES_OFFICIAL","NO_OFFICIAL","NO_OFFICIAL","NO_OFFICIAL","NO","NO","553","42","42.2","24","4.9","qa.derived_fiber_g","395","g","1","تمبيه مطهو / Tempeh, cooked: 180g; كسكس مطهو / Couscous, cooked: 70g; فلفل حلو أحمر طازج / Red bell pepper, raw: 80g; فطر أبيض مطهو / White mushrooms, cooked: 50g; طحينة سمسم / Sesame butter, tahini: 5g; ثوم طازج / Garlic, raw: 8g; بابريكا / Paprika: 2g","سخّن أو حضّر كمية التمبيه المحددة وفق حالتها المطهوة المدرجة. | سخّن المكونات المطهوة وحضّر المكونات الطازجة من الكميات المحددة من الكسكس، الفلفل الأحمر، الفطر، الطحينة، الثوم، البابريكا مع الحفاظ على حالة كل مكوّن المسجلة. | رتّب الحصة كاملة في وعاء حجري عريض وضحل باستخدام التمبيه، الكسكس، الفلفل الأحمر، الفطر، الطحينة، الثوم، البابريكا فقط ووزّع الصلصات والتوابل بخفة وتساوٍ.","Warm or prepare the measured Tempeh using its listed cooked form. | Warm cooked components and prepare fresh components from the measured Couscous, Red Pepper, Mushrooms, Tahini, Garlic, Paprika, keeping each food in its recorded state. | Arrange the complete serving in one wide shallow stoneware bowl using only Tempeh, Couscous, Red Pepper, Mushrooms, Tahini, Garlic, Paprika; distribute sauces and seasonings lightly and evenly.","/nutrition/meals/MEAL-146/cover.webp","/nutrition/meals/MEAL-146/cover-thumb.webp","ready","FILES_PRESENT","{""calorie_band_kcal"":""450_599"",""protein_band_g"":""40_plus"",""carb_band_g"":""moderate"",""fat_band_g"":""high"",""meal_type_required"":true,""max_calorie_delta_pct"":10,""max_protein_delta_g"":8,""exclude_allergens"":true}","gluten|sesame|soy","vegetarian|vegan|pescatarian|high_protein","NOT_AVAILABLE","YES_EXPLICIT","YES_EXPLICIT","fat_loss|maintenance|muscle_gain","Nutrition Library V2. USDA FoodData Central. One serving. Identity is external_id.","USDA FoodData Central — SR Legacy (April 2018 release)"
"MEAL-147","طبق البرغل بالكمون والليمون الأخضر مع الدجاج","Cumin-Lime Bulgur Plate with Chicken","YES_DERIVED_FROM_PUBLISHED_READY","published","ready","dinner","MAIN_MEAL","OFFICIAL_MEAL_TYPE","NO_OFFICIAL","YES_OFFICIAL","NO_OFFICIAL","NO_OFFICIAL","NO_OFFICIAL","NO","NO","582","30","39.1","33.9","10.9","qa.derived_fiber_g","400","g","1","صدر دجاج مطهو ومشوي / Chicken breast, cooked, roasted: 70g; برغل مطهو / Bulgur, cooked: 160g; فطر أبيض مطهو / White mushrooms, cooked: 80g; بروكلي مطهو / Broccoli, cooked: 50g; زيت زيتون / Olive oil: 30g; كمون / Cumin seed: 2g; عصير ليمون أخضر طازج / Lime juice, raw: 8g","سخّن أو حضّر كمية الدجاج المحددة وفق حالتها المطهوة المدرجة. | سخّن المكونات المطهوة وحضّر المكونات الطازجة من الكميات المحددة من البرغل، الفطر، البروكلي، زيت الزيتون، الكمون، الليمون الأخضر مع الحفاظ على حالة كل مكوّن المسجلة. | رتّب الحصة كاملة في طبق خزفي مسطح ومحايد باستخدام الدجاج، البرغل، الفطر، البروكلي، زيت الزيتون، الكمون، الليمون الأخضر فقط ووزّع الصلصات والتوابل بخفة وتساوٍ.","Warm or prepare the measured Chicken using its listed cooked form. | Warm cooked components and prepare fresh components from the measured Bulgur, Mushrooms, Broccoli, Olive Oil, Cumin, Lime, keeping each food in its recorded state. | Arrange the complete serving in one flat neutral ceramic dinner plate using only Chicken, Bulgur, Mushrooms, Broccoli, Olive Oil, Cumin, Lime; distribute sauces and seasonings lightly and evenly.","/nutrition/meals/MEAL-147/cover.webp","/nutrition/meals/MEAL-147/cover-thumb.webp","ready","FILES_PRESENT","{""calorie_band_kcal"":""450_599"",""protein_band_g"":""30_39"",""carb_band_g"":""moderate"",""fat_band_g"":""high"",""meal_type_required"":true,""max_calorie_delta_pct"":10,""max_protein_delta_g"":8,""exclude_allergens"":true}","gluten","high_fiber","NOT_AVAILABLE","NO_EXPLICIT_TAG","NO_EXPLICIT_TAG","fat_loss|maintenance|muscle_gain","Nutrition Library V2. USDA FoodData Central. One serving. Identity is external_id.","USDA FoodData Central — SR Legacy (April 2018 release)"
"MEAL-148","وعاء البطاطا الحلوة بالزنجبيل والصويا مع اللحم البقري المفروم","Ginger-Soy Sweet Potato Bowl with Ground Beef","YES_DERIVED_FROM_PUBLISHED_READY","published","ready","dinner","MAIN_MEAL","OFFICIAL_MEAL_TYPE","NO_OFFICIAL","YES_OFFICIAL","NO_OFFICIAL","NO_OFFICIAL","NO_OFFICIAL","NO","NO","714","20.3","78.1","35.6","15.5","qa.derived_fiber_g","618","g","1","لحم بقري مفروم 90٪ قليل الدهن ومطهو / Ground beef, 90% lean, cooked: 40g; بطاطا حلوة مشوية / Baked sweet potato: 280g; خس روماني طازج / Romaine lettuce, raw: 113g; جزر طازج / Carrot, raw: 130g; زيت زيتون / Olive oil: 30g; زنجبيل طازج / Ginger root, raw: 10g; صلصة صويا قليلة الصوديوم / Reduced-sodium soy sauce: 15g","سخّن أو حضّر كمية اللحم البقري المفروم المحددة وفق حالتها المطهوة المدرجة. | سخّن المكونات المطهوة وحضّر المكونات الطازجة من الكميات المحددة من البطاطا الحلوة، الخس الروماني، الجزر، زيت الزيتون، الزنجبيل، صلصة الصويا مع الحفاظ على حالة كل مكوّن المسجلة. | رتّب الحصة كاملة في وعاء حجري عريض وضحل باستخدام اللحم البقري المفروم، البطاطا الحلوة، الخس الروماني، الجزر، زيت الزيتون، الزنجبيل، صلصة الصويا فقط ووزّع الصلصات والتوابل بخفة وتساوٍ.","Warm or prepare the measured Ground Beef using its listed cooked form. | Warm cooked components and prepare fresh components from the measured Sweet Potato, Romaine, Carrot, Olive Oil, Ginger, Soy Sauce, keeping each food in its recorded state. | Arrange the complete serving in one wide shallow stoneware bowl using only Ground Beef, Sweet Potato, Romaine, Carrot, Olive Oil, Ginger, Soy Sauce; distribute sauces and seasonings lightly and evenly.","/nutrition/meals/MEAL-148/cover.webp","/nutrition/meals/MEAL-148/cover-thumb.webp","ready","FILES_PRESENT","{""calorie_band_kcal"":""600_plus"",""protein_band_g"":""20_29"",""carb_band_g"":""high"",""fat_band_g"":""high"",""meal_type_required"":true,""max_calorie_delta_pct"":10,""max_protein_delta_g"":8,""exclude_allergens"":true}","soy","high_fiber","NOT_AVAILABLE","NO_EXPLICIT_TAG","NO_EXPLICIT_TAG","fat_loss|maintenance|muscle_gain","Nutrition Library V2. USDA FoodData Central. One serving. Identity is external_id.","USDA FoodData Central — SR Legacy (April 2018 release)"
"MEAL-149","طبق الأرز الأبيض بالطحينة والليمون مع اللحم البقري المفروم","Tahini-Lemon White Rice Plate with Ground Beef","YES_DERIVED_FROM_PUBLISHED_READY","published","ready","dinner","MAIN_MEAL","OFFICIAL_MEAL_TYPE","NO_OFFICIAL","YES_OFFICIAL","NO_OFFICIAL","NO_OFFICIAL","NO_OFFICIAL","NO","NO","549","30.1","54.6","23.4","4","qa.derived_fiber_g","405","g","1","لحم بقري مفروم 90٪ قليل الدهن ومطهو / Ground beef, 90% lean, cooked: 80g; أرز أبيض مطهو / White rice, cooked: 170g; سبانخ مطهوة / Spinach, cooked: 80g; خس روماني طازج / Romaine lettuce, raw: 50g; زيت زيتون / Olive oil: 10g; طحينة سمسم / Sesame butter, tahini: 7g; عصير ليمون طازج / Lemon juice, raw: 8g","سخّن أو حضّر كمية اللحم البقري المفروم المحددة وفق حالتها المطهوة المدرجة. | سخّن المكونات المطهوة وحضّر المكونات الطازجة من الكميات المحددة من الأرز الأبيض، السبانخ، الخس الروماني، زيت الزيتون، الطحينة، الليمون مع الحفاظ على حالة كل مكوّن المسجلة. | رتّب الحصة كاملة في طبق خزفي مسطح ومحايد باستخدام اللحم البقري المفروم، الأرز الأبيض، السبانخ، الخس الروماني، زيت الزيتون، الطحينة، الليمون فقط ووزّع الصلصات والتوابل بخفة وتساوٍ.","Warm or prepare the measured Ground Beef using its listed cooked form. | Warm cooked components and prepare fresh components from the measured White Rice, Spinach, Romaine, Olive Oil, Tahini, Lemon, keeping each food in its recorded state. | Arrange the complete serving in one flat neutral ceramic dinner plate using only Ground Beef, White Rice, Spinach, Romaine, Olive Oil, Tahini, Lemon; distribute sauces and seasonings lightly and evenly.","/nutrition/meals/MEAL-149/cover.webp","/nutrition/meals/MEAL-149/cover-thumb.webp","ready","FILES_PRESENT","{""calorie_band_kcal"":""450_599"",""protein_band_g"":""30_39"",""carb_band_g"":""high"",""fat_band_g"":""high"",""meal_type_required"":true,""max_calorie_delta_pct"":10,""max_protein_delta_g"":8,""exclude_allergens"":true}","sesame","gluten_free","NOT_AVAILABLE","NO_EXPLICIT_TAG","NO_EXPLICIT_TAG","fat_loss|maintenance|muscle_gain","Nutrition Library V2. USDA FoodData Central. One serving. Identity is external_id.","USDA FoodData Central — SR Legacy (April 2018 release)"
"MEAL-150","وعاء الكينوا بالطماطم والبقدونس مع الديك الرومي","Tomato-Parsley Quinoa Bowl with Turkey","YES_DERIVED_FROM_PUBLISHED_READY","published","ready","dinner","MAIN_MEAL","OFFICIAL_MEAL_TYPE","NO_OFFICIAL","YES_OFFICIAL","NO_OFFICIAL","NO_OFFICIAL","NO_OFFICIAL","NO","NO","778","44.2","65.8","37.6","10.4","qa.derived_fiber_g","602","g","1","صدر ديك رومي مطهو ومشوي / Turkey breast, cooked, roasted: 102g; كينوا مطهوة / Quinoa, cooked: 260g; فلفل حلو أحمر طازج / Red bell pepper, raw: 103g; خيار طازج بالقشر / Cucumber with peel, raw: 64g; زيت زيتون / Olive oil: 30g; طماطم طازجة / Tomato, raw: 35g; بقدونس طازج / Fresh parsley: 8g","سخّن أو حضّر كمية الديك الرومي المحددة وفق حالتها المطهوة المدرجة. | سخّن المكونات المطهوة وحضّر المكونات الطازجة من الكميات المحددة من الكينوا، الفلفل الأحمر، الخيار، زيت الزيتون، الطماطم، البقدونس مع الحفاظ على حالة كل مكوّن المسجلة. | رتّب الحصة كاملة في وعاء حجري عريض وضحل باستخدام الديك الرومي، الكينوا، الفلفل الأحمر، الخيار، زيت الزيتون، الطماطم، البقدونس فقط ووزّع الصلصات والتوابل بخفة وتساوٍ.","Warm or prepare the measured Turkey using its listed cooked form. | Warm cooked components and prepare fresh components from the measured Quinoa, Red Pepper, Cucumber, Olive Oil, Tomato, Parsley, keeping each food in its recorded state. | Arrange the complete serving in one wide shallow stoneware bowl using only Turkey, Quinoa, Red Pepper, Cucumber, Olive Oil, Tomato, Parsley; distribute sauces and seasonings lightly and evenly.","/nutrition/meals/MEAL-150/cover.webp","/nutrition/meals/MEAL-150/cover-thumb.webp","ready","FILES_PRESENT","{""calorie_band_kcal"":""600_plus"",""protein_band_g"":""40_plus"",""carb_band_g"":""high"",""fat_band_g"":""high"",""meal_type_required"":true,""max_calorie_delta_pct"":10,""max_protein_delta_g"":8,""exclude_allergens"":true}","NOT_AVAILABLE","gluten_free|high_protein|high_fiber","NOT_AVAILABLE","NO_EXPLICIT_TAG","NO_EXPLICIT_TAG","fat_loss|maintenance|muscle_gain","Nutrition Library V2. USDA FoodData Central. One serving. Identity is external_id.","USDA FoodData Central — SR Legacy (April 2018 release)"
"MEAL-151","طبق الدجاج بالليمون والأعشاب مع الكسكس","Lemon-Herb Chicken Plate with Couscous","YES_DERIVED_FROM_PUBLISHED_READY","published","ready","dinner","MAIN_MEAL","OFFICIAL_MEAL_TYPE","NO_OFFICIAL","YES_OFFICIAL","NO_OFFICIAL","NO_OFFICIAL","NO_OFFICIAL","NO","NO","354","15.2","12.9","26.9","1.8","qa.derived_fiber_g","195","g","1","صدر دجاج مطهو ومشوي / Chicken breast, cooked, roasted: 40g; كسكس مطهو / Couscous, cooked: 40g; فطر أبيض مطهو / White mushrooms, cooked: 20g; كوسا مطهوة / Zucchini, cooked: 54g; زيت زيتون / Olive oil: 25g; عصير ليمون طازج / Lemon juice, raw: 8g; بقدونس طازج / Fresh parsley: 8g","سخّن أو حضّر كمية الدجاج المحددة وفق حالتها المطهوة المدرجة. | سخّن المكونات المطهوة وحضّر المكونات الطازجة من الكميات المحددة من الكسكس، الفطر، الكوسا، زيت الزيتون، الليمون، البقدونس مع الحفاظ على حالة كل مكوّن المسجلة. | رتّب الحصة كاملة في طبق خزفي مسطح ومحايد باستخدام الدجاج، الكسكس، الفطر، الكوسا، زيت الزيتون، الليمون، البقدونس فقط ووزّع الصلصات والتوابل بخفة وتساوٍ.","Warm or prepare the measured Chicken using its listed cooked form. | Warm cooked components and prepare fresh components from the measured Couscous, Mushrooms, Zucchini, Olive Oil, Lemon, Parsley, keeping each food in its recorded state. | Arrange the complete serving in one flat neutral ceramic dinner plate using only Chicken, Couscous, Mushrooms, Zucchini, Olive Oil, Lemon, Parsley; distribute sauces and seasonings lightly and evenly.","/nutrition/meals/MEAL-151/cover.webp","/nutrition/meals/MEAL-151/cover-thumb.webp","ready","FILES_PRESENT","{""calorie_band_kcal"":""300_449"",""protein_band_g"":""under_20"",""carb_band_g"":""low"",""fat_band_g"":""high"",""meal_type_required"":true,""max_calorie_delta_pct"":10,""max_protein_delta_g"":8,""exclude_allergens"":true}","gluten","NOT_AVAILABLE","NOT_AVAILABLE","NO_EXPLICIT_TAG","NO_EXPLICIT_TAG","fat_loss|maintenance","Nutrition Library V2. USDA FoodData Central. One serving. Identity is external_id.","USDA FoodData Central — SR Legacy (April 2018 release)"
"MEAL-152","وعاء جبن القريش بالثوم والبابريكا مع الشعير","Garlic-Paprika Cottage Cheese Bowl with Barley","YES_DERIVED_FROM_PUBLISHED_READY","published","ready","dinner","MAIN_MEAL","OFFICIAL_MEAL_TYPE","NO_OFFICIAL","YES_OFFICIAL","NO_OFFICIAL","NO_OFFICIAL","NO_OFFICIAL","NO","NO","550","42","40.7","24.4","6.9","qa.derived_fiber_g","504","g","1","جبن قريش قليل الدسم 2٪ / Cottage cheese, lowfat, 2% milkfat: 292g; شعير لؤلؤي مطهو / Pearled barley, cooked: 40g; خس روماني طازج / Romaine lettuce, raw: 79g; سبانخ مطهوة / Spinach, cooked: 50g; زبدة فول سوداني ناعمة / Smooth peanut butter: 33g; ثوم طازج / Garlic, raw: 8g; بابريكا / Paprika: 2g","سخّن أو حضّر كمية جبن القريش المحددة وفق حالتها المطهوة المدرجة. | سخّن المكونات المطهوة وحضّر المكونات الطازجة من الكميات المحددة من الشعير، الخس الروماني، السبانخ، زبدة الفول السوداني، الثوم، البابريكا مع الحفاظ على حالة كل مكوّن المسجلة. | رتّب الحصة كاملة في وعاء حجري عريض وضحل باستخدام جبن القريش، الشعير، الخس الروماني، السبانخ، زبدة الفول السوداني، الثوم، البابريكا فقط ووزّع الصلصات والتوابل بخفة وتساوٍ.","Warm or prepare the measured Cottage Cheese using its listed cooked form. | Warm cooked components and prepare fresh components from the measured Barley, Romaine, Spinach, Peanut Butter, Garlic, Paprika, keeping each food in its recorded state. | Arrange the complete serving in one wide shallow stoneware bowl using only Cottage Cheese, Barley, Romaine, Spinach, Peanut Butter, Garlic, Paprika; distribute sauces and seasonings lightly and evenly.","/nutrition/meals/MEAL-152/cover.webp","/nutrition/meals/MEAL-152/cover-thumb.webp","ready","FILES_PRESENT","{""calorie_band_kcal"":""450_599"",""protein_band_g"":""40_plus"",""carb_band_g"":""moderate"",""fat_band_g"":""high"",""meal_type_required"":true,""max_calorie_delta_pct"":10,""max_protein_delta_g"":8,""exclude_allergens"":true}","milk|gluten|peanuts","vegetarian|pescatarian|high_protein|high_fiber","NOT_AVAILABLE","YES_EXPLICIT","NO_EXPLICIT_TAG","fat_loss|maintenance|muscle_gain","Nutrition Library V2. USDA FoodData Central. One serving. Identity is external_id.","USDA FoodData Central — SR Legacy (April 2018 release)"
"MEAL-153","طبق الدجاج بالكمون والليمون الأخضر مع البطاطا الحلوة","Cumin-Lime Chicken Plate with Sweet Potato","YES_DERIVED_FROM_PUBLISHED_READY","published","ready","dinner","MAIN_MEAL","OFFICIAL_MEAL_TYPE","NO_OFFICIAL","YES_OFFICIAL","NO_OFFICIAL","NO_OFFICIAL","NO_OFFICIAL","NO","NO","394","36","30.4","14.3","9.1","qa.derived_fiber_g","383","g","1","صدر دجاج مطهو ومشوي / Chicken breast, cooked, roasted: 99g; بطاطا حلوة مشوية / Baked sweet potato: 91g; سبانخ مطهوة / Spinach, cooked: 40g; خيار طازج بالقشر / Cucumber with peel, raw: 75g; أفوكادو طازج / Avocado, raw: 68g; كمون / Cumin seed: 2g; عصير ليمون أخضر طازج / Lime juice, raw: 8g","سخّن أو حضّر كمية الدجاج المحددة وفق حالتها المطهوة المدرجة. | سخّن المكونات المطهوة وحضّر المكونات الطازجة من الكميات المحددة من البطاطا الحلوة، السبانخ، الخيار، الأفوكادو، الكمون، الليمون الأخضر مع الحفاظ على حالة كل مكوّن المسجلة. | رتّب الحصة كاملة في طبق خزفي مسطح ومحايد باستخدام الدجاج، البطاطا الحلوة، السبانخ، الخيار، الأفوكادو، الكمون، الليمون الأخضر فقط ووزّع الصلصات والتوابل بخفة وتساوٍ.","Warm or prepare the measured Chicken using its listed cooked form. | Warm cooked components and prepare fresh components from the measured Sweet Potato, Spinach, Cucumber, Avocado, Cumin, Lime, keeping each food in its recorded state. | Arrange the complete serving in one flat neutral ceramic dinner plate using only Chicken, Sweet Potato, Spinach, Cucumber, Avocado, Cumin, Lime; distribute sauces and seasonings lightly and evenly.","/nutrition/meals/MEAL-153/cover.webp","/nutrition/meals/MEAL-153/cover-thumb.webp","ready","FILES_PRESENT","{""calorie_band_kcal"":""300_449"",""protein_band_g"":""30_39"",""carb_band_g"":""moderate"",""fat_band_g"":""moderate"",""meal_type_required"":true,""max_calorie_delta_pct"":10,""max_protein_delta_g"":8,""exclude_allergens"":true}","NOT_AVAILABLE","gluten_free|high_protein|high_fiber","NOT_AVAILABLE","NO_EXPLICIT_TAG","NO_EXPLICIT_TAG","fat_loss|maintenance|muscle_gain","Nutrition Library V2. USDA FoodData Central. One serving. Identity is external_id.","USDA FoodData Central — SR Legacy (April 2018 release)"
"MEAL-154","وعاء الأرز الأبيض بالزنجبيل والصويا مع اللحم البقري","Ginger-Soy White Rice Bowl with Beef","YES_DERIVED_FROM_PUBLISHED_READY","published","ready","dinner","MAIN_MEAL","OFFICIAL_MEAL_TYPE","NO_OFFICIAL","YES_OFFICIAL","NO_OFFICIAL","NO_OFFICIAL","NO_OFFICIAL","NO","NO","521","29.8","72.7","12.3","6.9","qa.derived_fiber_g","466","g","1","لحم بقري من السيرلوين قليل الدهن ومشوي / Beef top sirloin, lean, cooked, grilled: 70g; أرز أبيض مطهو / White rice, cooked: 200g; فلفل حلو أحمر طازج / Red bell pepper, raw: 80g; بصل طازج / Onion, raw: 50g; أفوكادو طازج / Avocado, raw: 50g; زنجبيل طازج / Ginger root, raw: 8g; صلصة صويا قليلة الصوديوم / Reduced-sodium soy sauce: 8g","سخّن أو حضّر كمية اللحم البقري المحددة وفق حالتها المطهوة المدرجة. | سخّن المكونات المطهوة وحضّر المكونات الطازجة من الكميات المحددة من الأرز الأبيض، الفلفل الأحمر، البصل، الأفوكادو، الزنجبيل، صلصة الصويا مع الحفاظ على حالة كل مكوّن المسجلة. | رتّب الحصة كاملة في وعاء حجري عريض وضحل باستخدام اللحم البقري، الأرز الأبيض، الفلفل الأحمر، البصل، الأفوكادو، الزنجبيل، صلصة الصويا فقط ووزّع الصلصات والتوابل بخفة وتساوٍ.","Warm or prepare the measured Beef using its listed cooked form. | Warm cooked components and prepare fresh components from the measured White Rice, Red Pepper, Onion, Avocado, Ginger, Soy Sauce, keeping each food in its recorded state. | Arrange the complete serving in one wide shallow stoneware bowl using only Beef, White Rice, Red Pepper, Onion, Avocado, Ginger, Soy Sauce; distribute sauces and seasonings lightly and evenly.","/nutrition/meals/MEAL-154/cover.webp","/nutrition/meals/MEAL-154/cover-thumb.webp","ready","FILES_PRESENT","{""calorie_band_kcal"":""450_599"",""protein_band_g"":""20_29"",""carb_band_g"":""high"",""fat_band_g"":""moderate"",""meal_type_required"":true,""max_calorie_delta_pct"":10,""max_protein_delta_g"":8,""exclude_allergens"":true}","soy","high_fiber","NOT_AVAILABLE","NO_EXPLICIT_TAG","NO_EXPLICIT_TAG","fat_loss|maintenance|muscle_gain","Nutrition Library V2. USDA FoodData Central. One serving. Identity is external_id.","USDA FoodData Central — SR Legacy (April 2018 release)"
"MEAL-155","طبق الروبيان بالطحينة والليمون مع الأرز الأبيض","Tahini-Lemon Shrimp Plate with White Rice","YES_DERIVED_FROM_PUBLISHED_READY","published","ready","dinner","MAIN_MEAL","OFFICIAL_MEAL_TYPE","NO_OFFICIAL","YES_OFFICIAL","NO_OFFICIAL","NO_OFFICIAL","NO_OFFICIAL","NO","NO","372","36.1","41.9","6.7","3.6","qa.derived_fiber_g","366","g","1","روبيان مطهو / Shrimp, cooked: 128g; أرز أبيض مطهو / White rice, cooked: 110g; فطر أبيض مطهو / White mushrooms, cooked: 39g; جزر طازج / Carrot, raw: 73g; زيت زيتون / Olive oil: 3g; طحينة سمسم / Sesame butter, tahini: 5g; عصير ليمون طازج / Lemon juice, raw: 8g","سخّن أو حضّر كمية الروبيان المحددة وفق حالتها المطهوة المدرجة. | سخّن المكونات المطهوة وحضّر المكونات الطازجة من الكميات المحددة من الأرز الأبيض، الفطر، الجزر، زيت الزيتون، الطحينة، الليمون مع الحفاظ على حالة كل مكوّن المسجلة. | رتّب الحصة كاملة في طبق خزفي مسطح ومحايد باستخدام الروبيان، الأرز الأبيض، الفطر، الجزر، زيت الزيتون، الطحينة، الليمون فقط ووزّع الصلصات والتوابل بخفة وتساوٍ.","Warm or prepare the measured Shrimp using its listed cooked form. | Warm cooked components and prepare fresh components from the measured White Rice, Mushrooms, Carrot, Olive Oil, Tahini, Lemon, keeping each food in its recorded state. | Arrange the complete serving in one flat neutral ceramic dinner plate using only Shrimp, White Rice, Mushrooms, Carrot, Olive Oil, Tahini, Lemon; distribute sauces and seasonings lightly and evenly.","/nutrition/meals/MEAL-155/cover.webp","/nutrition/meals/MEAL-155/cover-thumb.webp","ready","FILES_PRESENT","{""calorie_band_kcal"":""300_449"",""protein_band_g"":""30_39"",""carb_band_g"":""moderate"",""fat_band_g"":""low"",""meal_type_required"":true,""max_calorie_delta_pct"":10,""max_protein_delta_g"":8,""exclude_allergens"":true}","sesame|shellfish","pescatarian|gluten_free|high_protein","NOT_AVAILABLE","NO_EXPLICIT_TAG","NO_EXPLICIT_TAG","fat_loss|maintenance|muscle_gain","Nutrition Library V2. USDA FoodData Central. One serving. Identity is external_id.","USDA FoodData Central — SR Legacy (April 2018 release)"
"MEAL-156","وعاء بياض البيض بالطماطم والبقدونس مع البرغل","Tomato-Parsley Egg White Bowl with Bulgur","YES_DERIVED_FROM_PUBLISHED_READY","published","ready","dinner","MAIN_MEAL","OFFICIAL_MEAL_TYPE","NO_OFFICIAL","YES_OFFICIAL","NO_OFFICIAL","NO_OFFICIAL","NO_OFFICIAL","NO","NO","579","44","45.7","24.5","13.7","qa.derived_fiber_g","618","g","1","بياض بيض طازج / Egg white, raw, fresh: 283g; برغل مطهو / Bulgur, cooked: 182g; خس روماني طازج / Romaine lettuce, raw: 51g; كرنب أجعد مطهو / Kale, cooked: 39g; جوز / Walnuts: 35g; طماطم طازجة / Tomato, raw: 20g; بقدونس طازج / Fresh parsley: 8g","اطهُ بياض البيض في مقلاة غير لاصقة حتى يصبح معتمًا تمامًا وتصل الحرارة الداخلية إلى 74°م (165°ف). | سخّن المكونات المطهوة وحضّر المكونات الطازجة من الكميات المحددة من البرغل، الخس الروماني، الكرنب الأجعد، الجوز، الطماطم، البقدونس مع الحفاظ على حالة كل مكوّن المسجلة. | رتّب الحصة كاملة في وعاء حجري عريض وضحل باستخدام بياض البيض، البرغل، الخس الروماني، الكرنب الأجعد، الجوز، الطماطم، البقدونس فقط ووزّع الصلصات والتوابل بخفة وتساوٍ.","Cook the Egg White in a nonstick pan until fully opaque and the center reaches 74°C (165°F). | Warm cooked components and prepare fresh components from the measured Bulgur, Romaine, Kale, Walnuts, Tomato, Parsley, keeping each food in its recorded state. | Arrange the complete serving in one wide shallow stoneware bowl using only Egg White, Bulgur, Romaine, Kale, Walnuts, Tomato, Parsley; distribute sauces and seasonings lightly and evenly.","/nutrition/meals/MEAL-156/cover.webp","/nutrition/meals/MEAL-156/cover-thumb.webp","ready","FILES_PRESENT","{""calorie_band_kcal"":""450_599"",""protein_band_g"":""40_plus"",""carb_band_g"":""moderate"",""fat_band_g"":""high"",""meal_type_required"":true,""max_calorie_delta_pct"":10,""max_protein_delta_g"":8,""exclude_allergens"":true}","egg|gluten|tree_nuts","vegetarian|pescatarian|high_protein|high_fiber|omega_3","NOT_AVAILABLE","YES_EXPLICIT","NO_EXPLICIT_TAG","fat_loss|maintenance|muscle_gain","Nutrition Library V2. USDA FoodData Central. One serving. Identity is external_id.","USDA FoodData Central — SR Legacy (April 2018 release)"
"MEAL-157","وعاء جبن القريش بالطحينة والليمون مع البطاطس","Tahini-Lemon Cottage Cheese Bowl with Potato","YES_DERIVED_FROM_PUBLISHED_READY","published","ready","dinner","MAIN_MEAL","OFFICIAL_MEAL_TYPE","NO_OFFICIAL","YES_OFFICIAL","NO_OFFICIAL","NO_OFFICIAL","NO_OFFICIAL","NO","NO","351","30.1","31.6","11.6","3.9","qa.derived_fiber_g","410","g","1","جبن قريش قليل الدسم 2٪ / Cottage cheese, lowfat, 2% milkfat: 244g; بطاطس مشوية بالقشر / Baked potato with skin: 70g; سبانخ مطهوة / Spinach, cooked: 33g; بروكلي مطهو / Broccoli, cooked: 47g; زيت زيتون / Olive oil: 3g; طحينة سمسم / Sesame butter, tahini: 5g; عصير ليمون طازج / Lemon juice, raw: 8g","سخّن أو حضّر كمية جبن القريش المحددة وفق حالتها المطهوة المدرجة. | سخّن المكونات المطهوة وحضّر المكونات الطازجة من الكميات المحددة من البطاطس، السبانخ، البروكلي، زيت الزيتون، الطحينة، الليمون مع الحفاظ على حالة كل مكوّن المسجلة. | رتّب الحصة كاملة في وعاء حجري عريض وضحل باستخدام جبن القريش، البطاطس، السبانخ، البروكلي، زيت الزيتون، الطحينة، الليمون فقط ووزّع الصلصات والتوابل بخفة وتساوٍ.","Warm or prepare the measured Cottage Cheese using its listed cooked form. | Warm cooked components and prepare fresh components from the measured Potato, Spinach, Broccoli, Olive Oil, Tahini, Lemon, keeping each food in its recorded state. | Arrange the complete serving in one wide shallow stoneware bowl using only Cottage Cheese, Potato, Spinach, Broccoli, Olive Oil, Tahini, Lemon; distribute sauces and seasonings lightly and evenly.","/nutrition/meals/MEAL-157/cover.webp","/nutrition/meals/MEAL-157/cover-thumb.webp","ready","FILES_PRESENT","{""calorie_band_kcal"":""300_449"",""protein_band_g"":""30_39"",""carb_band_g"":""moderate"",""fat_band_g"":""moderate"",""meal_type_required"":true,""max_calorie_delta_pct"":10,""max_protein_delta_g"":8,""exclude_allergens"":true}","milk|sesame","vegetarian|pescatarian|gluten_free","NOT_AVAILABLE","YES_EXPLICIT","NO_EXPLICIT_TAG","fat_loss|maintenance|muscle_gain","Nutrition Library V2. USDA FoodData Central. One serving. Identity is external_id.","USDA FoodData Central — SR Legacy (April 2018 release)"
"MEAL-158","وعاء الزبادي اليوناني بالثوم والبابريكا مع الأرز البني","Garlic-Paprika Greek Yogurt Bowl with Brown Rice","YES_DERIVED_FROM_PUBLISHED_READY","published","ready","dinner","MAIN_MEAL","OFFICIAL_MEAL_TYPE","NO_OFFICIAL","YES_OFFICIAL","NO_OFFICIAL","NO_OFFICIAL","NO_OFFICIAL","NO","NO","374","30","37.3","11.7","9.9","qa.derived_fiber_g","492","g","1","زبادي يوناني سادة خالي الدسم / Greek yogurt, plain, nonfat: 257g; أرز بني مطهو / Brown rice, cooked: 44g; فلفل حلو أحمر طازج / Red bell pepper, raw: 39g; بروكلي مطهو / Broccoli, cooked: 74g; أفوكادو طازج / Avocado, raw: 68g; ثوم طازج / Garlic, raw: 8g; بابريكا / Paprika: 2g","سخّن أو حضّر كمية الزبادي اليوناني المحددة وفق حالتها المطهوة المدرجة. | سخّن المكونات المطهوة وحضّر المكونات الطازجة من الكميات المحددة من الأرز البني، الفلفل الأحمر، البروكلي، الأفوكادو، الثوم، البابريكا مع الحفاظ على حالة كل مكوّن المسجلة. | رتّب الحصة كاملة في وعاء حجري عريض وضحل باستخدام الزبادي اليوناني، الأرز البني، الفلفل الأحمر، البروكلي، الأفوكادو، الثوم، البابريكا فقط ووزّع الصلصات والتوابل بخفة وتساوٍ.","Warm or prepare the measured Greek Yogurt using its listed cooked form. | Warm cooked components and prepare fresh components from the measured Brown Rice, Red Pepper, Broccoli, Avocado, Garlic, Paprika, keeping each food in its recorded state. | Arrange the complete serving in one wide shallow stoneware bowl using only Greek Yogurt, Brown Rice, Red Pepper, Broccoli, Avocado, Garlic, Paprika; distribute sauces and seasonings lightly and evenly.","/nutrition/meals/MEAL-158/cover.webp","/nutrition/meals/MEAL-158/cover-thumb.webp","ready","FILES_PRESENT","{""calorie_band_kcal"":""300_449"",""protein_band_g"":""30_39"",""carb_band_g"":""moderate"",""fat_band_g"":""moderate"",""meal_type_required"":true,""max_calorie_delta_pct"":10,""max_protein_delta_g"":8,""exclude_allergens"":true}","milk","vegetarian|pescatarian|gluten_free|high_fiber","NOT_AVAILABLE","YES_EXPLICIT","NO_EXPLICIT_TAG","fat_loss|maintenance|muscle_gain","Nutrition Library V2. USDA FoodData Central. One serving. Identity is external_id.","USDA FoodData Central — SR Legacy (April 2018 release)"
"MEAL-159","طبق الكينوا بالكمون والليمون الأخضر مع الروبيان","Cumin-Lime Quinoa Plate with Shrimp","YES_DERIVED_FROM_PUBLISHED_READY","published","ready","dinner","MAIN_MEAL","OFFICIAL_MEAL_TYPE","NO_OFFICIAL","YES_OFFICIAL","NO_OFFICIAL","NO_OFFICIAL","NO_OFFICIAL","NO","NO","580","44.1","68.7","14.3","11.8","qa.derived_fiber_g","533","g","1","روبيان مطهو / Shrimp, cooked: 111g; كينوا مطهوة / Quinoa, cooked: 260g; فطر أبيض مطهو / White mushrooms, cooked: 83g; بروكلي مطهو / Broccoli, cooked: 54g; طحينة سمسم / Sesame butter, tahini: 15g; كمون / Cumin seed: 2g; عصير ليمون أخضر طازج / Lime juice, raw: 8g","سخّن أو حضّر كمية الروبيان المحددة وفق حالتها المطهوة المدرجة. | سخّن المكونات المطهوة وحضّر المكونات الطازجة من الكميات المحددة من الكينوا، الفطر، البروكلي، الطحينة، الكمون، الليمون الأخضر مع الحفاظ على حالة كل مكوّن المسجلة. | رتّب الحصة كاملة في طبق خزفي مسطح ومحايد باستخدام الروبيان، الكينوا، الفطر، البروكلي، الطحينة، الكمون، الليمون الأخضر فقط ووزّع الصلصات والتوابل بخفة وتساوٍ.","Warm or prepare the measured Shrimp using its listed cooked form. | Warm cooked components and prepare fresh components from the measured Quinoa, Mushrooms, Broccoli, Tahini, Cumin, Lime, keeping each food in its recorded state. | Arrange the complete serving in one flat neutral ceramic dinner plate using only Shrimp, Quinoa, Mushrooms, Broccoli, Tahini, Cumin, Lime; distribute sauces and seasonings lightly and evenly.","/nutrition/meals/MEAL-159/cover.webp","/nutrition/meals/MEAL-159/cover-thumb.webp","ready","FILES_PRESENT","{""calorie_band_kcal"":""450_599"",""protein_band_g"":""40_plus"",""carb_band_g"":""high"",""fat_band_g"":""moderate"",""meal_type_required"":true,""max_calorie_delta_pct"":10,""max_protein_delta_g"":8,""exclude_allergens"":true}","sesame|shellfish","pescatarian|gluten_free|high_protein|high_fiber","NOT_AVAILABLE","NO_EXPLICIT_TAG","NO_EXPLICIT_TAG","fat_loss|maintenance|muscle_gain","Nutrition Library V2. USDA FoodData Central. One serving. Identity is external_id.","USDA FoodData Central — SR Legacy (April 2018 release)"
"MEAL-160","وعاء اللحم البقري بالزنجبيل والصويا مع الكسكس","Ginger-Soy Beef Bowl with Couscous","YES_DERIVED_FROM_PUBLISHED_READY","published","ready","dinner","MAIN_MEAL","OFFICIAL_MEAL_TYPE","NO_OFFICIAL","YES_OFFICIAL","NO_OFFICIAL","NO_OFFICIAL","NO_OFFICIAL","NO","NO","352","29.7","34.7","10.5","6.5","qa.derived_fiber_g","337","g","1","لحم بقري من السيرلوين قليل الدهن ومشوي / Beef top sirloin, lean, cooked, grilled: 73g; كسكس مطهو / Couscous, cooked: 103g; خس روماني طازج / Romaine lettuce, raw: 37g; فطر أبيض مطهو / White mushrooms, cooked: 70g; أفوكادو طازج / Avocado, raw: 38g; زنجبيل طازج / Ginger root, raw: 8g; صلصة صويا قليلة الصوديوم / Reduced-sodium soy sauce: 8g","سخّن أو حضّر كمية اللحم البقري المحددة وفق حالتها المطهوة المدرجة. | سخّن المكونات المطهوة وحضّر المكونات الطازجة من الكميات المحددة من الكسكس، الخس الروماني، الفطر، الأفوكادو، الزنجبيل، صلصة الصويا مع الحفاظ على حالة كل مكوّن المسجلة. | رتّب الحصة كاملة في وعاء حجري عريض وضحل باستخدام اللحم البقري، الكسكس، الخس الروماني، الفطر، الأفوكادو، الزنجبيل، صلصة الصويا فقط ووزّع الصلصات والتوابل بخفة وتساوٍ.","Warm or prepare the measured Beef using its listed cooked form. | Warm cooked components and prepare fresh components from the measured Couscous, Romaine, Mushrooms, Avocado, Ginger, Soy Sauce, keeping each food in its recorded state. | Arrange the complete serving in one wide shallow stoneware bowl using only Beef, Couscous, Romaine, Mushrooms, Avocado, Ginger, Soy Sauce; distribute sauces and seasonings lightly and evenly.","/nutrition/meals/MEAL-160/cover.webp","/nutrition/meals/MEAL-160/cover-thumb.webp","ready","FILES_PRESENT","{""calorie_band_kcal"":""300_449"",""protein_band_g"":""20_29"",""carb_band_g"":""moderate"",""fat_band_g"":""moderate"",""meal_type_required"":true,""max_calorie_delta_pct"":10,""max_protein_delta_g"":8,""exclude_allergens"":true}","gluten|soy","high_fiber","NOT_AVAILABLE","NO_EXPLICIT_TAG","NO_EXPLICIT_TAG","fat_loss|maintenance|muscle_gain","Nutrition Library V2. USDA FoodData Central. One serving. Identity is external_id.","USDA FoodData Central — SR Legacy (April 2018 release)"
"MEAL-161","طبق الشعير بالطحينة والليمون مع الديك الرومي","Tahini-Lemon Barley Plate with Turkey","YES_DERIVED_FROM_PUBLISHED_READY","published","ready","dinner","MAIN_MEAL","OFFICIAL_MEAL_TYPE","NO_OFFICIAL","YES_OFFICIAL","NO_OFFICIAL","NO_OFFICIAL","NO_OFFICIAL","NO","NO","377","16.6","29.9","21.2","5","qa.derived_fiber_g","256","g","1","صدر ديك رومي مطهو ومشوي / Turkey breast, cooked, roasted: 40g; شعير لؤلؤي مطهو / Pearled barley, cooked: 90g; سبانخ مطهوة / Spinach, cooked: 26g; كوسا مطهوة / Zucchini, cooked: 70g; زيت زيتون / Olive oil: 17g; طحينة سمسم / Sesame butter, tahini: 5g; عصير ليمون طازج / Lemon juice, raw: 8g","سخّن أو حضّر كمية الديك الرومي المحددة وفق حالتها المطهوة المدرجة. | سخّن المكونات المطهوة وحضّر المكونات الطازجة من الكميات المحددة من الشعير، السبانخ، الكوسا، زيت الزيتون، الطحينة، الليمون مع الحفاظ على حالة كل مكوّن المسجلة. | رتّب الحصة كاملة في طبق خزفي مسطح ومحايد باستخدام الديك الرومي، الشعير، السبانخ، الكوسا، زيت الزيتون، الطحينة، الليمون فقط ووزّع الصلصات والتوابل بخفة وتساوٍ.","Warm or prepare the measured Turkey using its listed cooked form. | Warm cooked components and prepare fresh components from the measured Barley, Spinach, Zucchini, Olive Oil, Tahini, Lemon, keeping each food in its recorded state. | Arrange the complete serving in one flat neutral ceramic dinner plate using only Turkey, Barley, Spinach, Zucchini, Olive Oil, Tahini, Lemon; distribute sauces and seasonings lightly and evenly.","/nutrition/meals/MEAL-161/cover.webp","/nutrition/meals/MEAL-161/cover-thumb.webp","ready","FILES_PRESENT","{""calorie_band_kcal"":""300_449"",""protein_band_g"":""under_20"",""carb_band_g"":""moderate"",""fat_band_g"":""high"",""meal_type_required"":true,""max_calorie_delta_pct"":10,""max_protein_delta_g"":8,""exclude_allergens"":true}","gluten|sesame","NOT_AVAILABLE","NOT_AVAILABLE","NO_EXPLICIT_TAG","NO_EXPLICIT_TAG","fat_loss|maintenance","Nutrition Library V2. USDA FoodData Central. One serving. Identity is external_id.","USDA FoodData Central — SR Legacy (April 2018 release)"
"MEAL-162","وعاء الروبيان بالطماطم والبقدونس مع الأرز الأبيض","Tomato-Parsley Shrimp Bowl with White Rice","YES_DERIVED_FROM_PUBLISHED_READY","published","ready","dinner","MAIN_MEAL","OFFICIAL_MEAL_TYPE","NO_OFFICIAL","YES_OFFICIAL","NO_OFFICIAL","NO_OFFICIAL","NO_OFFICIAL","NO","NO","398","36","31.3","14.3","5.7","qa.derived_fiber_g","343","g","1","روبيان مطهو / Shrimp, cooked: 113g; أرز أبيض مطهو / White rice, cooked: 65g; فلفل حلو أحمر طازج / Red bell pepper, raw: 39g; كرنب أجعد مطهو / Kale, cooked: 74g; طحينة سمسم / Sesame butter, tahini: 24g; طماطم طازجة / Tomato, raw: 20g; بقدونس طازج / Fresh parsley: 8g","سخّن أو حضّر كمية الروبيان المحددة وفق حالتها المطهوة المدرجة. | سخّن المكونات المطهوة وحضّر المكونات الطازجة من الكميات المحددة من الأرز الأبيض، الفلفل الأحمر، الكرنب الأجعد، الطحينة، الطماطم، البقدونس مع الحفاظ على حالة كل مكوّن المسجلة. | رتّب الحصة كاملة في وعاء حجري عريض وضحل باستخدام الروبيان، الأرز الأبيض، الفلفل الأحمر، الكرنب الأجعد، الطحينة، الطماطم، البقدونس فقط ووزّع الصلصات والتوابل بخفة وتساوٍ.","Warm or prepare the measured Shrimp using its listed cooked form. | Warm cooked components and prepare fresh components from the measured White Rice, Red Pepper, Kale, Tahini, Tomato, Parsley, keeping each food in its recorded state. | Arrange the complete serving in one wide shallow stoneware bowl using only Shrimp, White Rice, Red Pepper, Kale, Tahini, Tomato, Parsley; distribute sauces and seasonings lightly and evenly.","/nutrition/meals/MEAL-162/cover.webp","/nutrition/meals/MEAL-162/cover-thumb.webp","ready","FILES_PRESENT","{""calorie_band_kcal"":""300_449"",""protein_band_g"":""30_39"",""carb_band_g"":""moderate"",""fat_band_g"":""moderate"",""meal_type_required"":true,""max_calorie_delta_pct"":10,""max_protein_delta_g"":8,""exclude_allergens"":true}","sesame|shellfish","pescatarian|gluten_free|high_protein","NOT_AVAILABLE","NO_EXPLICIT_TAG","NO_EXPLICIT_TAG","fat_loss|maintenance|muscle_gain","Nutrition Library V2. USDA FoodData Central. One serving. Identity is external_id.","USDA FoodData Central — SR Legacy (April 2018 release)"
"MEAL-163","وعاء الزبادي اليوناني بالليمون والأعشاب مع الأرز الأبيض","Lemon-Herb Greek Yogurt Bowl with White Rice","YES_DERIVED_FROM_PUBLISHED_READY","published","ready","dinner","MAIN_MEAL","OFFICIAL_MEAL_TYPE","NO_OFFICIAL","YES_OFFICIAL","NO_OFFICIAL","NO_OFFICIAL","NO_OFFICIAL","NO","NO","519","40","65.7","10.7","5.4","qa.derived_fiber_g","619","g","1","زبادي يوناني سادة خالي الدسم / Greek yogurt, plain, nonfat: 335g; أرز أبيض مطهو / White rice, cooked: 152g; فطر أبيض مطهو / White mushrooms, cooked: 62g; بازلاء خضراء مطهوة / Green peas, cooked: 45g; زيت زيتون / Olive oil: 9g; عصير ليمون طازج / Lemon juice, raw: 8g; بقدونس طازج / Fresh parsley: 8g","سخّن أو حضّر كمية الزبادي اليوناني المحددة وفق حالتها المطهوة المدرجة. | سخّن المكونات المطهوة وحضّر المكونات الطازجة من الكميات المحددة من الأرز الأبيض، الفطر، البازلاء الخضراء، زيت الزيتون، الليمون، البقدونس مع الحفاظ على حالة كل مكوّن المسجلة. | رتّب الحصة كاملة في وعاء حجري عريض وضحل باستخدام الزبادي اليوناني، الأرز الأبيض، الفطر، البازلاء الخضراء، زيت الزيتون، الليمون، البقدونس فقط ووزّع الصلصات والتوابل بخفة وتساوٍ.","Warm or prepare the measured Greek Yogurt using its listed cooked form. | Warm cooked components and prepare fresh components from the measured White Rice, Mushrooms, Green Peas, Olive Oil, Lemon, Parsley, keeping each food in its recorded state. | Arrange the complete serving in one wide shallow stoneware bowl using only Greek Yogurt, White Rice, Mushrooms, Green Peas, Olive Oil, Lemon, Parsley; distribute sauces and seasonings lightly and evenly.","/nutrition/meals/MEAL-163/cover.webp","/nutrition/meals/MEAL-163/cover-thumb.webp","ready","FILES_PRESENT","{""calorie_band_kcal"":""450_599"",""protein_band_g"":""40_plus"",""carb_band_g"":""high"",""fat_band_g"":""moderate"",""meal_type_required"":true,""max_calorie_delta_pct"":10,""max_protein_delta_g"":8,""exclude_allergens"":true}","milk","vegetarian|pescatarian|gluten_free|high_protein","NOT_AVAILABLE","YES_EXPLICIT","NO_EXPLICIT_TAG","fat_loss|maintenance|muscle_gain","Nutrition Library V2. USDA FoodData Central. One serving. Identity is external_id.","USDA FoodData Central — SR Legacy (April 2018 release)"
"MEAL-164","وعاء الكسكس بالثوم والبابريكا مع اللحم البقري المفروم","Garlic-Paprika Couscous Bowl with Ground Beef","YES_DERIVED_FROM_PUBLISHED_READY","published","ready","dinner","MAIN_MEAL","OFFICIAL_MEAL_TYPE","NO_OFFICIAL","YES_OFFICIAL","NO_OFFICIAL","NO_OFFICIAL","NO_OFFICIAL","NO","NO","748","41.7","68.8","34","7.5","qa.derived_fiber_g","533","g","1","لحم بقري مفروم 90٪ قليل الدهن ومطهو / Ground beef, 90% lean, cooked: 107g; كسكس مطهو / Couscous, cooked: 260g; خس روماني طازج / Romaine lettuce, raw: 82g; سبانخ مطهوة / Spinach, cooked: 53g; زيت زيتون / Olive oil: 21g; ثوم طازج / Garlic, raw: 8g; بابريكا / Paprika: 2g","سخّن أو حضّر كمية اللحم البقري المفروم المحددة وفق حالتها المطهوة المدرجة. | سخّن المكونات المطهوة وحضّر المكونات الطازجة من الكميات المحددة من الكسكس، الخس الروماني، السبانخ، زيت الزيتون، الثوم، البابريكا مع الحفاظ على حالة كل مكوّن المسجلة. | رتّب الحصة كاملة في وعاء حجري عريض وضحل باستخدام اللحم البقري المفروم، الكسكس، الخس الروماني، السبانخ، زيت الزيتون، الثوم، البابريكا فقط ووزّع الصلصات والتوابل بخفة وتساوٍ.","Warm or prepare the measured Ground Beef using its listed cooked form. | Warm cooked components and prepare fresh components from the measured Couscous, Romaine, Spinach, Olive Oil, Garlic, Paprika, keeping each food in its recorded state. | Arrange the complete serving in one wide shallow stoneware bowl using only Ground Beef, Couscous, Romaine, Spinach, Olive Oil, Garlic, Paprika; distribute sauces and seasonings lightly and evenly.","/nutrition/meals/MEAL-164/cover.webp","/nutrition/meals/MEAL-164/cover-thumb.webp","ready","FILES_PRESENT","{""calorie_band_kcal"":""600_plus"",""protein_band_g"":""40_plus"",""carb_band_g"":""high"",""fat_band_g"":""high"",""meal_type_required"":true,""max_calorie_delta_pct"":10,""max_protein_delta_g"":8,""exclude_allergens"":true}","gluten","high_protein|high_fiber","NOT_AVAILABLE","NO_EXPLICIT_TAG","NO_EXPLICIT_TAG","fat_loss|maintenance|muscle_gain","Nutrition Library V2. USDA FoodData Central. One serving. Identity is external_id.","USDA FoodData Central — SR Legacy (April 2018 release)"
"MEAL-165","طبق الأرز الأبيض بالكمون والليمون الأخضر مع بياض البيض","Cumin-Lime White Rice Plate with Egg White","YES_DERIVED_FROM_PUBLISHED_READY","published","ready","dinner","MAIN_MEAL","OFFICIAL_MEAL_TYPE","NO_OFFICIAL","YES_OFFICIAL","NO_OFFICIAL","NO_OFFICIAL","NO_OFFICIAL","NO","NO","581","18.9","89.4","16.4","9.7","qa.derived_fiber_g","536","g","1","بياض بيض طازج / Egg white, raw, fresh: 60g; أرز أبيض مطهو / White rice, cooked: 260g; سبانخ مطهوة / Spinach, cooked: 39g; كوسا مطهوة / Zucchini, cooked: 69g; أفوكادو طازج / Avocado, raw: 90g; كمون / Cumin seed: 9g; عصير ليمون أخضر طازج / Lime juice, raw: 9g","اطهُ بياض البيض في مقلاة غير لاصقة حتى يصبح معتمًا تمامًا وتصل الحرارة الداخلية إلى 74°م (165°ف). | سخّن المكونات المطهوة وحضّر المكونات الطازجة من الكميات المحددة من الأرز الأبيض، السبانخ، الكوسا، الأفوكادو، الكمون، الليمون الأخضر مع الحفاظ على حالة كل مكوّن المسجلة. | رتّب الحصة كاملة في طبق خزفي مسطح ومحايد باستخدام بياض البيض، الأرز الأبيض، السبانخ، الكوسا، الأفوكادو، الكمون، الليمون الأخضر فقط ووزّع الصلصات والتوابل بخفة وتساوٍ.","Cook the Egg White in a nonstick pan until fully opaque and the center reaches 74°C (165°F). | Warm cooked components and prepare fresh components from the measured White Rice, Spinach, Zucchini, Avocado, Cumin, Lime, keeping each food in its recorded state. | Arrange the complete serving in one flat neutral ceramic dinner plate using only Egg White, White Rice, Spinach, Zucchini, Avocado, Cumin, Lime; distribute sauces and seasonings lightly and evenly.","/nutrition/meals/MEAL-165/cover.webp","/nutrition/meals/MEAL-165/cover-thumb.webp","ready","FILES_PRESENT","{""calorie_band_kcal"":""450_599"",""protein_band_g"":""under_20"",""carb_band_g"":""high"",""fat_band_g"":""moderate"",""meal_type_required"":true,""max_calorie_delta_pct"":10,""max_protein_delta_g"":8,""exclude_allergens"":true}","egg","vegetarian|pescatarian|gluten_free|high_fiber","NOT_AVAILABLE","YES_EXPLICIT","NO_EXPLICIT_TAG","fat_loss|maintenance","Nutrition Library V2. USDA FoodData Central. One serving. Identity is external_id.","USDA FoodData Central — SR Legacy (April 2018 release)"
"MEAL-166","وعاء البطاطا الحلوة بالزنجبيل والصويا مع السلمون","Ginger-Soy Sweet Potato Bowl with Salmon","YES_DERIVED_FROM_PUBLISHED_READY","published","ready","dinner","MAIN_MEAL","OFFICIAL_MEAL_TYPE","NO_OFFICIAL","YES_OFFICIAL","NO_OFFICIAL","NO_OFFICIAL","NO_OFFICIAL","NO","NO","519","29.9","56.8","19.1","11.8","qa.derived_fiber_g","479","g","1","سلمون أطلسي مطهو بحرارة جافة / Atlantic salmon, cooked with dry heat: 104g; بطاطا حلوة مشوية / Baked sweet potato: 206g; فلفل حلو أحمر طازج / Red bell pepper, raw: 74g; بصل طازج / Onion, raw: 41g; أفوكادو طازج / Avocado, raw: 38g; زنجبيل طازج / Ginger root, raw: 8g; صلصة صويا قليلة الصوديوم / Reduced-sodium soy sauce: 8g","سخّن أو حضّر كمية السلمون المحددة وفق حالتها المطهوة المدرجة. | سخّن المكونات المطهوة وحضّر المكونات الطازجة من الكميات المحددة من البطاطا الحلوة، الفلفل الأحمر، البصل، الأفوكادو، الزنجبيل، صلصة الصويا مع الحفاظ على حالة كل مكوّن المسجلة. | رتّب الحصة كاملة في وعاء حجري عريض وضحل باستخدام السلمون، البطاطا الحلوة، الفلفل الأحمر، البصل، الأفوكادو، الزنجبيل، صلصة الصويا فقط ووزّع الصلصات والتوابل بخفة وتساوٍ.","Warm or prepare the measured Salmon using its listed cooked form. | Warm cooked components and prepare fresh components from the measured Sweet Potato, Red Pepper, Onion, Avocado, Ginger, Soy Sauce, keeping each food in its recorded state. | Arrange the complete serving in one wide shallow stoneware bowl using only Salmon, Sweet Potato, Red Pepper, Onion, Avocado, Ginger, Soy Sauce; distribute sauces and seasonings lightly and evenly.","/nutrition/meals/MEAL-166/cover.webp","/nutrition/meals/MEAL-166/cover-thumb.webp","ready","FILES_PRESENT","{""calorie_band_kcal"":""450_599"",""protein_band_g"":""20_29"",""carb_band_g"":""high"",""fat_band_g"":""high"",""meal_type_required"":true,""max_calorie_delta_pct"":10,""max_protein_delta_g"":8,""exclude_allergens"":true}","fish|soy","pescatarian|high_fiber|omega_3","NOT_AVAILABLE","NO_EXPLICIT_TAG","NO_EXPLICIT_TAG","fat_loss|maintenance|muscle_gain","Nutrition Library V2. USDA FoodData Central. One serving. Identity is external_id.","USDA FoodData Central — SR Legacy (April 2018 release)"
"MEAL-167","طبق الأرز البني بالطحينة والليمون مع اللحم البقري المفروم","Tahini-Lemon Brown Rice Plate with Ground Beef","YES_DERIVED_FROM_PUBLISHED_READY","published","ready","dinner","MAIN_MEAL","OFFICIAL_MEAL_TYPE","NO_OFFICIAL","YES_OFFICIAL","NO_OFFICIAL","NO_OFFICIAL","NO_OFFICIAL","NO","NO","374","16.6","31.6","20.1","8.1","qa.derived_fiber_g","263","g","1","لحم بقري مفروم 90٪ قليل الدهن ومطهو / Ground beef, 90% lean, cooked: 40g; أرز بني مطهو / Brown rice, cooked: 82g; فطر أبيض مطهو / White mushrooms, cooked: 20g; سبانخ مطهوة / Spinach, cooked: 26g; أفوكادو طازج / Avocado, raw: 82g; طحينة سمسم / Sesame butter, tahini: 5g; عصير ليمون طازج / Lemon juice, raw: 8g","سخّن أو حضّر كمية اللحم البقري المفروم المحددة وفق حالتها المطهوة المدرجة. | سخّن المكونات المطهوة وحضّر المكونات الطازجة من الكميات المحددة من الأرز البني، الفطر، السبانخ، الأفوكادو، الطحينة، الليمون مع الحفاظ على حالة كل مكوّن المسجلة. | رتّب الحصة كاملة في طبق خزفي مسطح ومحايد باستخدام اللحم البقري المفروم، الأرز البني، الفطر، السبانخ، الأفوكادو، الطحينة، الليمون فقط ووزّع الصلصات والتوابل بخفة وتساوٍ.","Warm or prepare the measured Ground Beef using its listed cooked form. | Warm cooked components and prepare fresh components from the measured Brown Rice, Mushrooms, Spinach, Avocado, Tahini, Lemon, keeping each food in its recorded state. | Arrange the complete serving in one flat neutral ceramic dinner plate using only Ground Beef, Brown Rice, Mushrooms, Spinach, Avocado, Tahini, Lemon; distribute sauces and seasonings lightly and evenly.","/nutrition/meals/MEAL-167/cover.webp","/nutrition/meals/MEAL-167/cover-thumb.webp","ready","FILES_PRESENT","{""calorie_band_kcal"":""300_449"",""protein_band_g"":""under_20"",""carb_band_g"":""moderate"",""fat_band_g"":""high"",""meal_type_required"":true,""max_calorie_delta_pct"":10,""max_protein_delta_g"":8,""exclude_allergens"":true}","sesame","gluten_free|high_fiber","NOT_AVAILABLE","NO_EXPLICIT_TAG","NO_EXPLICIT_TAG","fat_loss|maintenance","Nutrition Library V2. USDA FoodData Central. One serving. Identity is external_id.","USDA FoodData Central — SR Legacy (April 2018 release)"
"MEAL-168","وعاء الكينوا بالطماطم والبقدونس مع الديك الرومي والخس الروماني","Tomato-Parsley Quinoa Bowl with Turkey and Romaine","YES_DERIVED_FROM_PUBLISHED_READY","published","ready","dinner","MAIN_MEAL","OFFICIAL_MEAL_TYPE","NO_OFFICIAL","YES_OFFICIAL","NO_OFFICIAL","NO_OFFICIAL","NO_OFFICIAL","NO","NO","577","44","65","15.7","12.1","qa.derived_fiber_g","522","g","1","صدر ديك رومي مطهو ومشوي / Turkey breast, cooked, roasted: 90g; كينوا مطهوة / Quinoa, cooked: 259g; خس روماني طازج / Romaine lettuce, raw: 80g; كرنب أجعد مطهو / Kale, cooked: 50g; طحينة سمسم / Sesame butter, tahini: 15g; طماطم طازجة / Tomato, raw: 20g; بقدونس طازج / Fresh parsley: 8g","سخّن أو حضّر كمية الديك الرومي المحددة وفق حالتها المطهوة المدرجة. | سخّن المكونات المطهوة وحضّر المكونات الطازجة من الكميات المحددة من الكينوا، الخس الروماني، الكرنب الأجعد، الطحينة، الطماطم، البقدونس مع الحفاظ على حالة كل مكوّن المسجلة. | رتّب الحصة كاملة في وعاء حجري عريض وضحل باستخدام الديك الرومي، الكينوا، الخس الروماني، الكرنب الأجعد، الطحينة، الطماطم، البقدونس فقط ووزّع الصلصات والتوابل بخفة وتساوٍ.","Warm or prepare the measured Turkey using its listed cooked form. | Warm cooked components and prepare fresh components from the measured Quinoa, Romaine, Kale, Tahini, Tomato, Parsley, keeping each food in its recorded state. | Arrange the complete serving in one wide shallow stoneware bowl using only Turkey, Quinoa, Romaine, Kale, Tahini, Tomato, Parsley; distribute sauces and seasonings lightly and evenly.","/nutrition/meals/MEAL-168/cover.webp","/nutrition/meals/MEAL-168/cover-thumb.webp","ready","FILES_PRESENT","{""calorie_band_kcal"":""450_599"",""protein_band_g"":""40_plus"",""carb_band_g"":""high"",""fat_band_g"":""moderate"",""meal_type_required"":true,""max_calorie_delta_pct"":10,""max_protein_delta_g"":8,""exclude_allergens"":true}","sesame","gluten_free|high_protein|high_fiber","NOT_AVAILABLE","NO_EXPLICIT_TAG","NO_EXPLICIT_TAG","fat_loss|maintenance|muscle_gain","Nutrition Library V2. USDA FoodData Central. One serving. Identity is external_id.","USDA FoodData Central — SR Legacy (April 2018 release)"
"MEAL-169","وعاء الكسكس بالطماطم والبقدونس مع التوفو والسبانخ","Tomato-Parsley Couscous Bowl with Tofu and Spinach","YES_DERIVED_FROM_PUBLISHED_READY","published","ready","dinner","MAIN_MEAL","OFFICIAL_MEAL_TYPE","NO_OFFICIAL","YES_OFFICIAL","NO_OFFICIAL","NO_OFFICIAL","NO_OFFICIAL","NO","NO","722","39.8","71.5","30.7","11.4","qa.derived_fiber_g","619","g","1","توفو متماسك محضر بالكالسيوم / Firm tofu prepared with calcium: 158g; كسكس مطهو / Couscous, cooked: 230g; سبانخ مطهوة / Spinach, cooked: 72g; فلفل حلو أحمر طازج / Red bell pepper, raw: 65g; زيت زيتون / Olive oil: 16g; بصل طازج / Onion, raw: 70g; بقدونس طازج / Fresh parsley: 8g","سخّن أو حضّر كمية التوفو المحددة وفق حالتها المطهوة المدرجة. | سخّن المكونات المطهوة وحضّر المكونات الطازجة من الكميات المحددة من الكسكس، السبانخ، الفلفل الأحمر، زيت الزيتون، البصل، البقدونس مع الحفاظ على حالة كل مكوّن المسجلة. | رتّب الحصة كاملة في وعاء حجري عريض وضحل باستخدام التوفو، الكسكس، السبانخ، الفلفل الأحمر، زيت الزيتون، البصل، البقدونس فقط ووزّع الصلصات والتوابل بخفة وتساوٍ.","Warm or prepare the measured Tofu using its listed cooked form. | Warm cooked components and prepare fresh components from the measured Couscous, Spinach, Red Pepper, Olive Oil, Onion, Parsley, keeping each food in its recorded state. | Arrange the complete serving in one wide shallow stoneware bowl using only Tofu, Couscous, Spinach, Red Pepper, Olive Oil, Onion, Parsley; distribute sauces and seasonings lightly and evenly.","/nutrition/meals/MEAL-169/cover.webp","/nutrition/meals/MEAL-169/cover-thumb.webp","ready","FILES_PRESENT","{""calorie_band_kcal"":""600_plus"",""protein_band_g"":""30_39"",""carb_band_g"":""high"",""fat_band_g"":""high"",""meal_type_required"":true,""max_calorie_delta_pct"":10,""max_protein_delta_g"":8,""exclude_allergens"":true}","gluten|soy","vegetarian|vegan|pescatarian|high_protein|high_fiber","NOT_AVAILABLE","YES_EXPLICIT","YES_EXPLICIT","fat_loss|maintenance|muscle_gain","Nutrition Library V2. USDA FoodData Central. One serving. Identity is external_id.","USDA FoodData Central — SR Legacy (April 2018 release)"
"MEAL-170","وعاء العدس بالثوم والبابريكا مع الشعير","Garlic-Paprika Lentils Bowl with Barley","YES_DERIVED_FROM_PUBLISHED_READY","published","ready","dinner","MAIN_MEAL","OFFICIAL_MEAL_TYPE","NO_OFFICIAL","YES_OFFICIAL","NO_OFFICIAL","NO_OFFICIAL","NO_OFFICIAL","NO","NO","549","30","88.2","8.5","30.8","qa.derived_fiber_g","520","g","1","عدس مطهو / Lentils, cooked: 278g; شعير لؤلؤي مطهو / Pearled barley, cooked: 62g; فلفل حلو أحمر طازج / Red bell pepper, raw: 77g; فطر أبيض مطهو / White mushrooms, cooked: 49g; أفوكادو طازج / Avocado, raw: 44g; ثوم طازج / Garlic, raw: 8g; بابريكا / Paprika: 2g","سخّن أو حضّر كمية العدس المحددة وفق حالتها المطهوة المدرجة. | سخّن المكونات المطهوة وحضّر المكونات الطازجة من الكميات المحددة من الشعير، الفلفل الأحمر، الفطر، الأفوكادو، الثوم، البابريكا مع الحفاظ على حالة كل مكوّن المسجلة. | رتّب الحصة كاملة في وعاء حجري عريض وضحل باستخدام العدس، الشعير، الفلفل الأحمر، الفطر، الأفوكادو، الثوم، البابريكا فقط ووزّع الصلصات والتوابل بخفة وتساوٍ.","Warm or prepare the measured Lentils using its listed cooked form. | Warm cooked components and prepare fresh components from the measured Barley, Red Pepper, Mushrooms, Avocado, Garlic, Paprika, keeping each food in its recorded state. | Arrange the complete serving in one wide shallow stoneware bowl using only Lentils, Barley, Red Pepper, Mushrooms, Avocado, Garlic, Paprika; distribute sauces and seasonings lightly and evenly.","/nutrition/meals/MEAL-170/cover.webp","/nutrition/meals/MEAL-170/cover-thumb.webp","ready","FILES_PRESENT","{""calorie_band_kcal"":""450_599"",""protein_band_g"":""30_39"",""carb_band_g"":""high"",""fat_band_g"":""moderate"",""meal_type_required"":true,""max_calorie_delta_pct"":10,""max_protein_delta_g"":8,""exclude_allergens"":true}","gluten","vegetarian|vegan|pescatarian|high_fiber","NOT_AVAILABLE","YES_EXPLICIT","YES_EXPLICIT","fat_loss|maintenance|muscle_gain","Nutrition Library V2. USDA FoodData Central. One serving. Identity is external_id.","USDA FoodData Central — SR Legacy (April 2018 release)"
"MEAL-171","طبق السلمون بالكمون والليمون الأخضر مع البطاطا الحلوة","Cumin-Lime Salmon Plate with Sweet Potato","YES_DERIVED_FROM_PUBLISHED_READY","published","ready","dinner","MAIN_MEAL","OFFICIAL_MEAL_TYPE","NO_OFFICIAL","YES_OFFICIAL","NO_OFFICIAL","NO_OFFICIAL","NO_OFFICIAL","NO","NO","400","30.1","23.2","20.7","6.6","qa.derived_fiber_g","346","g","1","سلمون أطلسي مطهو بحرارة جافة / Atlantic salmon, cooked with dry heat: 117g; بطاطا حلوة مشوية / Baked sweet potato: 70g; فطر أبيض مطهو / White mushrooms, cooked: 39g; كوسا مطهوة / Zucchini, cooked: 74g; أفوكادو طازج / Avocado, raw: 36g; كمون / Cumin seed: 2g; عصير ليمون أخضر طازج / Lime juice, raw: 8g","سخّن أو حضّر كمية السلمون المحددة وفق حالتها المطهوة المدرجة. | سخّن المكونات المطهوة وحضّر المكونات الطازجة من الكميات المحددة من البطاطا الحلوة، الفطر، الكوسا، الأفوكادو، الكمون، الليمون الأخضر مع الحفاظ على حالة كل مكوّن المسجلة. | رتّب الحصة كاملة في طبق خزفي مسطح ومحايد باستخدام السلمون، البطاطا الحلوة، الفطر، الكوسا، الأفوكادو، الكمون، الليمون الأخضر فقط ووزّع الصلصات والتوابل بخفة وتساوٍ.","Warm or prepare the measured Salmon using its listed cooked form. | Warm cooked components and prepare fresh components from the measured Sweet Potato, Mushrooms, Zucchini, Avocado, Cumin, Lime, keeping each food in its recorded state. | Arrange the complete serving in one flat neutral ceramic dinner plate using only Salmon, Sweet Potato, Mushrooms, Zucchini, Avocado, Cumin, Lime; distribute sauces and seasonings lightly and evenly.","/nutrition/meals/MEAL-171/cover.webp","/nutrition/meals/MEAL-171/cover-thumb.webp","ready","FILES_PRESENT","{""calorie_band_kcal"":""300_449"",""protein_band_g"":""30_39"",""carb_band_g"":""low"",""fat_band_g"":""high"",""meal_type_required"":true,""max_calorie_delta_pct"":10,""max_protein_delta_g"":8,""exclude_allergens"":true}","fish","pescatarian|gluten_free|high_fiber|omega_3","NOT_AVAILABLE","NO_EXPLICIT_TAG","NO_EXPLICIT_TAG","fat_loss|maintenance|muscle_gain","Nutrition Library V2. USDA FoodData Central. One serving. Identity is external_id.","USDA FoodData Central — SR Legacy (April 2018 release)"
"MEAL-172","وعاء الأرز الأبيض بالزنجبيل والصويا مع الديك الرومي","Ginger-Soy White Rice Bowl with Turkey","YES_DERIVED_FROM_PUBLISHED_READY","published","ready","dinner","MAIN_MEAL","OFFICIAL_MEAL_TYPE","NO_OFFICIAL","YES_OFFICIAL","NO_OFFICIAL","NO_OFFICIAL","NO_OFFICIAL","NO","NO","720","40.1","80.7","26.3","4.4","qa.derived_fiber_g","528","g","1","صدر ديك رومي مطهو ومشوي / Turkey breast, cooked, roasted: 103g; أرز أبيض مطهو / White rice, cooked: 249g; خس روماني طازج / Romaine lettuce, raw: 82g; جزر طازج / Carrot, raw: 55g; زيت زيتون / Olive oil: 23g; زنجبيل طازج / Ginger root, raw: 8g; صلصة صويا قليلة الصوديوم / Reduced-sodium soy sauce: 8g","سخّن أو حضّر كمية الديك الرومي المحددة وفق حالتها المطهوة المدرجة. | سخّن المكونات المطهوة وحضّر المكونات الطازجة من الكميات المحددة من الأرز الأبيض، الخس الروماني، الجزر، زيت الزيتون، الزنجبيل، صلصة الصويا مع الحفاظ على حالة كل مكوّن المسجلة. | رتّب الحصة كاملة في وعاء حجري عريض وضحل باستخدام الديك الرومي، الأرز الأبيض، الخس الروماني، الجزر، زيت الزيتون، الزنجبيل، صلصة الصويا فقط ووزّع الصلصات والتوابل بخفة وتساوٍ.","Warm or prepare the measured Turkey using its listed cooked form. | Warm cooked components and prepare fresh components from the measured White Rice, Romaine, Carrot, Olive Oil, Ginger, Soy Sauce, keeping each food in its recorded state. | Arrange the complete serving in one wide shallow stoneware bowl using only Turkey, White Rice, Romaine, Carrot, Olive Oil, Ginger, Soy Sauce; distribute sauces and seasonings lightly and evenly.","/nutrition/meals/MEAL-172/cover.webp","/nutrition/meals/MEAL-172/cover-thumb.webp","ready","FILES_PRESENT","{""calorie_band_kcal"":""600_plus"",""protein_band_g"":""40_plus"",""carb_band_g"":""high"",""fat_band_g"":""high"",""meal_type_required"":true,""max_calorie_delta_pct"":10,""max_protein_delta_g"":8,""exclude_allergens"":true}","soy","high_protein","NOT_AVAILABLE","NO_EXPLICIT_TAG","NO_EXPLICIT_TAG","fat_loss|maintenance|muscle_gain","Nutrition Library V2. USDA FoodData Central. One serving. Identity is external_id.","USDA FoodData Central — SR Legacy (April 2018 release)"
"MEAL-173","وعاء البطاطس بالطحينة والليمون مع التوفو","Tahini-Lemon Potato Bowl with Tofu","YES_DERIVED_FROM_PUBLISHED_READY","published","ready","dinner","MAIN_MEAL","OFFICIAL_MEAL_TYPE","NO_OFFICIAL","YES_OFFICIAL","NO_OFFICIAL","NO_OFFICIAL","NO_OFFICIAL","NO","NO","754","30","67.8","40.3","11.5","qa.derived_fiber_g","543","g","1","توفو متماسك محضر بالكالسيوم / Firm tofu prepared with calcium: 86g; بطاطس مشوية بالقشر / Baked potato with skin: 270g; سبانخ مطهوة / Spinach, cooked: 81g; خس روماني طازج / Romaine lettuce, raw: 50g; زيت زيتون / Olive oil: 14g; طحينة سمسم / Sesame butter, tahini: 34g; عصير ليمون طازج / Lemon juice, raw: 8g","سخّن أو حضّر كمية التوفو المحددة وفق حالتها المطهوة المدرجة. | سخّن المكونات المطهوة وحضّر المكونات الطازجة من الكميات المحددة من البطاطس، السبانخ، الخس الروماني، زيت الزيتون، الطحينة، الليمون مع الحفاظ على حالة كل مكوّن المسجلة. | رتّب الحصة كاملة في وعاء حجري عريض وضحل باستخدام التوفو، البطاطس، السبانخ، الخس الروماني، زيت الزيتون، الطحينة، الليمون فقط ووزّع الصلصات والتوابل بخفة وتساوٍ.","Warm or prepare the measured Tofu using its listed cooked form. | Warm cooked components and prepare fresh components from the measured Potato, Spinach, Romaine, Olive Oil, Tahini, Lemon, keeping each food in its recorded state. | Arrange the complete serving in one wide shallow stoneware bowl using only Tofu, Potato, Spinach, Romaine, Olive Oil, Tahini, Lemon; distribute sauces and seasonings lightly and evenly.","/nutrition/meals/MEAL-173/cover.webp","/nutrition/meals/MEAL-173/cover-thumb.webp","ready","FILES_PRESENT","{""calorie_band_kcal"":""600_plus"",""protein_band_g"":""30_39"",""carb_band_g"":""high"",""fat_band_g"":""high"",""meal_type_required"":true,""max_calorie_delta_pct"":10,""max_protein_delta_g"":8,""exclude_allergens"":true}","sesame|soy","vegetarian|vegan|pescatarian|gluten_free|high_fiber","NOT_AVAILABLE","YES_EXPLICIT","YES_EXPLICIT","fat_loss|maintenance|muscle_gain","Nutrition Library V2. USDA FoodData Central. One serving. Identity is external_id.","USDA FoodData Central — SR Legacy (April 2018 release)"
"MEAL-174","وعاء الروبيان بالطماطم والبقدونس مع تورتيلا الذرة","Tomato-Parsley Shrimp Bowl with Corn Tortilla","YES_DERIVED_FROM_PUBLISHED_READY","published","ready","dinner","MAIN_MEAL","OFFICIAL_MEAL_TYPE","NO_OFFICIAL","YES_OFFICIAL","NO_OFFICIAL","NO_OFFICIAL","NO_OFFICIAL","NO","NO","581","29.9","57.3","25.8","9.4","qa.derived_fiber_g","385","g","1","روبيان مطهو / Shrimp, cooked: 92g; خبز تورتيلا الذرة / Corn tortilla: 110g; فلفل حلو أحمر طازج / Red bell pepper, raw: 81g; خيار طازج بالقشر / Cucumber with peel, raw: 51g; زيت زيتون / Olive oil: 22g; طماطم طازجة / Tomato, raw: 21g; بقدونس طازج / Fresh parsley: 8g","سخّن أو حضّر كمية الروبيان المحددة وفق حالتها المطهوة المدرجة. | سخّن المكونات المطهوة وحضّر المكونات الطازجة من الكميات المحددة من تورتيلا الذرة، الفلفل الأحمر، الخيار، زيت الزيتون، الطماطم، البقدونس مع الحفاظ على حالة كل مكوّن المسجلة. | رتّب الحصة كاملة في وعاء حجري عريض وضحل باستخدام الروبيان، تورتيلا الذرة، الفلفل الأحمر، الخيار، زيت الزيتون، الطماطم، البقدونس فقط ووزّع الصلصات والتوابل بخفة وتساوٍ.","Warm or prepare the measured Shrimp using its listed cooked form. | Warm cooked components and prepare fresh components from the measured Corn Tortilla, Red Pepper, Cucumber, Olive Oil, Tomato, Parsley, keeping each food in its recorded state. | Arrange the complete serving in one wide shallow stoneware bowl using only Shrimp, Corn Tortilla, Red Pepper, Cucumber, Olive Oil, Tomato, Parsley; distribute sauces and seasonings lightly and evenly.","/nutrition/meals/MEAL-174/cover.webp","/nutrition/meals/MEAL-174/cover-thumb.webp","ready","FILES_PRESENT","{""calorie_band_kcal"":""450_599"",""protein_band_g"":""20_29"",""carb_band_g"":""high"",""fat_band_g"":""high"",""meal_type_required"":true,""max_calorie_delta_pct"":10,""max_protein_delta_g"":8,""exclude_allergens"":true}","shellfish","pescatarian|gluten_free|high_fiber","NOT_AVAILABLE","NO_EXPLICIT_TAG","NO_EXPLICIT_TAG","fat_loss|maintenance|muscle_gain","Nutrition Library V2. USDA FoodData Central. One serving. Identity is external_id.","USDA FoodData Central — SR Legacy (April 2018 release)"
"MEAL-175","طبق الأرز الأبيض بالليمون والأعشاب مع التونة","Lemon-Herb White Rice Plate with Tuna","YES_DERIVED_FROM_PUBLISHED_READY","published","ready","dinner","MAIN_MEAL","OFFICIAL_MEAL_TYPE","NO_OFFICIAL","YES_OFFICIAL","NO_OFFICIAL","NO_OFFICIAL","NO_OFFICIAL","NO","NO","520","29.9","86.1","6.2","7.8","qa.derived_fiber_g","496","g","1","تونة خفيفة معلبة بالماء ومصفاة / Light tuna, canned in water, drained: 70g; أرز أبيض مطهو / White rice, cooked: 250g; فطر أبيض مطهو / White mushrooms, cooked: 80g; بازلاء خضراء مطهوة / Green peas, cooked: 50g; أفوكادو طازج / Avocado, raw: 30g; عصير ليمون طازج / Lemon juice, raw: 8g; بقدونس طازج / Fresh parsley: 8g","سخّن أو حضّر كمية التونة المحددة وفق حالتها المطهوة المدرجة. | سخّن المكونات المطهوة وحضّر المكونات الطازجة من الكميات المحددة من الأرز الأبيض، الفطر، البازلاء الخضراء، الأفوكادو، الليمون، البقدونس مع الحفاظ على حالة كل مكوّن المسجلة. | رتّب الحصة كاملة في طبق خزفي مسطح ومحايد باستخدام التونة، الأرز الأبيض، الفطر، البازلاء الخضراء، الأفوكادو، الليمون، البقدونس فقط ووزّع الصلصات والتوابل بخفة وتساوٍ.","Warm or prepare the measured Tuna using its listed cooked form. | Warm cooked components and prepare fresh components from the measured White Rice, Mushrooms, Green Peas, Avocado, Lemon, Parsley, keeping each food in its recorded state. | Arrange the complete serving in one flat neutral ceramic dinner plate using only Tuna, White Rice, Mushrooms, Green Peas, Avocado, Lemon, Parsley; distribute sauces and seasonings lightly and evenly.","/nutrition/meals/MEAL-175/cover.webp","/nutrition/meals/MEAL-175/cover-thumb.webp","ready","FILES_PRESENT","{""calorie_band_kcal"":""450_599"",""protein_band_g"":""20_29"",""carb_band_g"":""high"",""fat_band_g"":""low"",""meal_type_required"":true,""max_calorie_delta_pct"":10,""max_protein_delta_g"":8,""exclude_allergens"":true}","fish","pescatarian|gluten_free|high_fiber|omega_3","NOT_AVAILABLE","NO_EXPLICIT_TAG","NO_EXPLICIT_TAG","fat_loss|maintenance|muscle_gain","Nutrition Library V2. USDA FoodData Central. One serving. Identity is external_id.","USDA FoodData Central — SR Legacy (April 2018 release)"
"MEAL-176","وعاء الكينوا بالكمون والليمون الأخضر مع الدجاج","Cumin-Lime Quinoa Bowl with Chicken","YES_DERIVED_FROM_PUBLISHED_READY","published","ready","dinner","MAIN_MEAL","OFFICIAL_MEAL_TYPE","NO_OFFICIAL","YES_OFFICIAL","NO_OFFICIAL","NO_OFFICIAL","NO_OFFICIAL","NO","NO","579","29.9","44.2","31.4","7.7","qa.derived_fiber_g","405","g","1","صدر دجاج مطهو ومشوي / Chicken breast, cooked, roasted: 60g; كينوا مطهوة / Quinoa, cooked: 180g; سبانخ مطهوة / Spinach, cooked: 80g; كوسا مطهوة / Zucchini, cooked: 50g; زيت زيتون / Olive oil: 25g; كمون / Cumin seed: 2g; عصير ليمون أخضر طازج / Lime juice, raw: 8g","سخّن أو حضّر كمية الدجاج المحددة وفق حالتها المطهوة المدرجة. | سخّن المكونات المطهوة وحضّر المكونات الطازجة من الكميات المحددة من الكينوا، السبانخ، الكوسا، زيت الزيتون، الكمون، الليمون الأخضر مع الحفاظ على حالة كل مكوّن المسجلة. | رتّب الحصة كاملة في وعاء حجري عريض وضحل باستخدام الدجاج، الكينوا، السبانخ، الكوسا، زيت الزيتون، الكمون، الليمون الأخضر فقط ووزّع الصلصات والتوابل بخفة وتساوٍ.","Warm or prepare the measured Chicken using its listed cooked form. | Warm cooked components and prepare fresh components from the measured Quinoa, Spinach, Zucchini, Olive Oil, Cumin, Lime, keeping each food in its recorded state. | Arrange the complete serving in one wide shallow stoneware bowl using only Chicken, Quinoa, Spinach, Zucchini, Olive Oil, Cumin, Lime; distribute sauces and seasonings lightly and evenly.","/nutrition/meals/MEAL-176/cover.webp","/nutrition/meals/MEAL-176/cover-thumb.webp","ready","FILES_PRESENT","{""calorie_band_kcal"":""450_599"",""protein_band_g"":""20_29"",""carb_band_g"":""moderate"",""fat_band_g"":""high"",""meal_type_required"":true,""max_calorie_delta_pct"":10,""max_protein_delta_g"":8,""exclude_allergens"":true}","NOT_AVAILABLE","gluten_free|high_fiber","NOT_AVAILABLE","NO_EXPLICIT_TAG","NO_EXPLICIT_TAG","fat_loss|maintenance|muscle_gain","Nutrition Library V2. USDA FoodData Central. One serving. Identity is external_id.","USDA FoodData Central — SR Legacy (April 2018 release)"
"MEAL-177","وعاء الكينوا بالكمون والليمون الأخضر مع جبن القريش","Cumin-Lime Quinoa Bowl with Cottage Cheese","YES_DERIVED_FROM_PUBLISHED_READY","published","ready","dinner","MAIN_MEAL","OFFICIAL_MEAL_TYPE","NO_OFFICIAL","YES_OFFICIAL","NO_OFFICIAL","NO_OFFICIAL","NO_OFFICIAL","NO","NO","576","30.1","71","19.1","12.7","qa.derived_fiber_g","527","g","1","جبن قريش قليل الدسم 2٪ / Cottage cheese, lowfat, 2% milkfat: 102g; كينوا مطهوة / Quinoa, cooked: 260g; سبانخ مطهوة / Spinach, cooked: 81g; كوسا مطهوة / Zucchini, cooked: 52g; لوز / Almonds: 22g; كمون / Cumin seed: 2g; عصير ليمون أخضر طازج / Lime juice, raw: 8g","سخّن أو حضّر كمية جبن القريش المحددة وفق حالتها المطهوة المدرجة. | سخّن المكونات المطهوة وحضّر المكونات الطازجة من الكميات المحددة من الكينوا، السبانخ، الكوسا، اللوز، الكمون، الليمون الأخضر مع الحفاظ على حالة كل مكوّن المسجلة. | رتّب الحصة كاملة في وعاء حجري عريض وضحل باستخدام جبن القريش، الكينوا، السبانخ، الكوسا، اللوز، الكمون، الليمون الأخضر فقط ووزّع الصلصات والتوابل بخفة وتساوٍ.","Warm or prepare the measured Cottage Cheese using its listed cooked form. | Warm cooked components and prepare fresh components from the measured Quinoa, Spinach, Zucchini, Almonds, Cumin, Lime, keeping each food in its recorded state. | Arrange the complete serving in one wide shallow stoneware bowl using only Cottage Cheese, Quinoa, Spinach, Zucchini, Almonds, Cumin, Lime; distribute sauces and seasonings lightly and evenly.","/nutrition/meals/MEAL-177/cover.webp","/nutrition/meals/MEAL-177/cover-thumb.webp","ready","FILES_PRESENT","{""calorie_band_kcal"":""450_599"",""protein_band_g"":""30_39"",""carb_band_g"":""high"",""fat_band_g"":""high"",""meal_type_required"":true,""max_calorie_delta_pct"":10,""max_protein_delta_g"":8,""exclude_allergens"":true}","milk|tree_nuts","vegetarian|pescatarian|gluten_free|high_fiber","NOT_AVAILABLE","YES_EXPLICIT","NO_EXPLICIT_TAG","fat_loss|maintenance|muscle_gain","Nutrition Library V2. USDA FoodData Central. One serving. Identity is external_id.","USDA FoodData Central — SR Legacy (April 2018 release)"
"MEAL-178","وعاء الكسكس بالزنجبيل والصويا مع سمك القد","Ginger-Soy Couscous Bowl with Cod","YES_DERIVED_FROM_PUBLISHED_READY","published","ready","dinner","MAIN_MEAL","OFFICIAL_MEAL_TYPE","NO_OFFICIAL","YES_OFFICIAL","NO_OFFICIAL","NO_OFFICIAL","NO_OFFICIAL","NO","NO","520","30.1","79.5","9.1","10.5","qa.derived_fiber_g","580","g","1","قد أطلسي مطهو بحرارة جافة / Pacific cod, cooked with dry heat: 89g; كسكس مطهو / Couscous, cooked: 260g; فلفل حلو أحمر طازج / Red bell pepper, raw: 93g; بصل طازج / Onion, raw: 69g; أفوكادو طازج / Avocado, raw: 53g; زنجبيل طازج / Ginger root, raw: 8g; صلصة صويا قليلة الصوديوم / Reduced-sodium soy sauce: 8g","سخّن أو حضّر كمية سمك القد المحددة وفق حالتها المطهوة المدرجة. | سخّن المكونات المطهوة وحضّر المكونات الطازجة من الكميات المحددة من الكسكس، الفلفل الأحمر، البصل، الأفوكادو، الزنجبيل، صلصة الصويا مع الحفاظ على حالة كل مكوّن المسجلة. | رتّب الحصة كاملة في وعاء حجري عريض وضحل باستخدام سمك القد، الكسكس، الفلفل الأحمر، البصل، الأفوكادو، الزنجبيل، صلصة الصويا فقط ووزّع الصلصات والتوابل بخفة وتساوٍ.","Warm or prepare the measured Cod using its listed cooked form. | Warm cooked components and prepare fresh components from the measured Couscous, Red Pepper, Onion, Avocado, Ginger, Soy Sauce, keeping each food in its recorded state. | Arrange the complete serving in one wide shallow stoneware bowl using only Cod, Couscous, Red Pepper, Onion, Avocado, Ginger, Soy Sauce; distribute sauces and seasonings lightly and evenly.","/nutrition/meals/MEAL-178/cover.webp","/nutrition/meals/MEAL-178/cover-thumb.webp","ready","FILES_PRESENT","{""calorie_band_kcal"":""450_599"",""protein_band_g"":""30_39"",""carb_band_g"":""high"",""fat_band_g"":""moderate"",""meal_type_required"":true,""max_calorie_delta_pct"":10,""max_protein_delta_g"":8,""exclude_allergens"":true}","gluten|fish|soy","pescatarian|high_fiber","NOT_AVAILABLE","NO_EXPLICIT_TAG","NO_EXPLICIT_TAG","fat_loss|maintenance|muscle_gain","Nutrition Library V2. USDA FoodData Central. One serving. Identity is external_id.","USDA FoodData Central — SR Legacy (April 2018 release)"
"MEAL-179","وعاء الشعير بالطحينة والليمون مع العدس","Tahini-Lemon Barley Bowl with Lentils","YES_DERIVED_FROM_PUBLISHED_READY","published","ready","dinner","MAIN_MEAL","OFFICIAL_MEAL_TYPE","NO_OFFICIAL","YES_OFFICIAL","NO_OFFICIAL","NO_OFFICIAL","NO_OFFICIAL","NO","NO","553","16.6","89.1","14.5","18.8","qa.derived_fiber_g","463","g","1","عدس مطهو / Lentils, cooked: 95g; شعير لؤلؤي مطهو / Pearled barley, cooked: 217g; فطر أبيض مطهو / White mushrooms, cooked: 80g; فلفل حلو أحمر طازج / Red bell pepper, raw: 48g; زيت زيتون / Olive oil: 10g; طحينة سمسم / Sesame butter, tahini: 5g; عصير ليمون طازج / Lemon juice, raw: 8g","سخّن أو حضّر كمية العدس المحددة وفق حالتها المطهوة المدرجة. | سخّن المكونات المطهوة وحضّر المكونات الطازجة من الكميات المحددة من الشعير، الفطر، الفلفل الأحمر، زيت الزيتون، الطحينة، الليمون مع الحفاظ على حالة كل مكوّن المسجلة. | رتّب الحصة كاملة في وعاء حجري عريض وضحل باستخدام العدس، الشعير، الفطر، الفلفل الأحمر، زيت الزيتون، الطحينة، الليمون فقط ووزّع الصلصات والتوابل بخفة وتساوٍ.","Warm or prepare the measured Lentils using its listed cooked form. | Warm cooked components and prepare fresh components from the measured Barley, Mushrooms, Red Pepper, Olive Oil, Tahini, Lemon, keeping each food in its recorded state. | Arrange the complete serving in one wide shallow stoneware bowl using only Lentils, Barley, Mushrooms, Red Pepper, Olive Oil, Tahini, Lemon; distribute sauces and seasonings lightly and evenly.","/nutrition/meals/MEAL-179/cover.webp","/nutrition/meals/MEAL-179/cover-thumb.webp","ready","FILES_PRESENT","{""calorie_band_kcal"":""450_599"",""protein_band_g"":""under_20"",""carb_band_g"":""high"",""fat_band_g"":""moderate"",""meal_type_required"":true,""max_calorie_delta_pct"":10,""max_protein_delta_g"":8,""exclude_allergens"":true}","gluten|sesame","vegetarian|vegan|pescatarian|high_fiber","NOT_AVAILABLE","YES_EXPLICIT","YES_EXPLICIT","fat_loss|maintenance","Nutrition Library V2. USDA FoodData Central. One serving. Identity is external_id.","USDA FoodData Central — SR Legacy (April 2018 release)"
"MEAL-180","وعاء الأرز البني بالطماطم والبقدونس مع لحم الضأن","Tomato-Parsley Brown Rice Bowl with Lamb","YES_DERIVED_FROM_PUBLISHED_READY","published","ready","dinner","MAIN_MEAL","OFFICIAL_MEAL_TYPE","NO_OFFICIAL","YES_OFFICIAL","NO_OFFICIAL","NO_OFFICIAL","NO_OFFICIAL","NO","NO","578","18.4","47.1","35.1","6.6","qa.derived_fiber_g","384","g","1","فخذ ضأن قليل الدهن ومشوي / Lamb leg, lean, cooked, roasted: 40g; أرز بني مطهو / Brown rice, cooked: 159g; خس روماني طازج / Romaine lettuce, raw: 79g; كرنب أجعد مطهو / Kale, cooked: 48g; زيت زيتون / Olive oil: 30g; طماطم طازجة / Tomato, raw: 20g; بقدونس طازج / Fresh parsley: 8g","سخّن أو حضّر كمية لحم الضأن المحددة وفق حالتها المطهوة المدرجة. | سخّن المكونات المطهوة وحضّر المكونات الطازجة من الكميات المحددة من الأرز البني، الخس الروماني، الكرنب الأجعد، زيت الزيتون، الطماطم، البقدونس مع الحفاظ على حالة كل مكوّن المسجلة. | رتّب الحصة كاملة في وعاء حجري عريض وضحل باستخدام لحم الضأن، الأرز البني، الخس الروماني، الكرنب الأجعد، زيت الزيتون، الطماطم، البقدونس فقط ووزّع الصلصات والتوابل بخفة وتساوٍ.","Warm or prepare the measured Lamb using its listed cooked form. | Warm cooked components and prepare fresh components from the measured Brown Rice, Romaine, Kale, Olive Oil, Tomato, Parsley, keeping each food in its recorded state. | Arrange the complete serving in one wide shallow stoneware bowl using only Lamb, Brown Rice, Romaine, Kale, Olive Oil, Tomato, Parsley; distribute sauces and seasonings lightly and evenly.","/nutrition/meals/MEAL-180/cover.webp","/nutrition/meals/MEAL-180/cover-thumb.webp","ready","FILES_PRESENT","{""calorie_band_kcal"":""450_599"",""protein_band_g"":""under_20"",""carb_band_g"":""moderate"",""fat_band_g"":""high"",""meal_type_required"":true,""max_calorie_delta_pct"":10,""max_protein_delta_g"":8,""exclude_allergens"":true}","NOT_AVAILABLE","gluten_free|high_fiber","NOT_AVAILABLE","NO_EXPLICIT_TAG","NO_EXPLICIT_TAG","fat_loss|maintenance","Nutrition Library V2. USDA FoodData Central. One serving. Identity is external_id.","USDA FoodData Central — SR Legacy (April 2018 release)"
"MEAL-181","طبق الأرز الأبيض بالليمون والأعشاب مع السلمون","Lemon-Herb White Rice Plate with Salmon","YES_DERIVED_FROM_PUBLISHED_READY","published","ready","dinner","MAIN_MEAL","OFFICIAL_MEAL_TYPE","NO_OFFICIAL","YES_OFFICIAL","NO_OFFICIAL","NO_OFFICIAL","NO_OFFICIAL","NO","NO","356","14.7","26","21.5","2.3","qa.derived_fiber_g","269","g","1","سلمون أطلسي مطهو بحرارة جافة / Atlantic salmon, cooked with dry heat: 47g; أرز أبيض مطهو / White rice, cooked: 76g; سبانخ مطهوة / Spinach, cooked: 40g; كوسا مطهوة / Zucchini, cooked: 75g; زيت زيتون / Olive oil: 15g; عصير ليمون طازج / Lemon juice, raw: 8g; بقدونس طازج / Fresh parsley: 8g","سخّن أو حضّر كمية السلمون المحددة وفق حالتها المطهوة المدرجة. | سخّن المكونات المطهوة وحضّر المكونات الطازجة من الكميات المحددة من الأرز الأبيض، السبانخ، الكوسا، زيت الزيتون، الليمون، البقدونس مع الحفاظ على حالة كل مكوّن المسجلة. | رتّب الحصة كاملة في طبق خزفي مسطح ومحايد باستخدام السلمون، الأرز الأبيض، السبانخ، الكوسا، زيت الزيتون، الليمون، البقدونس فقط ووزّع الصلصات والتوابل بخفة وتساوٍ.","Warm or prepare the measured Salmon using its listed cooked form. | Warm cooked components and prepare fresh components from the measured White Rice, Spinach, Zucchini, Olive Oil, Lemon, Parsley, keeping each food in its recorded state. | Arrange the complete serving in one flat neutral ceramic dinner plate using only Salmon, White Rice, Spinach, Zucchini, Olive Oil, Lemon, Parsley; distribute sauces and seasonings lightly and evenly.","/nutrition/meals/MEAL-181/cover.webp","/nutrition/meals/MEAL-181/cover-thumb.webp","ready","FILES_PRESENT","{""calorie_band_kcal"":""300_449"",""protein_band_g"":""under_20"",""carb_band_g"":""moderate"",""fat_band_g"":""high"",""meal_type_required"":true,""max_calorie_delta_pct"":10,""max_protein_delta_g"":8,""exclude_allergens"":true}","fish","pescatarian|gluten_free","NOT_AVAILABLE","NO_EXPLICIT_TAG","NO_EXPLICIT_TAG","fat_loss|maintenance","Nutrition Library V2. USDA FoodData Central. One serving. Identity is external_id.","USDA FoodData Central — SR Legacy (April 2018 release)"
"MEAL-182","وعاء جبن القريش بالثوم والبابريكا مع الكسكس","Garlic-Paprika Cottage Cheese Bowl with Couscous","YES_DERIVED_FROM_PUBLISHED_READY","published","ready","dinner","MAIN_MEAL","OFFICIAL_MEAL_TYPE","NO_OFFICIAL","YES_OFFICIAL","NO_OFFICIAL","NO_OFFICIAL","NO_OFFICIAL","NO","NO","549","30.2","79.3","12.3","10.3","qa.derived_fiber_g","596","g","1","جبن قريش قليل الدسم 2٪ / Cottage cheese, lowfat, 2% milkfat: 167g; كسكس مطهو / Couscous, cooked: 241g; فلفل حلو أحمر طازج / Red bell pepper, raw: 79g; فطر أبيض مطهو / White mushrooms, cooked: 49g; أفوكادو طازج / Avocado, raw: 50g; ثوم طازج / Garlic, raw: 8g; بابريكا / Paprika: 2g","سخّن أو حضّر كمية جبن القريش المحددة وفق حالتها المطهوة المدرجة. | سخّن المكونات المطهوة وحضّر المكونات الطازجة من الكميات المحددة من الكسكس، الفلفل الأحمر، الفطر، الأفوكادو، الثوم، البابريكا مع الحفاظ على حالة كل مكوّن المسجلة. | رتّب الحصة كاملة في وعاء حجري عريض وضحل باستخدام جبن القريش، الكسكس، الفلفل الأحمر، الفطر، الأفوكادو، الثوم، البابريكا فقط ووزّع الصلصات والتوابل بخفة وتساوٍ.","Warm or prepare the measured Cottage Cheese using its listed cooked form. | Warm cooked components and prepare fresh components from the measured Couscous, Red Pepper, Mushrooms, Avocado, Garlic, Paprika, keeping each food in its recorded state. | Arrange the complete serving in one wide shallow stoneware bowl using only Cottage Cheese, Couscous, Red Pepper, Mushrooms, Avocado, Garlic, Paprika; distribute sauces and seasonings lightly and evenly.","/nutrition/meals/MEAL-182/cover.webp","/nutrition/meals/MEAL-182/cover-thumb.webp","ready","FILES_PRESENT","{""calorie_band_kcal"":""450_599"",""protein_band_g"":""30_39"",""carb_band_g"":""high"",""fat_band_g"":""moderate"",""meal_type_required"":true,""max_calorie_delta_pct"":10,""max_protein_delta_g"":8,""exclude_allergens"":true}","milk|gluten","vegetarian|pescatarian|high_fiber","NOT_AVAILABLE","YES_EXPLICIT","NO_EXPLICIT_TAG","fat_loss|maintenance|muscle_gain","Nutrition Library V2. USDA FoodData Central. One serving. Identity is external_id.","USDA FoodData Central — SR Legacy (April 2018 release)"
"MEAL-183","طبق الشعير بالكمون والليمون الأخضر مع سمك القد","Cumin-Lime Barley Plate with Cod","YES_DERIVED_FROM_PUBLISHED_READY","published","ready","dinner","MAIN_MEAL","OFFICIAL_MEAL_TYPE","NO_OFFICIAL","YES_OFFICIAL","NO_OFFICIAL","NO_OFFICIAL","NO_OFFICIAL","NO","NO","394","18.4","55.8","10.8","8.1","qa.derived_fiber_g","377","g","1","قد أطلسي مطهو بحرارة جافة / Pacific cod, cooked with dry heat: 68g; شعير لؤلؤي مطهو / Pearled barley, cooked: 175g; فطر أبيض مطهو / White mushrooms, cooked: 40g; خيار طازج بالقشر / Cucumber with peel, raw: 75g; زيت زيتون / Olive oil: 9g; كمون / Cumin seed: 2g; عصير ليمون أخضر طازج / Lime juice, raw: 8g","سخّن أو حضّر كمية سمك القد المحددة وفق حالتها المطهوة المدرجة. | سخّن المكونات المطهوة وحضّر المكونات الطازجة من الكميات المحددة من الشعير، الفطر، الخيار، زيت الزيتون، الكمون، الليمون الأخضر مع الحفاظ على حالة كل مكوّن المسجلة. | رتّب الحصة كاملة في طبق خزفي مسطح ومحايد باستخدام سمك القد، الشعير، الفطر، الخيار، زيت الزيتون، الكمون، الليمون الأخضر فقط ووزّع الصلصات والتوابل بخفة وتساوٍ.","Warm or prepare the measured Cod using its listed cooked form. | Warm cooked components and prepare fresh components from the measured Barley, Mushrooms, Cucumber, Olive Oil, Cumin, Lime, keeping each food in its recorded state. | Arrange the complete serving in one flat neutral ceramic dinner plate using only Cod, Barley, Mushrooms, Cucumber, Olive Oil, Cumin, Lime; distribute sauces and seasonings lightly and evenly.","/nutrition/meals/MEAL-183/cover.webp","/nutrition/meals/MEAL-183/cover-thumb.webp","ready","FILES_PRESENT","{""calorie_band_kcal"":""300_449"",""protein_band_g"":""under_20"",""carb_band_g"":""high"",""fat_band_g"":""moderate"",""meal_type_required"":true,""max_calorie_delta_pct"":10,""max_protein_delta_g"":8,""exclude_allergens"":true}","gluten|fish","pescatarian|high_fiber","NOT_AVAILABLE","NO_EXPLICIT_TAG","NO_EXPLICIT_TAG","fat_loss|maintenance","Nutrition Library V2. USDA FoodData Central. One serving. Identity is external_id.","USDA FoodData Central — SR Legacy (April 2018 release)"
"MEAL-184","وعاء الأرز البني بالزنجبيل والصويا مع اللحم البقري","Ginger-Soy Brown Rice Bowl with Beef","YES_DERIVED_FROM_PUBLISHED_READY","published","ready","dinner","MAIN_MEAL","OFFICIAL_MEAL_TYPE","NO_OFFICIAL","YES_OFFICIAL","NO_OFFICIAL","NO_OFFICIAL","NO_OFFICIAL","NO","NO","718","30.2","77.4","32","7.7","qa.derived_fiber_g","510","g","1","لحم بقري من السيرلوين قليل الدهن ومشوي / Beef top sirloin, lean, cooked, grilled: 68g; أرز بني مطهو / Brown rice, cooked: 260g; خس روماني طازج / Romaine lettuce, raw: 83g; جزر طازج / Carrot, raw: 58g; زيت زيتون / Olive oil: 25g; زنجبيل طازج / Ginger root, raw: 8g; صلصة صويا قليلة الصوديوم / Reduced-sodium soy sauce: 8g","سخّن أو حضّر كمية اللحم البقري المحددة وفق حالتها المطهوة المدرجة. | سخّن المكونات المطهوة وحضّر المكونات الطازجة من الكميات المحددة من الأرز البني، الخس الروماني، الجزر، زيت الزيتون، الزنجبيل، صلصة الصويا مع الحفاظ على حالة كل مكوّن المسجلة. | رتّب الحصة كاملة في وعاء حجري عريض وضحل باستخدام اللحم البقري، الأرز البني، الخس الروماني، الجزر، زيت الزيتون، الزنجبيل، صلصة الصويا فقط ووزّع الصلصات والتوابل بخفة وتساوٍ.","Warm or prepare the measured Beef using its listed cooked form. | Warm cooked components and prepare fresh components from the measured Brown Rice, Romaine, Carrot, Olive Oil, Ginger, Soy Sauce, keeping each food in its recorded state. | Arrange the complete serving in one wide shallow stoneware bowl using only Beef, Brown Rice, Romaine, Carrot, Olive Oil, Ginger, Soy Sauce; distribute sauces and seasonings lightly and evenly.","/nutrition/meals/MEAL-184/cover.webp","/nutrition/meals/MEAL-184/cover-thumb.webp","ready","FILES_PRESENT","{""calorie_band_kcal"":""600_plus"",""protein_band_g"":""30_39"",""carb_band_g"":""high"",""fat_band_g"":""high"",""meal_type_required"":true,""max_calorie_delta_pct"":10,""max_protein_delta_g"":8,""exclude_allergens"":true}","soy","high_fiber","NOT_AVAILABLE","NO_EXPLICIT_TAG","NO_EXPLICIT_TAG","fat_loss|maintenance|muscle_gain","Nutrition Library V2. USDA FoodData Central. One serving. Identity is external_id.","USDA FoodData Central — SR Legacy (April 2018 release)"
"MEAL-185","طبق الأرز البني بالطحينة والليمون مع الدجاج","Tahini-Lemon Brown Rice Plate with Chicken","YES_DERIVED_FROM_PUBLISHED_READY","published","ready","dinner","MAIN_MEAL","OFFICIAL_MEAL_TYPE","NO_OFFICIAL","YES_OFFICIAL","NO_OFFICIAL","NO_OFFICIAL","NO_OFFICIAL","NO","NO","751","42.4","74","31.7","7.7","qa.derived_fiber_g","529","g","1","صدر دجاج مطهو ومشوي / Chicken breast, cooked, roasted: 98g; أرز بني مطهو / Brown rice, cooked: 260g; سبانخ مطهوة / Spinach, cooked: 82g; خس روماني طازج / Romaine lettuce, raw: 51g; زيت زيتون / Olive oil: 20g; طحينة سمسم / Sesame butter, tahini: 10g; عصير ليمون طازج / Lemon juice, raw: 8g","سخّن أو حضّر كمية الدجاج المحددة وفق حالتها المطهوة المدرجة. | سخّن المكونات المطهوة وحضّر المكونات الطازجة من الكميات المحددة من الأرز البني، السبانخ، الخس الروماني، زيت الزيتون، الطحينة، الليمون مع الحفاظ على حالة كل مكوّن المسجلة. | رتّب الحصة كاملة في طبق خزفي مسطح ومحايد باستخدام الدجاج، الأرز البني، السبانخ، الخس الروماني، زيت الزيتون، الطحينة، الليمون فقط ووزّع الصلصات والتوابل بخفة وتساوٍ.","Warm or prepare the measured Chicken using its listed cooked form. | Warm cooked components and prepare fresh components from the measured Brown Rice, Spinach, Romaine, Olive Oil, Tahini, Lemon, keeping each food in its recorded state. | Arrange the complete serving in one flat neutral ceramic dinner plate using only Chicken, Brown Rice, Spinach, Romaine, Olive Oil, Tahini, Lemon; distribute sauces and seasonings lightly and evenly.","/nutrition/meals/MEAL-185/cover.webp","/nutrition/meals/MEAL-185/cover-thumb.webp","ready","FILES_PRESENT","{""calorie_band_kcal"":""600_plus"",""protein_band_g"":""40_plus"",""carb_band_g"":""high"",""fat_band_g"":""high"",""meal_type_required"":true,""max_calorie_delta_pct"":10,""max_protein_delta_g"":8,""exclude_allergens"":true}","sesame","gluten_free|high_protein|high_fiber","NOT_AVAILABLE","NO_EXPLICIT_TAG","NO_EXPLICIT_TAG","fat_loss|maintenance|muscle_gain","Nutrition Library V2. USDA FoodData Central. One serving. Identity is external_id.","USDA FoodData Central — SR Legacy (April 2018 release)"
"MEAL-186","علبة عملية بياض البيض بالطماطم والبقدونس مع الخيار","Tomato-Parsley Egg White Portable Box with Cucumber","YES_DERIVED_FROM_PUBLISHED_READY","published","ready","snack","SNACK","OFFICIAL_MEAL_TYPE","NO_OFFICIAL","NO_OFFICIAL","YES_OFFICIAL","NO_OFFICIAL","NO_OFFICIAL","NO","NO","163","14.7","13.9","5.4","3.4","qa.derived_fiber_g","288","g","1","بياض بيض طازج / Egg white, raw, fresh: 100g; خيار طازج بالقشر / Cucumber with peel, raw: 75g; بصل طازج / Onion, raw: 75g; لوز / Almonds: 10g; طماطم طازجة / Tomato, raw: 20g; بقدونس طازج / Fresh parsley: 8g","اطهُ بياض البيض في مقلاة غير لاصقة حتى يصبح معتمًا تمامًا وتصل الحرارة الداخلية إلى 74°م (165°ف). | سخّن المكونات المطهوة وحضّر المكونات الطازجة من الكميات المحددة من الخيار، البصل، اللوز، الطماطم، البقدونس مع الحفاظ على حالة كل مكوّن المسجلة. | رتّب الحصة كاملة في علبة تحضير طعام عملية صغيرة ومقسّمة باستخدام بياض البيض، الخيار، البصل، اللوز، الطماطم، البقدونس فقط ووزّع الصلصات والتوابل بخفة وتساوٍ.","Cook the Egg White in a nonstick pan until fully opaque and the center reaches 74°C (165°F). | Warm cooked components and prepare fresh components from the measured Cucumber, Onion, Almonds, Tomato, Parsley, keeping each food in its recorded state. | Arrange the complete serving in one compact divided meal-prep box using only Egg White, Cucumber, Onion, Almonds, Tomato, Parsley; distribute sauces and seasonings lightly and evenly.","/nutrition/meals/MEAL-186/cover.webp","/nutrition/meals/MEAL-186/cover-thumb.webp","ready","FILES_PRESENT","{""calorie_band_kcal"":""under_300"",""protein_band_g"":""under_20"",""carb_band_g"":""low"",""fat_band_g"":""low"",""meal_type_required"":true,""max_calorie_delta_pct"":10,""max_protein_delta_g"":8,""exclude_allergens"":true}","egg|tree_nuts","vegetarian|pescatarian|gluten_free","NOT_AVAILABLE","YES_EXPLICIT","NO_EXPLICIT_TAG","fat_loss|maintenance|muscle_gain","Nutrition Library V2. USDA FoodData Central. One serving. Identity is external_id.","USDA FoodData Central — SR Legacy (April 2018 release)"
"MEAL-187","وعاء جبن القريش بالبرتقال والكتان مع الفراولة","Orange-Flax Cottage Cheese Bowl with Strawberries","YES_DERIVED_FROM_PUBLISHED_READY","published","ready","snack","SNACK","OFFICIAL_MEAL_TYPE","NO_OFFICIAL","NO_OFFICIAL","YES_OFFICIAL","NO_OFFICIAL","NO_OFFICIAL","NO","NO","257","23.3","19.9","9.4","2.7","qa.derived_fiber_g","288","g","1","جبن قريش قليل الدسم 2٪ / Cottage cheese, lowfat, 2% milkfat: 205g; فراولة طازجة / Strawberries, raw: 25g; مانجو طازجة / Mango, raw: 25g; جوز / Walnuts: 5g; برتقال طازج / Orange, raw: 25g; بذور كتان / Flaxseed: 3g","ضع كمية جبن القريش المحددة في وعاء خزفي متوسط غير لامع. | حضّر وأضف الكميات المحددة من الفراولة، المانجو، الجوز، البرتقال، بذور الكتان مع إبقاء قطع الفاكهة الأكبر واضحة. | اخلط أو رتّب الحصة كاملة باستخدام جبن القريش، الفراولة، المانجو، الجوز، البرتقال، بذور الكتان فقط وقدّمها من دون زينة غير مدرجة.","Place the measured Cottage Cheese in one medium matte ceramic bowl. | Prepare and add the measured Strawberries, Mango, Walnuts, Orange, Flaxseed, keeping larger fruit pieces visibly distinct. | Combine or arrange the complete serving using only Cottage Cheese, Strawberries, Mango, Walnuts, Orange, Flaxseed; serve without unlisted garnish.","/nutrition/meals/MEAL-187/cover.webp","/nutrition/meals/MEAL-187/cover-thumb.webp","ready","FILES_PRESENT","{""calorie_band_kcal"":""under_300"",""protein_band_g"":""20_29"",""carb_band_g"":""low"",""fat_band_g"":""moderate"",""meal_type_required"":true,""max_calorie_delta_pct"":10,""max_protein_delta_g"":8,""exclude_allergens"":true}","milk|tree_nuts","vegetarian|pescatarian|gluten_free|high_protein","NOT_AVAILABLE","YES_EXPLICIT","NO_EXPLICIT_TAG","fat_loss|maintenance|muscle_gain","Nutrition Library V2. USDA FoodData Central. One serving. Identity is external_id.","USDA FoodData Central — SR Legacy (April 2018 release)"
"MEAL-188","وعاء التونة بالثوم والبابريكا مع الجزر","Garlic-Paprika Tuna Bowl with Carrot","YES_DERIVED_FROM_PUBLISHED_READY","published","ready","snack","SNACK","OFFICIAL_MEAL_TYPE","NO_OFFICIAL","NO_OFFICIAL","YES_OFFICIAL","NO_OFFICIAL","NO_OFFICIAL","NO","NO","151","21.6","13.4","1.2","4.2","qa.derived_fiber_g","205","g","1","تونة خفيفة معلبة بالماء ومصفاة / Light tuna, canned in water, drained: 74g; جزر طازج / Carrot, raw: 60g; بروكلي مطهو / Broccoli, cooked: 62g; ثوم طازج / Garlic, raw: 8g; بابريكا / Paprika: 1g","سخّن أو حضّر كمية التونة المحددة وفق حالتها المطهوة المدرجة. | سخّن المكونات المطهوة وحضّر المكونات الطازجة من الكميات المحددة من الجزر، البروكلي، الثوم، البابريكا مع الحفاظ على حالة كل مكوّن المسجلة. | رتّب الحصة كاملة في وعاء حجري عريض وضحل باستخدام التونة، الجزر، البروكلي، الثوم، البابريكا فقط ووزّع الصلصات والتوابل بخفة وتساوٍ.","Warm or prepare the measured Tuna using its listed cooked form. | Warm cooked components and prepare fresh components from the measured Carrot, Broccoli, Garlic, Paprika, keeping each food in its recorded state. | Arrange the complete serving in one wide shallow stoneware bowl using only Tuna, Carrot, Broccoli, Garlic, Paprika; distribute sauces and seasonings lightly and evenly.","/nutrition/meals/MEAL-188/cover.webp","/nutrition/meals/MEAL-188/cover-thumb.webp","ready","FILES_PRESENT","{""calorie_band_kcal"":""under_300"",""protein_band_g"":""20_29"",""carb_band_g"":""low"",""fat_band_g"":""low"",""meal_type_required"":true,""max_calorie_delta_pct"":10,""max_protein_delta_g"":8,""exclude_allergens"":true}","fish","pescatarian|gluten_free|high_protein|omega_3","NOT_AVAILABLE","NO_EXPLICIT_TAG","NO_EXPLICIT_TAG","fat_loss|maintenance|muscle_gain","Nutrition Library V2. USDA FoodData Central. One serving. Identity is external_id.","USDA FoodData Central — SR Legacy (April 2018 release)"
"MEAL-189","وعاء التوت الأزرق بالتوت والشيا مع الزبادي اليوناني","Berry-Chia Blueberries Bowl with Greek Yogurt","YES_DERIVED_FROM_PUBLISHED_READY","published","ready","snack","SNACK","OFFICIAL_MEAL_TYPE","NO_OFFICIAL","NO_OFFICIAL","YES_OFFICIAL","NO_OFFICIAL","NO_OFFICIAL","NO","NO","444","14.9","62.7","14.8","15.6","qa.derived_fiber_g","387","g","1","زبادي يوناني سادة خالي الدسم / Greek yogurt, plain, nonfat: 62g; مانجو طازجة / Mango, raw: 45g; موز طازج / Banana, raw: 80g; لوز / Almonds: 15g; توت أزرق طازج / Blueberries, raw: 165g; بذور شيا مجففة / Dried chia seeds: 20g","ضع كمية الزبادي اليوناني المحددة في وعاء خزفي متوسط غير لامع. | حضّر وأضف الكميات المحددة من المانجو، الموز، اللوز، التوت الأزرق، بذور الشيا مع إبقاء قطع الفاكهة الأكبر واضحة. | اخلط أو رتّب الحصة كاملة باستخدام الزبادي اليوناني، المانجو، الموز، اللوز، التوت الأزرق، بذور الشيا فقط وقدّمها من دون زينة غير مدرجة.","Place the measured Greek Yogurt in one medium matte ceramic bowl. | Prepare and add the measured Mango, Banana, Almonds, Blueberries, Chia, keeping larger fruit pieces visibly distinct. | Combine or arrange the complete serving using only Greek Yogurt, Mango, Banana, Almonds, Blueberries, Chia; serve without unlisted garnish.","/nutrition/meals/MEAL-189/cover.webp","/nutrition/meals/MEAL-189/cover-thumb.webp","ready","FILES_PRESENT","{""calorie_band_kcal"":""300_449"",""protein_band_g"":""under_20"",""carb_band_g"":""high"",""fat_band_g"":""moderate"",""meal_type_required"":true,""max_calorie_delta_pct"":10,""max_protein_delta_g"":8,""exclude_allergens"":true}","milk|tree_nuts","vegetarian|pescatarian|gluten_free|high_fiber|omega_3","NOT_AVAILABLE","YES_EXPLICIT","NO_EXPLICIT_TAG","fat_loss|maintenance|muscle_gain","Nutrition Library V2. USDA FoodData Central. One serving. Identity is external_id.","USDA FoodData Central — SR Legacy (April 2018 release)"
"MEAL-190","وعاء الزبادي اليوناني بالتفاح والقرفة مع البرتقال","Apple-Cinnamon Greek Yogurt Bowl with Orange","YES_DERIVED_FROM_PUBLISHED_READY","published","ready","snack","SNACK","OFFICIAL_MEAL_TYPE","NO_OFFICIAL","NO_OFFICIAL","YES_OFFICIAL","NO_OFFICIAL","NO_OFFICIAL","NO","NO","254","25","26.4","5.4","5.7","qa.derived_fiber_g","338","g","1","زبادي يوناني سادة خالي الدسم / Greek yogurt, plain, nonfat: 242g; برتقال طازج / Orange, raw: 34g; موز طازج / Banana, raw: 25g; جوز / Walnuts: 7g; تفاح طازج بالقشر / Apple with skin, raw: 25g; قرفة مطحونة / Ground cinnamon: 5g","ضع كمية الزبادي اليوناني المحددة في وعاء خزفي متوسط غير لامع. | حضّر وأضف الكميات المحددة من البرتقال، الموز، الجوز، التفاح، القرفة مع إبقاء قطع الفاكهة الأكبر واضحة. | اخلط أو رتّب الحصة كاملة باستخدام الزبادي اليوناني، البرتقال، الموز، الجوز، التفاح، القرفة فقط وقدّمها من دون زينة غير مدرجة.","Place the measured Greek Yogurt in one medium matte ceramic bowl. | Prepare and add the measured Orange, Banana, Walnuts, Apple, Cinnamon, keeping larger fruit pieces visibly distinct. | Combine or arrange the complete serving using only Greek Yogurt, Orange, Banana, Walnuts, Apple, Cinnamon; serve without unlisted garnish.","/nutrition/meals/MEAL-190/cover.webp","/nutrition/meals/MEAL-190/cover-thumb.webp","ready","FILES_PRESENT","{""calorie_band_kcal"":""under_300"",""protein_band_g"":""20_29"",""carb_band_g"":""moderate"",""fat_band_g"":""low"",""meal_type_required"":true,""max_calorie_delta_pct"":10,""max_protein_delta_g"":8,""exclude_allergens"":true}","milk|tree_nuts","vegetarian|pescatarian|gluten_free|high_protein|omega_3","NOT_AVAILABLE","YES_EXPLICIT","NO_EXPLICIT_TAG","fat_loss|maintenance|muscle_gain","Nutrition Library V2. USDA FoodData Central. One serving. Identity is external_id.","USDA FoodData Central — SR Legacy (April 2018 release)"
"MEAL-191","وعاء حليب الصويا بالتوت والشيا مع الموز","Berry-Chia Soy Milk Bowl with Banana","YES_DERIVED_FROM_PUBLISHED_READY","published","ready","snack","SNACK","OFFICIAL_MEAL_TYPE","NO_OFFICIAL","NO_OFFICIAL","YES_OFFICIAL","NO_OFFICIAL","NO_OFFICIAL","NO","NO","274","8.8","44.3","6.9","6.3","qa.derived_fiber_g","336","g","1","حليب صويا سادة / Soy milk, plain: 170g; موز طازج / Banana, raw: 108g; برتقال طازج / Orange, raw: 25g; زبدة فول سوداني ناعمة / Smooth peanut butter: 5g; توت أزرق طازج / Blueberries, raw: 25g; بذور شيا مجففة / Dried chia seeds: 3g","ضع كمية حليب الصويا المحددة في وعاء خزفي متوسط غير لامع. | حضّر وأضف الكميات المحددة من الموز، البرتقال، زبدة الفول السوداني، التوت الأزرق، بذور الشيا مع إبقاء قطع الفاكهة الأكبر واضحة. | اخلط أو رتّب الحصة كاملة باستخدام حليب الصويا، الموز، البرتقال، زبدة الفول السوداني، التوت الأزرق، بذور الشيا فقط وقدّمها من دون زينة غير مدرجة.","Place the measured Soy Milk in one medium matte ceramic bowl. | Prepare and add the measured Banana, Orange, Peanut Butter, Blueberries, Chia, keeping larger fruit pieces visibly distinct. | Combine or arrange the complete serving using only Soy Milk, Banana, Orange, Peanut Butter, Blueberries, Chia; serve without unlisted garnish.","/nutrition/meals/MEAL-191/cover.webp","/nutrition/meals/MEAL-191/cover-thumb.webp","ready","FILES_PRESENT","{""calorie_band_kcal"":""under_300"",""protein_band_g"":""under_20"",""carb_band_g"":""moderate"",""fat_band_g"":""low"",""meal_type_required"":true,""max_calorie_delta_pct"":10,""max_protein_delta_g"":8,""exclude_allergens"":true}","soy|peanuts","vegetarian|vegan|pescatarian|gluten_free|high_fiber","NOT_AVAILABLE","YES_EXPLICIT","YES_EXPLICIT","fat_loss|maintenance","Nutrition Library V2. USDA FoodData Central. One serving. Identity is external_id.","USDA FoodData Central — SR Legacy (April 2018 release)"
"MEAL-192","وعاء الموز بالتوت والشيا مع الزبادي اليوناني","Berry-Chia Banana Bowl with Greek Yogurt","YES_DERIVED_FROM_PUBLISHED_READY","published","ready","snack","SNACK","OFFICIAL_MEAL_TYPE","NO_OFFICIAL","NO_OFFICIAL","YES_OFFICIAL","NO_OFFICIAL","NO_OFFICIAL","NO","NO","298","9.9","54.8","4.4","8","qa.derived_fiber_g","332","g","1","زبادي يوناني سادة خالي الدسم / Greek yogurt, plain, nonfat: 60g; موز طازج / Banana, raw: 180g; مانجو طازجة / Mango, raw: 39g; لوز / Almonds: 5g; فراولة طازجة / Strawberries, raw: 45g; بذور شيا مجففة / Dried chia seeds: 3g","ضع كمية الزبادي اليوناني المحددة في وعاء خزفي متوسط غير لامع. | حضّر وأضف الكميات المحددة من الموز، المانجو، اللوز، الفراولة، بذور الشيا مع إبقاء قطع الفاكهة الأكبر واضحة. | اخلط أو رتّب الحصة كاملة باستخدام الزبادي اليوناني، الموز، المانجو، اللوز، الفراولة، بذور الشيا فقط وقدّمها من دون زينة غير مدرجة.","Place the measured Greek Yogurt in one medium matte ceramic bowl. | Prepare and add the measured Banana, Mango, Almonds, Strawberries, Chia, keeping larger fruit pieces visibly distinct. | Combine or arrange the complete serving using only Greek Yogurt, Banana, Mango, Almonds, Strawberries, Chia; serve without unlisted garnish.","/nutrition/meals/MEAL-192/cover.webp","/nutrition/meals/MEAL-192/cover-thumb.webp","ready","FILES_PRESENT","{""calorie_band_kcal"":""under_300"",""protein_band_g"":""under_20"",""carb_band_g"":""high"",""fat_band_g"":""low"",""meal_type_required"":true,""max_calorie_delta_pct"":10,""max_protein_delta_g"":8,""exclude_allergens"":true}","milk|tree_nuts","vegetarian|pescatarian|gluten_free|high_fiber","NOT_AVAILABLE","YES_EXPLICIT","NO_EXPLICIT_TAG","fat_loss|maintenance","Nutrition Library V2. USDA FoodData Central. One serving. Identity is external_id.","USDA FoodData Central — SR Legacy (April 2018 release)"
"MEAL-193","وعاء الزبادي اليوناني بالبرتقال والكتان مع التفاح","Orange-Flax Greek Yogurt Bowl with Apple","YES_DERIVED_FROM_PUBLISHED_READY","published","ready","snack","SNACK","OFFICIAL_MEAL_TYPE","NO_OFFICIAL","NO_OFFICIAL","YES_OFFICIAL","NO_OFFICIAL","NO_OFFICIAL","NO","NO","403","25","41.9","15","9.9","qa.derived_fiber_g","428","g","1","زبادي يوناني سادة خالي الدسم / Greek yogurt, plain, nonfat: 186g; تفاح طازج بالقشر / Apple with skin, raw: 131g; توت أزرق طازج / Blueberries, raw: 25g; زبدة فول سوداني ناعمة / Smooth peanut butter: 17g; برتقال طازج / Orange, raw: 56g; بذور كتان / Flaxseed: 13g","ضع كمية الزبادي اليوناني المحددة في وعاء خزفي متوسط غير لامع. | حضّر وأضف الكميات المحددة من التفاح، التوت الأزرق، زبدة الفول السوداني، البرتقال، بذور الكتان مع إبقاء قطع الفاكهة الأكبر واضحة. | اخلط أو رتّب الحصة كاملة باستخدام الزبادي اليوناني، التفاح، التوت الأزرق، زبدة الفول السوداني، البرتقال، بذور الكتان فقط وقدّمها من دون زينة غير مدرجة.","Place the measured Greek Yogurt in one medium matte ceramic bowl. | Prepare and add the measured Apple, Blueberries, Peanut Butter, Orange, Flaxseed, keeping larger fruit pieces visibly distinct. | Combine or arrange the complete serving using only Greek Yogurt, Apple, Blueberries, Peanut Butter, Orange, Flaxseed; serve without unlisted garnish.","/nutrition/meals/MEAL-193/cover.webp","/nutrition/meals/MEAL-193/cover-thumb.webp","ready","FILES_PRESENT","{""calorie_band_kcal"":""300_449"",""protein_band_g"":""20_29"",""carb_band_g"":""moderate"",""fat_band_g"":""moderate"",""meal_type_required"":true,""max_calorie_delta_pct"":10,""max_protein_delta_g"":8,""exclude_allergens"":true}","milk|peanuts","vegetarian|pescatarian|gluten_free|high_protein|high_fiber|omega_3","NOT_AVAILABLE","YES_EXPLICIT","NO_EXPLICIT_TAG","fat_loss|maintenance|muscle_gain","Nutrition Library V2. USDA FoodData Central. One serving. Identity is external_id.","USDA FoodData Central — SR Legacy (April 2018 release)"
"MEAL-194","وعاء التفاح بالقرفة والتمر مع الزبادي اليوناني","Cinnamon-Date Apple Bowl with Greek Yogurt","YES_DERIVED_FROM_PUBLISHED_READY","published","ready","snack","SNACK","OFFICIAL_MEAL_TYPE","NO_OFFICIAL","NO_OFFICIAL","YES_OFFICIAL","NO_OFFICIAL","NO_OFFICIAL","NO","NO","274","8.3","53.2","3.1","9.6","qa.derived_fiber_g","296","g","1","زبادي يوناني سادة خالي الدسم / Greek yogurt, plain, nonfat: 60g; تفاح طازج بالقشر / Apple with skin, raw: 163g; برتقال طازج / Orange, raw: 37g; زبدة فول سوداني ناعمة / Smooth peanut butter: 5g; قرفة مطحونة / Ground cinnamon: 5g; تمر مجدول / Medjool dates: 26g","ضع كمية الزبادي اليوناني المحددة في وعاء خزفي متوسط غير لامع. | حضّر وأضف الكميات المحددة من التفاح، البرتقال، زبدة الفول السوداني، القرفة، التمر مع إبقاء قطع الفاكهة الأكبر واضحة. | اخلط أو رتّب الحصة كاملة باستخدام الزبادي اليوناني، التفاح، البرتقال، زبدة الفول السوداني، القرفة، التمر فقط وقدّمها من دون زينة غير مدرجة.","Place the measured Greek Yogurt in one medium matte ceramic bowl. | Prepare and add the measured Apple, Orange, Peanut Butter, Cinnamon, Dates, keeping larger fruit pieces visibly distinct. | Combine or arrange the complete serving using only Greek Yogurt, Apple, Orange, Peanut Butter, Cinnamon, Dates; serve without unlisted garnish.","/nutrition/meals/MEAL-194/cover.webp","/nutrition/meals/MEAL-194/cover-thumb.webp","ready","FILES_PRESENT","{""calorie_band_kcal"":""under_300"",""protein_band_g"":""under_20"",""carb_band_g"":""high"",""fat_band_g"":""low"",""meal_type_required"":true,""max_calorie_delta_pct"":10,""max_protein_delta_g"":8,""exclude_allergens"":true}","milk|peanuts","vegetarian|pescatarian|gluten_free|high_fiber","NOT_AVAILABLE","YES_EXPLICIT","NO_EXPLICIT_TAG","fat_loss|maintenance","Nutrition Library V2. USDA FoodData Central. One serving. Identity is external_id.","USDA FoodData Central — SR Legacy (April 2018 release)"
"MEAL-195","علبة عملية الحمص المهروس بالكمون والليمون الأخضر مع الخيار","Cumin-Lime Hummus Portable Box with Cucumber","YES_DERIVED_FROM_PUBLISHED_READY","published","ready","snack","SNACK","OFFICIAL_MEAL_TYPE","NO_OFFICIAL","NO_OFFICIAL","YES_OFFICIAL","NO_OFFICIAL","NO_OFFICIAL","NO","NO","299","8","36","13.7","7.9","qa.derived_fiber_g","274","g","1","حمص مهروس محضر / Prepared hummus: 110g; خيار طازج بالقشر / Cucumber with peel, raw: 49g; جزر طازج / Carrot, raw: 99g; طحينة سمسم / Sesame butter, tahini: 7g; كمون / Cumin seed: 1g; عصير ليمون أخضر طازج / Lime juice, raw: 8g","سخّن أو حضّر كمية الحمص المهروس المحددة وفق حالتها المطهوة المدرجة. | سخّن المكونات المطهوة وحضّر المكونات الطازجة من الكميات المحددة من الخيار، الجزر، الطحينة، الكمون، الليمون الأخضر مع الحفاظ على حالة كل مكوّن المسجلة. | رتّب الحصة كاملة في علبة تحضير طعام عملية صغيرة ومقسّمة باستخدام الحمص المهروس، الخيار، الجزر، الطحينة، الكمون، الليمون الأخضر فقط ووزّع الصلصات والتوابل بخفة وتساوٍ.","Warm or prepare the measured Hummus using its listed cooked form. | Warm cooked components and prepare fresh components from the measured Cucumber, Carrot, Tahini, Cumin, Lime, keeping each food in its recorded state. | Arrange the complete serving in one compact divided meal-prep box using only Hummus, Cucumber, Carrot, Tahini, Cumin, Lime; distribute sauces and seasonings lightly and evenly.","/nutrition/meals/MEAL-195/cover.webp","/nutrition/meals/MEAL-195/cover-thumb.webp","ready","FILES_PRESENT","{""calorie_band_kcal"":""under_300"",""protein_band_g"":""under_20"",""carb_band_g"":""moderate"",""fat_band_g"":""moderate"",""meal_type_required"":true,""max_calorie_delta_pct"":10,""max_protein_delta_g"":8,""exclude_allergens"":true}","sesame","vegetarian|vegan|pescatarian|gluten_free|high_fiber","NOT_AVAILABLE","YES_EXPLICIT","YES_EXPLICIT","fat_loss|maintenance","Nutrition Library V2. USDA FoodData Central. One serving. Identity is external_id.","USDA FoodData Central — SR Legacy (April 2018 release)"
"MEAL-196","وعاء جبن القريش بالتفاح والقرفة مع الفراولة","Apple-Cinnamon Cottage Cheese Bowl with Strawberries","YES_DERIVED_FROM_PUBLISHED_READY","published","ready","snack","SNACK","OFFICIAL_MEAL_TYPE","NO_OFFICIAL","NO_OFFICIAL","YES_OFFICIAL","NO_OFFICIAL","NO_OFFICIAL","NO","NO","257","24.2","20.9","8.5","2.6","qa.derived_fiber_g","301","g","1","جبن قريش قليل الدسم 2٪ / Cottage cheese, lowfat, 2% milkfat: 220g; فراولة طازجة / Strawberries, raw: 25g; توت أزرق طازج / Blueberries, raw: 25g; جوز / Walnuts: 5g; تفاح طازج بالقشر / Apple with skin, raw: 25g; قرفة مطحونة / Ground cinnamon: 1g","ضع كمية جبن القريش المحددة في وعاء خزفي متوسط غير لامع. | حضّر وأضف الكميات المحددة من الفراولة، التوت الأزرق، الجوز، التفاح، القرفة مع إبقاء قطع الفاكهة الأكبر واضحة. | اخلط أو رتّب الحصة كاملة باستخدام جبن القريش، الفراولة، التوت الأزرق، الجوز، التفاح، القرفة فقط وقدّمها من دون زينة غير مدرجة.","Place the measured Cottage Cheese in one medium matte ceramic bowl. | Prepare and add the measured Strawberries, Blueberries, Walnuts, Apple, Cinnamon, keeping larger fruit pieces visibly distinct. | Combine or arrange the complete serving using only Cottage Cheese, Strawberries, Blueberries, Walnuts, Apple, Cinnamon; serve without unlisted garnish.","/nutrition/meals/MEAL-196/cover.webp","/nutrition/meals/MEAL-196/cover-thumb.webp","ready","FILES_PRESENT","{""calorie_band_kcal"":""under_300"",""protein_band_g"":""20_29"",""carb_band_g"":""low"",""fat_band_g"":""moderate"",""meal_type_required"":true,""max_calorie_delta_pct"":10,""max_protein_delta_g"":8,""exclude_allergens"":true}","milk|tree_nuts","vegetarian|pescatarian|gluten_free|high_protein","NOT_AVAILABLE","YES_EXPLICIT","NO_EXPLICIT_TAG","fat_loss|maintenance|muscle_gain","Nutrition Library V2. USDA FoodData Central. One serving. Identity is external_id.","USDA FoodData Central — SR Legacy (April 2018 release)"
"MEAL-197","وعاء الزبادي اليوناني بالتوت والشيا مع الموز","Berry-Chia Greek Yogurt Bowl with Banana","YES_DERIVED_FROM_PUBLISHED_READY","published","ready","snack","SNACK","OFFICIAL_MEAL_TYPE","NO_OFFICIAL","NO_OFFICIAL","YES_OFFICIAL","NO_OFFICIAL","NO_OFFICIAL","NO","NO","274","27.1","25.2","7.2","4.3","qa.derived_fiber_g","340","g","1","زبادي يوناني سادة خالي الدسم / Greek yogurt, plain, nonfat: 247g; موز طازج / Banana, raw: 25g; برتقال طازج / Orange, raw: 25g; زبدة فول سوداني ناعمة / Smooth peanut butter: 10g; توت أزرق طازج / Blueberries, raw: 29g; بذور شيا مجففة / Dried chia seeds: 4g","ضع كمية الزبادي اليوناني المحددة في وعاء خزفي متوسط غير لامع. | حضّر وأضف الكميات المحددة من الموز، البرتقال، زبدة الفول السوداني، التوت الأزرق، بذور الشيا مع إبقاء قطع الفاكهة الأكبر واضحة. | اخلط أو رتّب الحصة كاملة باستخدام الزبادي اليوناني، الموز، البرتقال، زبدة الفول السوداني، التوت الأزرق، بذور الشيا فقط وقدّمها من دون زينة غير مدرجة.","Place the measured Greek Yogurt in one medium matte ceramic bowl. | Prepare and add the measured Banana, Orange, Peanut Butter, Blueberries, Chia, keeping larger fruit pieces visibly distinct. | Combine or arrange the complete serving using only Greek Yogurt, Banana, Orange, Peanut Butter, Blueberries, Chia; serve without unlisted garnish.","/nutrition/meals/MEAL-197/cover.webp","/nutrition/meals/MEAL-197/cover-thumb.webp","ready","FILES_PRESENT","{""calorie_band_kcal"":""under_300"",""protein_band_g"":""20_29"",""carb_band_g"":""moderate"",""fat_band_g"":""low"",""meal_type_required"":true,""max_calorie_delta_pct"":10,""max_protein_delta_g"":8,""exclude_allergens"":true}","milk|peanuts","vegetarian|pescatarian|gluten_free|high_protein","NOT_AVAILABLE","YES_EXPLICIT","NO_EXPLICIT_TAG","fat_loss|maintenance|muscle_gain","Nutrition Library V2. USDA FoodData Central. One serving. Identity is external_id.","USDA FoodData Central — SR Legacy (April 2018 release)"
"MEAL-198","وعاء جبن القريش بالبرتقال والكتان مع الشوفان","Orange-Flax Cottage Cheese Bowl with Oats","YES_DERIVED_FROM_PUBLISHED_READY","published","ready","snack","SNACK","OFFICIAL_MEAL_TYPE","NO_OFFICIAL","NO_OFFICIAL","YES_OFFICIAL","NO_OFFICIAL","NO_OFFICIAL","NO","NO","346","27.6","36","10.2","5.1","qa.derived_fiber_g","322","g","1","جبن قريش قليل الدسم 2٪ / Cottage cheese, lowfat, 2% milkfat: 219g; شوفان ملفوف جاف / Rolled oats, dry: 20g; تفاح طازج بالقشر / Apple with skin, raw: 25g; مانجو طازجة / Mango, raw: 25g; لوز / Almonds: 5g; برتقال طازج / Orange, raw: 25g; بذور كتان / Flaxseed: 3g","ضع كمية جبن القريش المحددة في وعاء خزفي متوسط غير لامع. | حضّر وأضف الكميات المحددة من الشوفان، التفاح، المانجو، اللوز، البرتقال، بذور الكتان مع إبقاء قطع الفاكهة الأكبر واضحة. | اخلط أو رتّب الحصة كاملة باستخدام جبن القريش، الشوفان، التفاح، المانجو، اللوز، البرتقال، بذور الكتان فقط وقدّمها من دون زينة غير مدرجة.","Place the measured Cottage Cheese in one medium matte ceramic bowl. | Prepare and add the measured Oats, Apple, Mango, Almonds, Orange, Flaxseed, keeping larger fruit pieces visibly distinct. | Combine or arrange the complete serving using only Cottage Cheese, Oats, Apple, Mango, Almonds, Orange, Flaxseed; serve without unlisted garnish.","/nutrition/meals/MEAL-198/cover.webp","/nutrition/meals/MEAL-198/cover-thumb.webp","ready","FILES_PRESENT","{""calorie_band_kcal"":""300_449"",""protein_band_g"":""20_29"",""carb_band_g"":""moderate"",""fat_band_g"":""moderate"",""meal_type_required"":true,""max_calorie_delta_pct"":10,""max_protein_delta_g"":8,""exclude_allergens"":true}","milk|tree_nuts","vegetarian|pescatarian|high_protein","NOT_AVAILABLE","YES_EXPLICIT","NO_EXPLICIT_TAG","fat_loss|maintenance|muscle_gain","Nutrition Library V2. USDA FoodData Central. One serving. Identity is external_id.","USDA FoodData Central — SR Legacy (April 2018 release)"
"MEAL-199","طبق البصل بالليمون والأعشاب مع التونة","Lemon-Herb Onion Plate with Tuna","YES_DERIVED_FROM_PUBLISHED_READY","published","ready","snack","SNACK","OFFICIAL_MEAL_TYPE","NO_OFFICIAL","NO_OFFICIAL","YES_OFFICIAL","NO_OFFICIAL","NO_OFFICIAL","NO","NO","252","16.6","29.2","7.6","12.3","qa.derived_fiber_g","319","g","1","تونة خفيفة معلبة بالماء ومصفاة / Light tuna, canned in water, drained: 40g; بصل طازج / Onion, raw: 130g; فلفل حلو أحمر طازج / Red bell pepper, raw: 111g; بذور شيا مجففة / Dried chia seeds: 22g; عصير ليمون طازج / Lemon juice, raw: 10g; بقدونس طازج / Fresh parsley: 6g","سخّن أو حضّر كمية التونة المحددة وفق حالتها المطهوة المدرجة. | سخّن المكونات المطهوة وحضّر المكونات الطازجة من الكميات المحددة من البصل، الفلفل الأحمر، بذور الشيا، الليمون، البقدونس مع الحفاظ على حالة كل مكوّن المسجلة. | رتّب الحصة كاملة في طبق خزفي مسطح ومحايد باستخدام التونة، البصل، الفلفل الأحمر، بذور الشيا، الليمون، البقدونس فقط ووزّع الصلصات والتوابل بخفة وتساوٍ.","Warm or prepare the measured Tuna using its listed cooked form. | Warm cooked components and prepare fresh components from the measured Onion, Red Pepper, Chia, Lemon, Parsley, keeping each food in its recorded state. | Arrange the complete serving in one flat neutral ceramic dinner plate using only Tuna, Onion, Red Pepper, Chia, Lemon, Parsley; distribute sauces and seasonings lightly and evenly.","/nutrition/meals/MEAL-199/cover.webp","/nutrition/meals/MEAL-199/cover-thumb.webp","ready","FILES_PRESENT","{""calorie_band_kcal"":""under_300"",""protein_band_g"":""under_20"",""carb_band_g"":""moderate"",""fat_band_g"":""low"",""meal_type_required"":true,""max_calorie_delta_pct"":10,""max_protein_delta_g"":8,""exclude_allergens"":true}","fish","pescatarian|gluten_free|high_fiber|omega_3","NOT_AVAILABLE","NO_EXPLICIT_TAG","NO_EXPLICIT_TAG","fat_loss|maintenance|muscle_gain","Nutrition Library V2. USDA FoodData Central. One serving. Identity is external_id.","USDA FoodData Central — SR Legacy (April 2018 release)"
"MEAL-200","وعاء شوفان مطهو الموز بالتوت والشيا مع بياض البيض","Berry-Chia Banana Cooked Oat Bowl with Egg White","YES_DERIVED_FROM_PUBLISHED_READY","published","ready","snack","SNACK","OFFICIAL_MEAL_TYPE","NO_OFFICIAL","NO_OFFICIAL","YES_OFFICIAL","NO_OFFICIAL","NO_OFFICIAL","NO","NO","421","15","71","8.6","12.7","qa.derived_fiber_g","357","g","1","بياض بيض طازج / Egg white, raw, fresh: 60g; شوفان ملفوف جاف / Rolled oats, dry: 20g; موز طازج / Banana, raw: 177g; برتقال طازج / Orange, raw: 50g; زبدة فول سوداني ناعمة / Smooth peanut butter: 6g; توت أزرق طازج / Blueberries, raw: 33g; بذور شيا مجففة / Dried chia seeds: 11g","اطهُ الشوفان بالماء حتى يثخن ثم أضف الكميات المحددة من الشوفان، الموز، البرتقال، زبدة الفول السوداني، التوت الأزرق، بذور الشيا باستثناء بياض البيض. | أضف بياض البيض مع الخفق واطهه مع التحريك حتى يصبح معتمًا تمامًا وتصل الحرارة الداخلية إلى 74°م (165°ف). | انقل الخليط المطهو كاملًا إلى وعاء فطور خزفي متوسط غير لامع وقدّم حصة واحدة باستخدام بياض البيض، الشوفان، الموز، البرتقال، زبدة الفول السوداني، التوت الأزرق، بذور الشيا فقط.","Cook the Oats with water until thick, then stir in the measured Oats, Banana, Orange, Peanut Butter, Blueberries, Chia except the Egg White. | Whisk in the Egg White and cook while stirring until fully opaque and the center reaches 74°C (165°F). | Transfer the complete cooked mixture to one medium matte ceramic breakfast bowl and serve one portion; use only Egg White, Oats, Banana, Orange, Peanut Butter, Blueberries, Chia.","/nutrition/meals/MEAL-200/cover.webp","/nutrition/meals/MEAL-200/cover-thumb.webp","ready","FILES_PRESENT","{""calorie_band_kcal"":""300_449"",""protein_band_g"":""under_20"",""carb_band_g"":""high"",""fat_band_g"":""moderate"",""meal_type_required"":true,""max_calorie_delta_pct"":10,""max_protein_delta_g"":8,""exclude_allergens"":true}","egg|peanuts","vegetarian|pescatarian|high_fiber|omega_3","NOT_AVAILABLE","YES_EXPLICIT","NO_EXPLICIT_TAG","fat_loss|maintenance|muscle_gain","Nutrition Library V2. USDA FoodData Central. One serving. Identity is external_id.","USDA FoodData Central — SR Legacy (April 2018 release)"
"MEAL-201","وعاء التفاح بالكاكاو والموز مع الزبادي اليوناني","Cocoa-Banana Apple Bowl with Greek Yogurt","YES_DERIVED_FROM_PUBLISHED_READY","published","ready","snack","SNACK","OFFICIAL_MEAL_TYPE","NO_OFFICIAL","NO_OFFICIAL","YES_OFFICIAL","NO_OFFICIAL","NO_OFFICIAL","NO","NO","294","8.9","56.6","3.5","9","qa.derived_fiber_g","387","g","1","زبادي يوناني سادة خالي الدسم / Greek yogurt, plain, nonfat: 60g; تفاح طازج بالقشر / Apple with skin, raw: 180g; توت أزرق طازج / Blueberries, raw: 45g; لوز / Almonds: 5g; مسحوق كاكاو غير محلى / Unsweetened cocoa powder: 1g; موز طازج / Banana, raw: 96g","ضع كمية الزبادي اليوناني المحددة في وعاء خزفي متوسط غير لامع. | حضّر وأضف الكميات المحددة من التفاح، التوت الأزرق، اللوز، الكاكاو، الموز مع إبقاء قطع الفاكهة الأكبر واضحة. | اخلط أو رتّب الحصة كاملة باستخدام الزبادي اليوناني، التفاح، التوت الأزرق، اللوز، الكاكاو، الموز فقط وقدّمها من دون زينة غير مدرجة.","Place the measured Greek Yogurt in one medium matte ceramic bowl. | Prepare and add the measured Apple, Blueberries, Almonds, Cocoa, Banana, keeping larger fruit pieces visibly distinct. | Combine or arrange the complete serving using only Greek Yogurt, Apple, Blueberries, Almonds, Cocoa, Banana; serve without unlisted garnish.","/nutrition/meals/MEAL-201/cover.webp","/nutrition/meals/MEAL-201/cover-thumb.webp","ready","FILES_PRESENT","{""calorie_band_kcal"":""under_300"",""protein_band_g"":""under_20"",""carb_band_g"":""high"",""fat_band_g"":""low"",""meal_type_required"":true,""max_calorie_delta_pct"":10,""max_protein_delta_g"":8,""exclude_allergens"":true}","milk|tree_nuts","vegetarian|pescatarian|gluten_free|high_fiber","NOT_AVAILABLE","YES_EXPLICIT","NO_EXPLICIT_TAG","fat_loss|maintenance","Nutrition Library V2. USDA FoodData Central. One serving. Identity is external_id.","USDA FoodData Central — SR Legacy (April 2018 release)"
"MEAL-202","وعاء الأفوكادو بالزنجبيل والصويا مع بياض البيض","Ginger-Soy Avocado Bowl with Egg White","YES_DERIVED_FROM_PUBLISHED_READY","published","ready","snack","SNACK","OFFICIAL_MEAL_TYPE","NO_OFFICIAL","NO_OFFICIAL","YES_OFFICIAL","NO_OFFICIAL","NO_OFFICIAL","NO","NO","228","9.9","16.3","13.7","8.6","qa.derived_fiber_g","237","g","1","بياض بيض طازج / Egg white, raw, fresh: 60g; جزر طازج / Carrot, raw: 57g; كرنب أجعد مطهو / Kale, cooked: 20g; أفوكادو طازج / Avocado, raw: 90g; زنجبيل طازج / Ginger root, raw: 6g; صلصة صويا قليلة الصوديوم / Reduced-sodium soy sauce: 4g","اطهُ بياض البيض في مقلاة غير لاصقة حتى يصبح معتمًا تمامًا وتصل الحرارة الداخلية إلى 74°م (165°ف). | سخّن المكونات المطهوة وحضّر المكونات الطازجة من الكميات المحددة من الجزر، الكرنب الأجعد، الأفوكادو، الزنجبيل، صلصة الصويا مع الحفاظ على حالة كل مكوّن المسجلة. | رتّب الحصة كاملة في وعاء حجري عريض وضحل باستخدام بياض البيض، الجزر، الكرنب الأجعد، الأفوكادو، الزنجبيل، صلصة الصويا فقط ووزّع الصلصات والتوابل بخفة وتساوٍ.","Cook the Egg White in a nonstick pan until fully opaque and the center reaches 74°C (165°F). | Warm cooked components and prepare fresh components from the measured Carrot, Kale, Avocado, Ginger, Soy Sauce, keeping each food in its recorded state. | Arrange the complete serving in one wide shallow stoneware bowl using only Egg White, Carrot, Kale, Avocado, Ginger, Soy Sauce; distribute sauces and seasonings lightly and evenly.","/nutrition/meals/MEAL-202/cover.webp","/nutrition/meals/MEAL-202/cover-thumb.webp","ready","FILES_PRESENT","{""calorie_band_kcal"":""under_300"",""protein_band_g"":""under_20"",""carb_band_g"":""low"",""fat_band_g"":""moderate"",""meal_type_required"":true,""max_calorie_delta_pct"":10,""max_protein_delta_g"":8,""exclude_allergens"":true}","egg|soy","vegetarian|pescatarian|high_fiber","NOT_AVAILABLE","YES_EXPLICIT","NO_EXPLICIT_TAG","fat_loss|maintenance","Nutrition Library V2. USDA FoodData Central. One serving. Identity is external_id.","USDA FoodData Central — SR Legacy (April 2018 release)"
"MEAL-203","وعاء حليب الصويا بالتوت والشيا مع التمر","Berry-Chia Soy Milk Bowl with Dates","YES_DERIVED_FROM_PUBLISHED_READY","published","ready","snack","SNACK","OFFICIAL_MEAL_TYPE","NO_OFFICIAL","NO_OFFICIAL","YES_OFFICIAL","NO_OFFICIAL","NO_OFFICIAL","NO","NO","272","7.8","43.9","7.3","5.8","qa.derived_fiber_g","261","g","1","حليب صويا سادة / Soy milk, plain: 170g; تمر مجدول / Medjool dates: 33g; برتقال طازج / Orange, raw: 25g; جوز / Walnuts: 5g; توت أزرق طازج / Blueberries, raw: 25g; بذور شيا مجففة / Dried chia seeds: 3g","ضع كمية حليب الصويا المحددة في وعاء خزفي متوسط غير لامع. | حضّر وأضف الكميات المحددة من التمر، البرتقال، الجوز، التوت الأزرق، بذور الشيا مع إبقاء قطع الفاكهة الأكبر واضحة. | اخلط أو رتّب الحصة كاملة باستخدام حليب الصويا، التمر، البرتقال، الجوز، التوت الأزرق، بذور الشيا فقط وقدّمها من دون زينة غير مدرجة.","Place the measured Soy Milk in one medium matte ceramic bowl. | Prepare and add the measured Dates, Orange, Walnuts, Blueberries, Chia, keeping larger fruit pieces visibly distinct. | Combine or arrange the complete serving using only Soy Milk, Dates, Orange, Walnuts, Blueberries, Chia; serve without unlisted garnish.","/nutrition/meals/MEAL-203/cover.webp","/nutrition/meals/MEAL-203/cover-thumb.webp","ready","FILES_PRESENT","{""calorie_band_kcal"":""under_300"",""protein_band_g"":""under_20"",""carb_band_g"":""moderate"",""fat_band_g"":""low"",""meal_type_required"":true,""max_calorie_delta_pct"":10,""max_protein_delta_g"":8,""exclude_allergens"":true}","tree_nuts|soy","vegetarian|vegan|pescatarian|gluten_free","NOT_AVAILABLE","YES_EXPLICIT","YES_EXPLICIT","fat_loss|maintenance","Nutrition Library V2. USDA FoodData Central. One serving. Identity is external_id.","USDA FoodData Central — SR Legacy (April 2018 release)"
"MEAL-204","وعاء الزبادي اليوناني بالتوت والشيا مع الفراولة","Berry-Chia Greek Yogurt Bowl with Strawberries","YES_DERIVED_FROM_PUBLISHED_READY","published","ready","snack","SNACK","OFFICIAL_MEAL_TYPE","NO_OFFICIAL","NO_OFFICIAL","YES_OFFICIAL","NO_OFFICIAL","NO_OFFICIAL","NO","NO","166","20.6","17.3","1.6","3.1","qa.derived_fiber_g","285","g","1","زبادي يوناني سادة خالي الدسم / Greek yogurt, plain, nonfat: 207g; فراولة طازجة / Strawberries, raw: 25g; تفاح طازج بالقشر / Apple with skin, raw: 25g; توت أزرق طازج / Blueberries, raw: 25g; بذور شيا مجففة / Dried chia seeds: 3g","ضع كمية الزبادي اليوناني المحددة في وعاء خزفي متوسط غير لامع. | حضّر وأضف الكميات المحددة من الفراولة، التفاح، التوت الأزرق، بذور الشيا مع إبقاء قطع الفاكهة الأكبر واضحة. | اخلط أو رتّب الحصة كاملة باستخدام الزبادي اليوناني، الفراولة، التفاح، التوت الأزرق، بذور الشيا فقط وقدّمها من دون زينة غير مدرجة.","Place the measured Greek Yogurt in one medium matte ceramic bowl. | Prepare and add the measured Strawberries, Apple, Blueberries, Chia, keeping larger fruit pieces visibly distinct. | Combine or arrange the complete serving using only Greek Yogurt, Strawberries, Apple, Blueberries, Chia; serve without unlisted garnish.","/nutrition/meals/MEAL-204/cover.webp","/nutrition/meals/MEAL-204/cover-thumb.webp","ready","FILES_PRESENT","{""calorie_band_kcal"":""under_300"",""protein_band_g"":""20_29"",""carb_band_g"":""low"",""fat_band_g"":""low"",""meal_type_required"":true,""max_calorie_delta_pct"":10,""max_protein_delta_g"":8,""exclude_allergens"":true}","milk","vegetarian|pescatarian|gluten_free|high_protein","NOT_AVAILABLE","YES_EXPLICIT","NO_EXPLICIT_TAG","fat_loss|maintenance|muscle_gain","Nutrition Library V2. USDA FoodData Central. One serving. Identity is external_id.","USDA FoodData Central — SR Legacy (April 2018 release)"
"MEAL-205","وعاء الزبادي اليوناني بالبرتقال والكتان مع التفاح والمانجو","Orange-Flax Greek Yogurt Bowl with Apple and Mango","YES_DERIVED_FROM_PUBLISHED_READY","published","ready","snack","SNACK","OFFICIAL_MEAL_TYPE","NO_OFFICIAL","NO_OFFICIAL","YES_OFFICIAL","NO_OFFICIAL","NO_OFFICIAL","NO","NO","136","14.3","15.7","1.8","2.7","qa.derived_fiber_g","217","g","1","زبادي يوناني سادة خالي الدسم / Greek yogurt, plain, nonfat: 139g; تفاح طازج بالقشر / Apple with skin, raw: 25g; مانجو طازجة / Mango, raw: 25g; برتقال طازج / Orange, raw: 25g; بذور كتان / Flaxseed: 3g","ضع كمية الزبادي اليوناني المحددة في وعاء خزفي متوسط غير لامع. | حضّر وأضف الكميات المحددة من التفاح، المانجو، البرتقال، بذور الكتان مع إبقاء قطع الفاكهة الأكبر واضحة. | اخلط أو رتّب الحصة كاملة باستخدام الزبادي اليوناني، التفاح، المانجو، البرتقال، بذور الكتان فقط وقدّمها من دون زينة غير مدرجة.","Place the measured Greek Yogurt in one medium matte ceramic bowl. | Prepare and add the measured Apple, Mango, Orange, Flaxseed, keeping larger fruit pieces visibly distinct. | Combine or arrange the complete serving using only Greek Yogurt, Apple, Mango, Orange, Flaxseed; serve without unlisted garnish.","/nutrition/meals/MEAL-205/cover.webp","/nutrition/meals/MEAL-205/cover-thumb.webp","ready","FILES_PRESENT","{""calorie_band_kcal"":""under_300"",""protein_band_g"":""under_20"",""carb_band_g"":""low"",""fat_band_g"":""low"",""meal_type_required"":true,""max_calorie_delta_pct"":10,""max_protein_delta_g"":8,""exclude_allergens"":true}","milk","vegetarian|pescatarian|gluten_free","NOT_AVAILABLE","YES_EXPLICIT","NO_EXPLICIT_TAG","fat_loss|maintenance|muscle_gain","Nutrition Library V2. USDA FoodData Central. One serving. Identity is external_id.","USDA FoodData Central — SR Legacy (April 2018 release)"
"MEAL-206","وعاء الزبادي اليوناني بالقرفة والتمر مع الموز","Cinnamon-Date Greek Yogurt Bowl with Banana","YES_DERIVED_FROM_PUBLISHED_READY","published","ready","snack","SNACK","OFFICIAL_MEAL_TYPE","NO_OFFICIAL","NO_OFFICIAL","YES_OFFICIAL","NO_OFFICIAL","NO_OFFICIAL","NO","NO","185","20","24.7","0.7","2.7","qa.derived_fiber_g","264","g","1","زبادي يوناني سادة خالي الدسم / Greek yogurt, plain, nonfat: 203g; موز طازج / Banana, raw: 25g; مانجو طازجة / Mango, raw: 25g; قرفة مطحونة / Ground cinnamon: 1g; تمر مجدول / Medjool dates: 10g","ضع كمية الزبادي اليوناني المحددة في وعاء خزفي متوسط غير لامع. | حضّر وأضف الكميات المحددة من الموز، المانجو، القرفة، التمر مع إبقاء قطع الفاكهة الأكبر واضحة. | اخلط أو رتّب الحصة كاملة باستخدام الزبادي اليوناني، الموز، المانجو، القرفة، التمر فقط وقدّمها من دون زينة غير مدرجة.","Place the measured Greek Yogurt in one medium matte ceramic bowl. | Prepare and add the measured Banana, Mango, Cinnamon, Dates, keeping larger fruit pieces visibly distinct. | Combine or arrange the complete serving using only Greek Yogurt, Banana, Mango, Cinnamon, Dates; serve without unlisted garnish.","/nutrition/meals/MEAL-206/cover.webp","/nutrition/meals/MEAL-206/cover-thumb.webp","ready","FILES_PRESENT","{""calorie_band_kcal"":""under_300"",""protein_band_g"":""20_29"",""carb_band_g"":""low"",""fat_band_g"":""low"",""meal_type_required"":true,""max_calorie_delta_pct"":10,""max_protein_delta_g"":8,""exclude_allergens"":true}","milk","vegetarian|pescatarian|gluten_free|high_protein","NOT_AVAILABLE","YES_EXPLICIT","NO_EXPLICIT_TAG","fat_loss|maintenance|muscle_gain","Nutrition Library V2. USDA FoodData Central. One serving. Identity is external_id.","USDA FoodData Central — SR Legacy (April 2018 release)"
"MEAL-207","علبة عملية الحمص المهروس بالثوم والبابريكا مع الخس الروماني","Garlic-Paprika Hummus Portable Box with Romaine","YES_DERIVED_FROM_PUBLISHED_READY","published","ready","snack","SNACK","OFFICIAL_MEAL_TYPE","NO_OFFICIAL","NO_OFFICIAL","YES_OFFICIAL","NO_OFFICIAL","NO_OFFICIAL","NO","NO","443","7.4","24.8","34.9","7.8","qa.derived_fiber_g","241","g","1","حمص مهروس محضر / Prepared hummus: 80g; خس روماني طازج / Romaine lettuce, raw: 69g; سبانخ مطهوة / Spinach, cooked: 55g; زيت زيتون / Olive oil: 27g; ثوم طازج / Garlic, raw: 5g; بابريكا / Paprika: 5g","سخّن أو حضّر كمية الحمص المهروس المحددة وفق حالتها المطهوة المدرجة. | سخّن المكونات المطهوة وحضّر المكونات الطازجة من الكميات المحددة من الخس الروماني، السبانخ، زيت الزيتون، الثوم، البابريكا مع الحفاظ على حالة كل مكوّن المسجلة. | رتّب الحصة كاملة في علبة تحضير طعام عملية صغيرة ومقسّمة باستخدام الحمص المهروس، الخس الروماني، السبانخ، زيت الزيتون، الثوم، البابريكا فقط ووزّع الصلصات والتوابل بخفة وتساوٍ.","Warm or prepare the measured Hummus using its listed cooked form. | Warm cooked components and prepare fresh components from the measured Romaine, Spinach, Olive Oil, Garlic, Paprika, keeping each food in its recorded state. | Arrange the complete serving in one compact divided meal-prep box using only Hummus, Romaine, Spinach, Olive Oil, Garlic, Paprika; distribute sauces and seasonings lightly and evenly.","/nutrition/meals/MEAL-207/cover.webp","/nutrition/meals/MEAL-207/cover-thumb.webp","ready","FILES_PRESENT","{""calorie_band_kcal"":""300_449"",""protein_band_g"":""under_20"",""carb_band_g"":""low"",""fat_band_g"":""high"",""meal_type_required"":true,""max_calorie_delta_pct"":10,""max_protein_delta_g"":8,""exclude_allergens"":true}","sesame","vegetarian|vegan|pescatarian|gluten_free|high_fiber","NOT_AVAILABLE","YES_EXPLICIT","YES_EXPLICIT","fat_loss|maintenance|muscle_gain","Nutrition Library V2. USDA FoodData Central. One serving. Identity is external_id.","USDA FoodData Central — SR Legacy (April 2018 release)"
"MEAL-208","وعاء التفاح بالمانجو والزنجبيل مع الريكوتا","Mango-Ginger Apple Bowl with Ricotta","YES_DERIVED_FROM_PUBLISHED_READY","published","ready","snack","SNACK","OFFICIAL_MEAL_TYPE","NO_OFFICIAL","NO_OFFICIAL","YES_OFFICIAL","NO_OFFICIAL","NO_OFFICIAL","NO","NO","403","15.1","53.6","14.2","13.8","qa.derived_fiber_g","395","g","1","جبن ريكوتا جزئي الدسم / Ricotta, part-skim: 89g; تفاح طازج بالقشر / Apple with skin, raw: 165g; توت أزرق طازج / Blueberries, raw: 87g; بذور شيا مجففة / Dried chia seeds: 21g; مانجو طازجة / Mango, raw: 25g; زنجبيل طازج / Ginger root, raw: 8g","ضع كمية الريكوتا المحددة في وعاء خزفي متوسط غير لامع. | حضّر وأضف الكميات المحددة من التفاح، التوت الأزرق، بذور الشيا، المانجو، الزنجبيل مع إبقاء قطع الفاكهة الأكبر واضحة. | اخلط أو رتّب الحصة كاملة باستخدام الريكوتا، التفاح، التوت الأزرق، بذور الشيا، المانجو، الزنجبيل فقط وقدّمها من دون زينة غير مدرجة.","Place the measured Ricotta in one medium matte ceramic bowl. | Prepare and add the measured Apple, Blueberries, Chia, Mango, Ginger, keeping larger fruit pieces visibly distinct. | Combine or arrange the complete serving using only Ricotta, Apple, Blueberries, Chia, Mango, Ginger; serve without unlisted garnish.","/nutrition/meals/MEAL-208/cover.webp","/nutrition/meals/MEAL-208/cover-thumb.webp","ready","FILES_PRESENT","{""calorie_band_kcal"":""300_449"",""protein_band_g"":""under_20"",""carb_band_g"":""high"",""fat_band_g"":""moderate"",""meal_type_required"":true,""max_calorie_delta_pct"":10,""max_protein_delta_g"":8,""exclude_allergens"":true}","milk","vegetarian|pescatarian|gluten_free|high_fiber|omega_3","NOT_AVAILABLE","YES_EXPLICIT","NO_EXPLICIT_TAG","fat_loss|maintenance|muscle_gain","Nutrition Library V2. USDA FoodData Central. One serving. Identity is external_id.","USDA FoodData Central — SR Legacy (April 2018 release)"
"MEAL-209","وعاء حليب الصويا بالمانجو والزنجبيل مع التوت الأزرق","Mango-Ginger Soy Milk Bowl with Blueberries","YES_DERIVED_FROM_PUBLISHED_READY","published","ready","snack","SNACK","OFFICIAL_MEAL_TYPE","NO_OFFICIAL","NO_OFFICIAL","YES_OFFICIAL","NO_OFFICIAL","NO_OFFICIAL","NO","NO","166","7","21.2","5.9","2.8","qa.derived_fiber_g","251","g","1","حليب صويا سادة / Soy milk, plain: 170g; توت أزرق طازج / Blueberries, raw: 25g; فراولة طازجة / Strawberries, raw: 25g; طحينة سمسم / Sesame butter, tahini: 5g; مانجو طازجة / Mango, raw: 25g; زنجبيل طازج / Ginger root, raw: 1g","ضع كمية حليب الصويا المحددة في وعاء خزفي متوسط غير لامع. | حضّر وأضف الكميات المحددة من التوت الأزرق، الفراولة، الطحينة، المانجو، الزنجبيل مع إبقاء قطع الفاكهة الأكبر واضحة. | اخلط أو رتّب الحصة كاملة باستخدام حليب الصويا، التوت الأزرق، الفراولة، الطحينة، المانجو، الزنجبيل فقط وقدّمها من دون زينة غير مدرجة.","Place the measured Soy Milk in one medium matte ceramic bowl. | Prepare and add the measured Blueberries, Strawberries, Tahini, Mango, Ginger, keeping larger fruit pieces visibly distinct. | Combine or arrange the complete serving using only Soy Milk, Blueberries, Strawberries, Tahini, Mango, Ginger; serve without unlisted garnish.","/nutrition/meals/MEAL-209/cover.webp","/nutrition/meals/MEAL-209/cover-thumb.webp","ready","FILES_PRESENT","{""calorie_band_kcal"":""under_300"",""protein_band_g"":""under_20"",""carb_band_g"":""low"",""fat_band_g"":""low"",""meal_type_required"":true,""max_calorie_delta_pct"":10,""max_protein_delta_g"":8,""exclude_allergens"":true}","sesame|soy","vegetarian|vegan|pescatarian|gluten_free","NOT_AVAILABLE","YES_EXPLICIT","YES_EXPLICIT","fat_loss|maintenance","Nutrition Library V2. USDA FoodData Central. One serving. Identity is external_id.","USDA FoodData Central — SR Legacy (April 2018 release)"
"MEAL-210","وعاء الزبادي اليوناني بالتوت والشيا مع التفاح","Berry-Chia Greek Yogurt Bowl with Apple","YES_DERIVED_FROM_PUBLISHED_READY","published","ready","snack","SNACK","OFFICIAL_MEAL_TYPE","NO_OFFICIAL","NO_OFFICIAL","YES_OFFICIAL","NO_OFFICIAL","NO_OFFICIAL","NO","NO","165","15.1","21.5","2.1","4.6","qa.derived_fiber_g","256","g","1","زبادي يوناني سادة خالي الدسم / Greek yogurt, plain, nonfat: 143g; تفاح طازج بالقشر / Apple with skin, raw: 53g; برتقال طازج / Orange, raw: 25g; توت أزرق طازج / Blueberries, raw: 30g; بذور شيا مجففة / Dried chia seeds: 5g","ضع كمية الزبادي اليوناني المحددة في وعاء خزفي متوسط غير لامع. | حضّر وأضف الكميات المحددة من التفاح، البرتقال، التوت الأزرق، بذور الشيا مع إبقاء قطع الفاكهة الأكبر واضحة. | اخلط أو رتّب الحصة كاملة باستخدام الزبادي اليوناني، التفاح، البرتقال، التوت الأزرق، بذور الشيا فقط وقدّمها من دون زينة غير مدرجة.","Place the measured Greek Yogurt in one medium matte ceramic bowl. | Prepare and add the measured Apple, Orange, Blueberries, Chia, keeping larger fruit pieces visibly distinct. | Combine or arrange the complete serving using only Greek Yogurt, Apple, Orange, Blueberries, Chia; serve without unlisted garnish.","/nutrition/meals/MEAL-210/cover.webp","/nutrition/meals/MEAL-210/cover-thumb.webp","ready","FILES_PRESENT","{""calorie_band_kcal"":""under_300"",""protein_band_g"":""under_20"",""carb_band_g"":""low"",""fat_band_g"":""low"",""meal_type_required"":true,""max_calorie_delta_pct"":10,""max_protein_delta_g"":8,""exclude_allergens"":true}","milk","vegetarian|pescatarian|gluten_free","NOT_AVAILABLE","YES_EXPLICIT","NO_EXPLICIT_TAG","fat_loss|maintenance|muscle_gain","Nutrition Library V2. USDA FoodData Central. One serving. Identity is external_id.","USDA FoodData Central — SR Legacy (April 2018 release)"
"MEAL-211","وعاء الزبادي اليوناني بالبرتقال والكتان مع المانجو","Orange-Flax Greek Yogurt Bowl with Mango","YES_DERIVED_FROM_PUBLISHED_READY","published","ready","snack","SNACK","OFFICIAL_MEAL_TYPE","NO_OFFICIAL","NO_OFFICIAL","YES_OFFICIAL","NO_OFFICIAL","NO_OFFICIAL","NO","NO","139","13.2","17.5","1.8","2.7","qa.derived_fiber_g","203","g","1","زبادي يوناني سادة خالي الدسم / Greek yogurt, plain, nonfat: 125g; مانجو طازجة / Mango, raw: 25g; موز طازج / Banana, raw: 25g; برتقال طازج / Orange, raw: 25g; بذور كتان / Flaxseed: 3g","ضع كمية الزبادي اليوناني المحددة في وعاء خزفي متوسط غير لامع. | حضّر وأضف الكميات المحددة من المانجو، الموز، البرتقال، بذور الكتان مع إبقاء قطع الفاكهة الأكبر واضحة. | اخلط أو رتّب الحصة كاملة باستخدام الزبادي اليوناني، المانجو، الموز، البرتقال، بذور الكتان فقط وقدّمها من دون زينة غير مدرجة.","Place the measured Greek Yogurt in one medium matte ceramic bowl. | Prepare and add the measured Mango, Banana, Orange, Flaxseed, keeping larger fruit pieces visibly distinct. | Combine or arrange the complete serving using only Greek Yogurt, Mango, Banana, Orange, Flaxseed; serve without unlisted garnish.","/nutrition/meals/MEAL-211/cover.webp","/nutrition/meals/MEAL-211/cover-thumb.webp","ready","FILES_PRESENT","{""calorie_band_kcal"":""under_300"",""protein_band_g"":""under_20"",""carb_band_g"":""low"",""fat_band_g"":""low"",""meal_type_required"":true,""max_calorie_delta_pct"":10,""max_protein_delta_g"":8,""exclude_allergens"":true}","milk","vegetarian|pescatarian|gluten_free","NOT_AVAILABLE","YES_EXPLICIT","NO_EXPLICIT_TAG","fat_loss|maintenance|muscle_gain","Nutrition Library V2. USDA FoodData Central. One serving. Identity is external_id.","USDA FoodData Central — SR Legacy (April 2018 release)"
"MEAL-212","وعاء شوفان مطهو بياض البيض بالكاكاو والموز مع الشوفان","Cocoa-Banana Egg White Cooked Oat Bowl with Oats","YES_DERIVED_FROM_PUBLISHED_READY","published","ready","snack","SNACK","OFFICIAL_MEAL_TYPE","NO_OFFICIAL","NO_OFFICIAL","YES_OFFICIAL","NO_OFFICIAL","NO_OFFICIAL","NO","NO","167","10.7","27","1.8","4","qa.derived_fiber_g","162","g","1","بياض بيض طازج / Egg white, raw, fresh: 66g; شوفان ملفوف جاف / Rolled oats, dry: 20g; برتقال طازج / Orange, raw: 25g; مانجو طازجة / Mango, raw: 25g; مسحوق كاكاو غير محلى / Unsweetened cocoa powder: 1g; موز طازج / Banana, raw: 25g","اطهُ الشوفان بالماء حتى يثخن ثم أضف الكميات المحددة من الشوفان، البرتقال، المانجو، الكاكاو، الموز باستثناء بياض البيض. | أضف بياض البيض مع الخفق واطهه مع التحريك حتى يصبح معتمًا تمامًا وتصل الحرارة الداخلية إلى 74°م (165°ف). | انقل الخليط المطهو كاملًا إلى وعاء فطور خزفي متوسط غير لامع وقدّم حصة واحدة باستخدام بياض البيض، الشوفان، البرتقال، المانجو، الكاكاو، الموز فقط.","Cook the Oats with water until thick, then stir in the measured Oats, Orange, Mango, Cocoa, Banana except the Egg White. | Whisk in the Egg White and cook while stirring until fully opaque and the center reaches 74°C (165°F). | Transfer the complete cooked mixture to one medium matte ceramic breakfast bowl and serve one portion; use only Egg White, Oats, Orange, Mango, Cocoa, Banana.","/nutrition/meals/MEAL-212/cover.webp","/nutrition/meals/MEAL-212/cover-thumb.webp","ready","FILES_PRESENT","{""calorie_band_kcal"":""under_300"",""protein_band_g"":""under_20"",""carb_band_g"":""moderate"",""fat_band_g"":""low"",""meal_type_required"":true,""max_calorie_delta_pct"":10,""max_protein_delta_g"":8,""exclude_allergens"":true}","egg","vegetarian|pescatarian","NOT_AVAILABLE","YES_EXPLICIT","NO_EXPLICIT_TAG","fat_loss|maintenance|muscle_gain","Nutrition Library V2. USDA FoodData Central. One serving. Identity is external_id.","USDA FoodData Central — SR Legacy (April 2018 release)"
"MEAL-213","وعاء حليب الصويا بالقرفة والتمر مع التوت الأزرق","Cinnamon-Date Soy Milk Bowl with Blueberries","YES_DERIVED_FROM_PUBLISHED_READY","published","ready","snack","SNACK","OFFICIAL_MEAL_TYPE","NO_OFFICIAL","NO_OFFICIAL","YES_OFFICIAL","NO_OFFICIAL","NO_OFFICIAL","NO","NO","448","8.9","87.8","6.8","10.2","qa.derived_fiber_g","381","g","1","حليب صويا سادة / Soy milk, plain: 170g; توت أزرق طازج / Blueberries, raw: 68g; موز طازج / Banana, raw: 71g; جوز / Walnuts: 5g; قرفة مطحونة / Ground cinnamon: 2g; تمر مجدول / Medjool dates: 65g","ضع كمية حليب الصويا المحددة في وعاء خزفي متوسط غير لامع. | حضّر وأضف الكميات المحددة من التوت الأزرق، الموز، الجوز، القرفة، التمر مع إبقاء قطع الفاكهة الأكبر واضحة. | اخلط أو رتّب الحصة كاملة باستخدام حليب الصويا، التوت الأزرق، الموز، الجوز، القرفة، التمر فقط وقدّمها من دون زينة غير مدرجة.","Place the measured Soy Milk in one medium matte ceramic bowl. | Prepare and add the measured Blueberries, Banana, Walnuts, Cinnamon, Dates, keeping larger fruit pieces visibly distinct. | Combine or arrange the complete serving using only Soy Milk, Blueberries, Banana, Walnuts, Cinnamon, Dates; serve without unlisted garnish.","/nutrition/meals/MEAL-213/cover.webp","/nutrition/meals/MEAL-213/cover-thumb.webp","ready","FILES_PRESENT","{""calorie_band_kcal"":""300_449"",""protein_band_g"":""under_20"",""carb_band_g"":""high"",""fat_band_g"":""low"",""meal_type_required"":true,""max_calorie_delta_pct"":10,""max_protein_delta_g"":8,""exclude_allergens"":true}","tree_nuts|soy","vegetarian|vegan|pescatarian|gluten_free|high_fiber","NOT_AVAILABLE","YES_EXPLICIT","YES_EXPLICIT","fat_loss|maintenance|muscle_gain","Nutrition Library V2. USDA FoodData Central. One serving. Identity is external_id.","USDA FoodData Central — SR Legacy (April 2018 release)"
"MEAL-214","وعاء الزبادي اليوناني بالتفاح والقرفة مع الموز","Apple-Cinnamon Greek Yogurt Bowl with Banana","YES_DERIVED_FROM_PUBLISHED_READY","published","ready","snack","SNACK","OFFICIAL_MEAL_TYPE","NO_OFFICIAL","NO_OFFICIAL","YES_OFFICIAL","NO_OFFICIAL","NO_OFFICIAL","NO","NO","134","7.1","25.2","0.5","5.3","qa.derived_fiber_g","195","g","1","زبادي يوناني سادة خالي الدسم / Greek yogurt, plain, nonfat: 65g; موز طازج / Banana, raw: 25g; توت أزرق طازج / Blueberries, raw: 39g; تفاح طازج بالقشر / Apple with skin, raw: 62g; قرفة مطحونة / Ground cinnamon: 4g","ضع كمية الزبادي اليوناني المحددة في وعاء خزفي متوسط غير لامع. | حضّر وأضف الكميات المحددة من الموز، التوت الأزرق، التفاح، القرفة مع إبقاء قطع الفاكهة الأكبر واضحة. | اخلط أو رتّب الحصة كاملة باستخدام الزبادي اليوناني، الموز، التوت الأزرق، التفاح، القرفة فقط وقدّمها من دون زينة غير مدرجة.","Place the measured Greek Yogurt in one medium matte ceramic bowl. | Prepare and add the measured Banana, Blueberries, Apple, Cinnamon, keeping larger fruit pieces visibly distinct. | Combine or arrange the complete serving using only Greek Yogurt, Banana, Blueberries, Apple, Cinnamon; serve without unlisted garnish.","/nutrition/meals/MEAL-214/cover.webp","/nutrition/meals/MEAL-214/cover-thumb.webp","ready","FILES_PRESENT","{""calorie_band_kcal"":""under_300"",""protein_band_g"":""under_20"",""carb_band_g"":""moderate"",""fat_band_g"":""low"",""meal_type_required"":true,""max_calorie_delta_pct"":10,""max_protein_delta_g"":8,""exclude_allergens"":true}","milk","vegetarian|pescatarian|gluten_free","NOT_AVAILABLE","YES_EXPLICIT","NO_EXPLICIT_TAG","fat_loss|maintenance","Nutrition Library V2. USDA FoodData Central. One serving. Identity is external_id.","USDA FoodData Central — SR Legacy (April 2018 release)"
"MEAL-215","وعاء كريمي الموز بالمانجو والزنجبيل مع التوفو","Mango-Ginger Banana Silken-Style Bowl with Tofu","YES_DERIVED_FROM_PUBLISHED_READY","published","ready","snack","SNACK","OFFICIAL_MEAL_TYPE","NO_OFFICIAL","NO_OFFICIAL","YES_OFFICIAL","NO_OFFICIAL","NO_OFFICIAL","NO","NO","425","16.2","68.4","9.6","11.6","qa.derived_fiber_g","429","g","1","توفو متماسك محضر بالكالسيوم / Firm tofu prepared with calcium: 60g; حليب صويا سادة / Soy milk, plain: 50g; تفاح طازج بالقشر / Apple with skin, raw: 47g; موز طازج / Banana, raw: 180g; بذور شيا مجففة / Dried chia seeds: 8g; مانجو طازجة / Mango, raw: 79g; زنجبيل طازج / Ginger root, raw: 5g","ضع كمية التوفو المحددة في وعاء خزفي صغير غير لامع. | حضّر وأضف الكميات المحددة من حليب الصويا، التفاح، الموز، بذور الشيا، المانجو، الزنجبيل مع إبقاء قطع الفاكهة الأكبر واضحة. | اخلط أو رتّب الحصة كاملة باستخدام التوفو، حليب الصويا، التفاح، الموز، بذور الشيا، المانجو، الزنجبيل فقط وقدّمها من دون زينة غير مدرجة.","Place the measured Tofu in one small matte ceramic bowl. | Prepare and add the measured Soy Milk, Apple, Banana, Chia, Mango, Ginger, keeping larger fruit pieces visibly distinct. | Combine or arrange the complete serving using only Tofu, Soy Milk, Apple, Banana, Chia, Mango, Ginger; serve without unlisted garnish.","/nutrition/meals/MEAL-215/cover.webp","/nutrition/meals/MEAL-215/cover-thumb.webp","ready","FILES_PRESENT","{""calorie_band_kcal"":""300_449"",""protein_band_g"":""under_20"",""carb_band_g"":""high"",""fat_band_g"":""moderate"",""meal_type_required"":true,""max_calorie_delta_pct"":10,""max_protein_delta_g"":8,""exclude_allergens"":true}","soy","vegetarian|vegan|pescatarian|gluten_free|high_fiber|omega_3","NOT_AVAILABLE","YES_EXPLICIT","YES_EXPLICIT","fat_loss|maintenance|muscle_gain","Nutrition Library V2. USDA FoodData Central. One serving. Identity is external_id.","USDA FoodData Central — SR Legacy (April 2018 release)"
"MEAL-216","وعاء الزبادي اليوناني بالبرتقال والكتان مع الموز","Orange-Flax Greek Yogurt Bowl with Banana","YES_DERIVED_FROM_PUBLISHED_READY","published","ready","snack","SNACK","OFFICIAL_MEAL_TYPE","NO_OFFICIAL","NO_OFFICIAL","YES_OFFICIAL","NO_OFFICIAL","NO_OFFICIAL","NO","NO","176","20","19.7","1.9","3.1","qa.derived_fiber_g","276","g","1","زبادي يوناني سادة خالي الدسم / Greek yogurt, plain, nonfat: 198g; موز طازج / Banana, raw: 25g; تفاح طازج بالقشر / Apple with skin, raw: 25g; برتقال طازج / Orange, raw: 25g; بذور كتان / Flaxseed: 3g","ضع كمية الزبادي اليوناني المحددة في وعاء خزفي متوسط غير لامع. | حضّر وأضف الكميات المحددة من الموز، التفاح، البرتقال، بذور الكتان مع إبقاء قطع الفاكهة الأكبر واضحة. | اخلط أو رتّب الحصة كاملة باستخدام الزبادي اليوناني، الموز، التفاح، البرتقال، بذور الكتان فقط وقدّمها من دون زينة غير مدرجة.","Place the measured Greek Yogurt in one medium matte ceramic bowl. | Prepare and add the measured Banana, Apple, Orange, Flaxseed, keeping larger fruit pieces visibly distinct. | Combine or arrange the complete serving using only Greek Yogurt, Banana, Apple, Orange, Flaxseed; serve without unlisted garnish.","/nutrition/meals/MEAL-216/cover.webp","/nutrition/meals/MEAL-216/cover-thumb.webp","ready","FILES_PRESENT","{""calorie_band_kcal"":""under_300"",""protein_band_g"":""20_29"",""carb_band_g"":""low"",""fat_band_g"":""low"",""meal_type_required"":true,""max_calorie_delta_pct"":10,""max_protein_delta_g"":8,""exclude_allergens"":true}","milk","vegetarian|pescatarian|gluten_free|high_protein","NOT_AVAILABLE","YES_EXPLICIT","NO_EXPLICIT_TAG","fat_loss|maintenance|muscle_gain","Nutrition Library V2. USDA FoodData Central. One serving. Identity is external_id.","USDA FoodData Central — SR Legacy (April 2018 release)"
"MEAL-217","وعاء الحمص المهروس بالطماطم والبقدونس مع الخس الروماني","Tomato-Parsley Hummus Bowl with Romaine","YES_DERIVED_FROM_PUBLISHED_READY","published","ready","snack","SNACK","OFFICIAL_MEAL_TYPE","NO_OFFICIAL","NO_OFFICIAL","YES_OFFICIAL","NO_OFFICIAL","NO_OFFICIAL","NO","NO","406","5.9","18.5","34.3","6","qa.derived_fiber_g","285","g","1","حمص مهروس محضر / Prepared hummus: 55g; خس روماني طازج / Romaine lettuce, raw: 69g; سبانخ مطهوة / Spinach, cooked: 55g; زيت زيتون / Olive oil: 29g; طماطم طازجة / Tomato, raw: 72g; بقدونس طازج / Fresh parsley: 5g","سخّن أو حضّر كمية الحمص المهروس المحددة وفق حالتها المطهوة المدرجة. | سخّن المكونات المطهوة وحضّر المكونات الطازجة من الكميات المحددة من الخس الروماني، السبانخ، زيت الزيتون، الطماطم، البقدونس مع الحفاظ على حالة كل مكوّن المسجلة. | رتّب الحصة كاملة في وعاء حجري عريض وضحل باستخدام الحمص المهروس، الخس الروماني، السبانخ، زيت الزيتون، الطماطم، البقدونس فقط ووزّع الصلصات والتوابل بخفة وتساوٍ.","Warm or prepare the measured Hummus using its listed cooked form. | Warm cooked components and prepare fresh components from the measured Romaine, Spinach, Olive Oil, Tomato, Parsley, keeping each food in its recorded state. | Arrange the complete serving in one wide shallow stoneware bowl using only Hummus, Romaine, Spinach, Olive Oil, Tomato, Parsley; distribute sauces and seasonings lightly and evenly.","/nutrition/meals/MEAL-217/cover.webp","/nutrition/meals/MEAL-217/cover-thumb.webp","ready","FILES_PRESENT","{""calorie_band_kcal"":""300_449"",""protein_band_g"":""under_20"",""carb_band_g"":""low"",""fat_band_g"":""high"",""meal_type_required"":true,""max_calorie_delta_pct"":10,""max_protein_delta_g"":8,""exclude_allergens"":true}","sesame","vegetarian|vegan|pescatarian|gluten_free|high_fiber","NOT_AVAILABLE","YES_EXPLICIT","YES_EXPLICIT","fat_loss|maintenance|muscle_gain","Nutrition Library V2. USDA FoodData Central. One serving. Identity is external_id.","USDA FoodData Central — SR Legacy (April 2018 release)"
"MEAL-218","وعاء بياض البيض بالثوم والبابريكا مع الجزر","Garlic-Paprika Egg White Bowl with Carrot","YES_DERIVED_FROM_PUBLISHED_READY","published","ready","snack","SNACK","OFFICIAL_MEAL_TYPE","NO_OFFICIAL","NO_OFFICIAL","YES_OFFICIAL","NO_OFFICIAL","NO_OFFICIAL","NO","NO","275","27.2","19.8","9.7","7.4","qa.derived_fiber_g","345","g","1","بياض بيض طازج / Egg white, raw, fresh: 186g; جزر طازج / Carrot, raw: 47g; بروكلي مطهو / Broccoli, cooked: 84g; لوز / Almonds: 17g; ثوم طازج / Garlic, raw: 8g; بابريكا / Paprika: 3g","اطهُ بياض البيض في مقلاة غير لاصقة حتى يصبح معتمًا تمامًا وتصل الحرارة الداخلية إلى 74°م (165°ف). | سخّن المكونات المطهوة وحضّر المكونات الطازجة من الكميات المحددة من الجزر، البروكلي، اللوز، الثوم، البابريكا مع الحفاظ على حالة كل مكوّن المسجلة. | رتّب الحصة كاملة في وعاء حجري عريض وضحل باستخدام بياض البيض، الجزر، البروكلي، اللوز، الثوم، البابريكا فقط ووزّع الصلصات والتوابل بخفة وتساوٍ.","Cook the Egg White in a nonstick pan until fully opaque and the center reaches 74°C (165°F). | Warm cooked components and prepare fresh components from the measured Carrot, Broccoli, Almonds, Garlic, Paprika, keeping each food in its recorded state. | Arrange the complete serving in one wide shallow stoneware bowl using only Egg White, Carrot, Broccoli, Almonds, Garlic, Paprika; distribute sauces and seasonings lightly and evenly.","/nutrition/meals/MEAL-218/cover.webp","/nutrition/meals/MEAL-218/cover-thumb.webp","ready","FILES_PRESENT","{""calorie_band_kcal"":""under_300"",""protein_band_g"":""20_29"",""carb_band_g"":""low"",""fat_band_g"":""moderate"",""meal_type_required"":true,""max_calorie_delta_pct"":10,""max_protein_delta_g"":8,""exclude_allergens"":true}","egg|tree_nuts","vegetarian|pescatarian|gluten_free|high_protein|high_fiber","NOT_AVAILABLE","YES_EXPLICIT","NO_EXPLICIT_TAG","fat_loss|maintenance|muscle_gain","Nutrition Library V2. USDA FoodData Central. One serving. Identity is external_id.","USDA FoodData Central — SR Legacy (April 2018 release)"
"MEAL-219","وعاء المانجو بالكاكاو والموز مع الزبادي اليوناني","Cocoa-Banana Mango Bowl with Greek Yogurt","YES_DERIVED_FROM_PUBLISHED_READY","published","ready","snack","SNACK","OFFICIAL_MEAL_TYPE","NO_OFFICIAL","NO_OFFICIAL","YES_OFFICIAL","NO_OFFICIAL","NO_OFFICIAL","NO","NO","295","9.7","55.5","3.8","7.1","qa.derived_fiber_g","361","g","1","زبادي يوناني سادة خالي الدسم / Greek yogurt, plain, nonfat: 60g; مانجو طازجة / Mango, raw: 163g; برتقال طازج / Orange, raw: 25g; لوز / Almonds: 5g; مسحوق كاكاو غير محلى / Unsweetened cocoa powder: 1g; موز طازج / Banana, raw: 107g","ضع كمية الزبادي اليوناني المحددة في وعاء خزفي متوسط غير لامع. | حضّر وأضف الكميات المحددة من المانجو، البرتقال، اللوز، الكاكاو، الموز مع إبقاء قطع الفاكهة الأكبر واضحة. | اخلط أو رتّب الحصة كاملة باستخدام الزبادي اليوناني، المانجو، البرتقال، اللوز، الكاكاو، الموز فقط وقدّمها من دون زينة غير مدرجة.","Place the measured Greek Yogurt in one medium matte ceramic bowl. | Prepare and add the measured Mango, Orange, Almonds, Cocoa, Banana, keeping larger fruit pieces visibly distinct. | Combine or arrange the complete serving using only Greek Yogurt, Mango, Orange, Almonds, Cocoa, Banana; serve without unlisted garnish.","/nutrition/meals/MEAL-219/cover.webp","/nutrition/meals/MEAL-219/cover-thumb.webp","ready","FILES_PRESENT","{""calorie_band_kcal"":""under_300"",""protein_band_g"":""under_20"",""carb_band_g"":""high"",""fat_band_g"":""low"",""meal_type_required"":true,""max_calorie_delta_pct"":10,""max_protein_delta_g"":8,""exclude_allergens"":true}","milk|tree_nuts","vegetarian|pescatarian|gluten_free|high_fiber","NOT_AVAILABLE","YES_EXPLICIT","NO_EXPLICIT_TAG","fat_loss|maintenance","Nutrition Library V2. USDA FoodData Central. One serving. Identity is external_id.","USDA FoodData Central — SR Legacy (April 2018 release)"
"MEAL-220","وعاء شوفان مطهو بياض البيض بالتفاح والقرفة مع الشوفان","Apple-Cinnamon Egg White Cooked Oat Bowl with Oats","YES_DERIVED_FROM_PUBLISHED_READY","published","ready","snack","SNACK","OFFICIAL_MEAL_TYPE","NO_OFFICIAL","NO_OFFICIAL","YES_OFFICIAL","NO_OFFICIAL","NO_OFFICIAL","NO","NO","156","9.7","25.8","1.6","4.3","qa.derived_fiber_g","156","g","1","بياض بيض طازج / Egg white, raw, fresh: 60g; شوفان ملفوف جاف / Rolled oats, dry: 20g; موز طازج / Banana, raw: 25g; فراولة طازجة / Strawberries, raw: 25g; تفاح طازج بالقشر / Apple with skin, raw: 25g; قرفة مطحونة / Ground cinnamon: 1g","اطهُ الشوفان بالماء حتى يثخن ثم أضف الكميات المحددة من الشوفان، الموز، الفراولة، التفاح، القرفة باستثناء بياض البيض. | أضف بياض البيض مع الخفق واطهه مع التحريك حتى يصبح معتمًا تمامًا وتصل الحرارة الداخلية إلى 74°م (165°ف). | انقل الخليط المطهو كاملًا إلى وعاء فطور خزفي متوسط غير لامع وقدّم حصة واحدة باستخدام بياض البيض، الشوفان، الموز، الفراولة، التفاح، القرفة فقط.","Cook the Oats with water until thick, then stir in the measured Oats, Banana, Strawberries, Apple, Cinnamon except the Egg White. | Whisk in the Egg White and cook while stirring until fully opaque and the center reaches 74°C (165°F). | Transfer the complete cooked mixture to one medium matte ceramic breakfast bowl and serve one portion; use only Egg White, Oats, Banana, Strawberries, Apple, Cinnamon.","/nutrition/meals/MEAL-220/cover.webp","/nutrition/meals/MEAL-220/cover-thumb.webp","ready","FILES_PRESENT","{""calorie_band_kcal"":""under_300"",""protein_band_g"":""under_20"",""carb_band_g"":""moderate"",""fat_band_g"":""low"",""meal_type_required"":true,""max_calorie_delta_pct"":10,""max_protein_delta_g"":8,""exclude_allergens"":true}","egg","vegetarian|pescatarian","NOT_AVAILABLE","YES_EXPLICIT","NO_EXPLICIT_TAG","fat_loss|maintenance","Nutrition Library V2. USDA FoodData Central. One serving. Identity is external_id.","USDA FoodData Central — SR Legacy (April 2018 release)"
"MEAL-221","وعاء الزبادي اليوناني بالمانجو والزنجبيل مع الموز","Mango-Ginger Greek Yogurt Bowl with Banana","YES_DERIVED_FROM_PUBLISHED_READY","published","ready","snack","SNACK","OFFICIAL_MEAL_TYPE","NO_OFFICIAL","NO_OFFICIAL","YES_OFFICIAL","NO_OFFICIAL","NO_OFFICIAL","NO","NO","152","13.8","17.1","3.2","2.1","qa.derived_fiber_g","210","g","1","زبادي يوناني سادة خالي الدسم / Greek yogurt, plain, nonfat: 129g; موز طازج / Banana, raw: 25g; فراولة طازجة / Strawberries, raw: 25g; طحينة سمسم / Sesame butter, tahini: 5g; مانجو طازجة / Mango, raw: 25g; زنجبيل طازج / Ginger root, raw: 1g","ضع كمية الزبادي اليوناني المحددة في وعاء خزفي متوسط غير لامع. | حضّر وأضف الكميات المحددة من الموز، الفراولة، الطحينة، المانجو، الزنجبيل مع إبقاء قطع الفاكهة الأكبر واضحة. | اخلط أو رتّب الحصة كاملة باستخدام الزبادي اليوناني، الموز، الفراولة، الطحينة، المانجو، الزنجبيل فقط وقدّمها من دون زينة غير مدرجة.","Place the measured Greek Yogurt in one medium matte ceramic bowl. | Prepare and add the measured Banana, Strawberries, Tahini, Mango, Ginger, keeping larger fruit pieces visibly distinct. | Combine or arrange the complete serving using only Greek Yogurt, Banana, Strawberries, Tahini, Mango, Ginger; serve without unlisted garnish.","/nutrition/meals/MEAL-221/cover.webp","/nutrition/meals/MEAL-221/cover-thumb.webp","ready","FILES_PRESENT","{""calorie_band_kcal"":""under_300"",""protein_band_g"":""under_20"",""carb_band_g"":""low"",""fat_band_g"":""low"",""meal_type_required"":true,""max_calorie_delta_pct"":10,""max_protein_delta_g"":8,""exclude_allergens"":true}","milk|sesame","vegetarian|pescatarian|gluten_free","NOT_AVAILABLE","YES_EXPLICIT","NO_EXPLICIT_TAG","fat_loss|maintenance|muscle_gain","Nutrition Library V2. USDA FoodData Central. One serving. Identity is external_id.","USDA FoodData Central — SR Legacy (April 2018 release)"
"MEAL-222","وعاء حليب الصويا بالبرتقال والكتان مع الموز","Orange-Flax Soy Milk Bowl with Banana","YES_DERIVED_FROM_PUBLISHED_READY","published","ready","snack","SNACK","OFFICIAL_MEAL_TYPE","NO_OFFICIAL","NO_OFFICIAL","YES_OFFICIAL","NO_OFFICIAL","NO_OFFICIAL","NO","NO","450","15.1","59.7","16.8","16.6","qa.derived_fiber_g","429","g","1","حليب صويا سادة / Soy milk, plain: 230g; موز طازج / Banana, raw: 114g; تفاح طازج بالقشر / Apple with skin, raw: 25g; بذور شيا مجففة / Dried chia seeds: 21g; برتقال طازج / Orange, raw: 25g; بذور كتان / Flaxseed: 14g","ضع كمية حليب الصويا المحددة في وعاء خزفي متوسط غير لامع. | حضّر وأضف الكميات المحددة من الموز، التفاح، بذور الشيا، البرتقال، بذور الكتان مع إبقاء قطع الفاكهة الأكبر واضحة. | اخلط أو رتّب الحصة كاملة باستخدام حليب الصويا، الموز، التفاح، بذور الشيا، البرتقال، بذور الكتان فقط وقدّمها من دون زينة غير مدرجة.","Place the measured Soy Milk in one medium matte ceramic bowl. | Prepare and add the measured Banana, Apple, Chia, Orange, Flaxseed, keeping larger fruit pieces visibly distinct. | Combine or arrange the complete serving using only Soy Milk, Banana, Apple, Chia, Orange, Flaxseed; serve without unlisted garnish.","/nutrition/meals/MEAL-222/cover.webp","/nutrition/meals/MEAL-222/cover-thumb.webp","ready","FILES_PRESENT","{""calorie_band_kcal"":""450_599"",""protein_band_g"":""under_20"",""carb_band_g"":""high"",""fat_band_g"":""moderate"",""meal_type_required"":true,""max_calorie_delta_pct"":10,""max_protein_delta_g"":8,""exclude_allergens"":true}","soy","vegetarian|vegan|pescatarian|gluten_free|high_fiber|omega_3","NOT_AVAILABLE","YES_EXPLICIT","YES_EXPLICIT","fat_loss|maintenance|muscle_gain","Nutrition Library V2. USDA FoodData Central. One serving. Identity is external_id.","USDA FoodData Central — SR Legacy (April 2018 release)"
"MEAL-223","وعاء شوفان مطهو بياض البيض بالبرتقال والكتان مع الشوفان","Orange-Flax Egg White Cooked Oat Bowl with Oats","YES_DERIVED_FROM_PUBLISHED_READY","published","ready","snack","SNACK","OFFICIAL_MEAL_TYPE","NO_OFFICIAL","NO_OFFICIAL","YES_OFFICIAL","NO_OFFICIAL","NO_OFFICIAL","NO","NO","166","10.2","24.9","2.8","4.4","qa.derived_fiber_g","158","g","1","بياض بيض طازج / Egg white, raw, fresh: 60g; شوفان ملفوف جاف / Rolled oats, dry: 20g; مانجو طازجة / Mango, raw: 25g; تفاح طازج بالقشر / Apple with skin, raw: 25g; برتقال طازج / Orange, raw: 25g; بذور كتان / Flaxseed: 3g","اطهُ الشوفان بالماء حتى يثخن ثم أضف الكميات المحددة من الشوفان، المانجو، التفاح، البرتقال، بذور الكتان باستثناء بياض البيض. | أضف بياض البيض مع الخفق واطهه مع التحريك حتى يصبح معتمًا تمامًا وتصل الحرارة الداخلية إلى 74°م (165°ف). | انقل الخليط المطهو كاملًا إلى وعاء فطور خزفي متوسط غير لامع وقدّم حصة واحدة باستخدام بياض البيض، الشوفان، المانجو، التفاح، البرتقال، بذور الكتان فقط.","Cook the Oats with water until thick, then stir in the measured Oats, Mango, Apple, Orange, Flaxseed except the Egg White. | Whisk in the Egg White and cook while stirring until fully opaque and the center reaches 74°C (165°F). | Transfer the complete cooked mixture to one medium matte ceramic breakfast bowl and serve one portion; use only Egg White, Oats, Mango, Apple, Orange, Flaxseed.","/nutrition/meals/MEAL-223/cover.webp","/nutrition/meals/MEAL-223/cover-thumb.webp","ready","FILES_PRESENT","{""calorie_band_kcal"":""under_300"",""protein_band_g"":""under_20"",""carb_band_g"":""low"",""fat_band_g"":""low"",""meal_type_required"":true,""max_calorie_delta_pct"":10,""max_protein_delta_g"":8,""exclude_allergens"":true}","egg","vegetarian|pescatarian","NOT_AVAILABLE","YES_EXPLICIT","NO_EXPLICIT_TAG","fat_loss|maintenance|muscle_gain","Nutrition Library V2. USDA FoodData Central. One serving. Identity is external_id.","USDA FoodData Central — SR Legacy (April 2018 release)"
"MEAL-224","وعاء كريمي التوفو بالقرفة والتمر مع التوت الأزرق","Cinnamon-Date Tofu Silken-Style Bowl with Blueberries","YES_DERIVED_FROM_PUBLISHED_READY","published","ready","snack","SNACK","OFFICIAL_MEAL_TYPE","NO_OFFICIAL","NO_OFFICIAL","YES_OFFICIAL","NO_OFFICIAL","NO_OFFICIAL","NO","NO","314","23.9","23.2","14","5.5","qa.derived_fiber_g","235","g","1","توفو متماسك محضر بالكالسيوم / Firm tofu prepared with calcium: 119g; حليب صويا سادة / Soy milk, plain: 50g; توت أزرق طازج / Blueberries, raw: 25g; مانجو طازجة / Mango, raw: 25g; زبدة فول سوداني ناعمة / Smooth peanut butter: 5g; قرفة مطحونة / Ground cinnamon: 1g; تمر مجدول / Medjool dates: 10g","ضع كمية التوفو المحددة في وعاء خزفي صغير غير لامع. | حضّر وأضف الكميات المحددة من حليب الصويا، التوت الأزرق، المانجو، زبدة الفول السوداني، القرفة، التمر مع إبقاء قطع الفاكهة الأكبر واضحة. | اخلط أو رتّب الحصة كاملة باستخدام التوفو، حليب الصويا، التوت الأزرق، المانجو، زبدة الفول السوداني، القرفة، التمر فقط وقدّمها من دون زينة غير مدرجة.","Place the measured Tofu in one small matte ceramic bowl. | Prepare and add the measured Soy Milk, Blueberries, Mango, Peanut Butter, Cinnamon, Dates, keeping larger fruit pieces visibly distinct. | Combine or arrange the complete serving using only Tofu, Soy Milk, Blueberries, Mango, Peanut Butter, Cinnamon, Dates; serve without unlisted garnish.","/nutrition/meals/MEAL-224/cover.webp","/nutrition/meals/MEAL-224/cover-thumb.webp","ready","FILES_PRESENT","{""calorie_band_kcal"":""300_449"",""protein_band_g"":""20_29"",""carb_band_g"":""low"",""fat_band_g"":""moderate"",""meal_type_required"":true,""max_calorie_delta_pct"":10,""max_protein_delta_g"":8,""exclude_allergens"":true}","soy|peanuts","vegetarian|vegan|pescatarian|gluten_free|high_protein","NOT_AVAILABLE","YES_EXPLICIT","YES_EXPLICIT","fat_loss|maintenance|muscle_gain","Nutrition Library V2. USDA FoodData Central. One serving. Identity is external_id.","USDA FoodData Central — SR Legacy (April 2018 release)"
"MEAL-225","وعاء كريمي الموز بالكاكاو والموز مع التوفو","Cocoa-Banana Banana Silken-Style Bowl with Tofu","YES_DERIVED_FROM_PUBLISHED_READY","published","ready","snack","SNACK","OFFICIAL_MEAL_TYPE","NO_OFFICIAL","NO_OFFICIAL","YES_OFFICIAL","NO_OFFICIAL","NO_OFFICIAL","NO","NO","446","16.9","66.2","12.6","11.1","qa.derived_fiber_g","428","g","1","توفو متماسك محضر بالكالسيوم / Firm tofu prepared with calcium: 60g; حليب صويا سادة / Soy milk, plain: 50g; تفاح طازج بالقشر / Apple with skin, raw: 101g; توت أزرق طازج / Blueberries, raw: 25g; لوز / Almonds: 11g; مسحوق كاكاو غير محلى / Unsweetened cocoa powder: 1g; موز طازج / Banana, raw: 180g","ضع كمية التوفو المحددة في وعاء خزفي صغير غير لامع. | حضّر وأضف الكميات المحددة من حليب الصويا، التفاح، التوت الأزرق، اللوز، الكاكاو، الموز مع إبقاء قطع الفاكهة الأكبر واضحة. | اخلط أو رتّب الحصة كاملة باستخدام التوفو، حليب الصويا، التفاح، التوت الأزرق، اللوز، الكاكاو، الموز فقط وقدّمها من دون زينة غير مدرجة.","Place the measured Tofu in one small matte ceramic bowl. | Prepare and add the measured Soy Milk, Apple, Blueberries, Almonds, Cocoa, Banana, keeping larger fruit pieces visibly distinct. | Combine or arrange the complete serving using only Tofu, Soy Milk, Apple, Blueberries, Almonds, Cocoa, Banana; serve without unlisted garnish.","/nutrition/meals/MEAL-225/cover.webp","/nutrition/meals/MEAL-225/cover-thumb.webp","ready","FILES_PRESENT","{""calorie_band_kcal"":""300_449"",""protein_band_g"":""under_20"",""carb_band_g"":""high"",""fat_band_g"":""moderate"",""meal_type_required"":true,""max_calorie_delta_pct"":10,""max_protein_delta_g"":8,""exclude_allergens"":true}","tree_nuts|soy","vegetarian|vegan|pescatarian|gluten_free|high_fiber","NOT_AVAILABLE","YES_EXPLICIT","YES_EXPLICIT","fat_loss|maintenance|muscle_gain","Nutrition Library V2. USDA FoodData Central. One serving. Identity is external_id.","USDA FoodData Central — SR Legacy (April 2018 release)"
"MEAL-226","وعاء شوفان مطهو بياض البيض بالمانجو والزنجبيل مع الشوفان","Mango-Ginger Egg White Cooked Oat Bowl with Oats","YES_DERIVED_FROM_PUBLISHED_READY","published","ready","pre_workout","PRE_WORKOUT","OFFICIAL_MEAL_TYPE","NO_OFFICIAL","NO_OFFICIAL","NO_OFFICIAL","YES_OFFICIAL","NO_OFFICIAL","YES_INFERRED_AUDIT","NO","457","30.2","62.2","9.7","8.1","qa.derived_fiber_g","383","g","1","بياض بيض طازج / Egg white, raw, fresh: 212g; شوفان ملفوف جاف / Rolled oats, dry: 29g; تمر مجدول / Medjool dates: 36g; برتقال طازج / Orange, raw: 61g; جوز / Walnuts: 11g; مانجو طازجة / Mango, raw: 26g; زنجبيل طازج / Ginger root, raw: 8g","اطهُ الشوفان بالماء حتى يثخن ثم أضف الكميات المحددة من الشوفان، التمر، البرتقال، الجوز، المانجو، الزنجبيل باستثناء بياض البيض. | أضف بياض البيض مع الخفق واطهه مع التحريك حتى يصبح معتمًا تمامًا وتصل الحرارة الداخلية إلى 74°م (165°ف). | انقل الخليط المطهو كاملًا إلى وعاء فطور خزفي متوسط غير لامع وقدّم حصة واحدة باستخدام بياض البيض، الشوفان، التمر، البرتقال، الجوز، المانجو، الزنجبيل فقط.","Cook the Oats with water until thick, then stir in the measured Oats, Dates, Orange, Walnuts, Mango, Ginger except the Egg White. | Whisk in the Egg White and cook while stirring until fully opaque and the center reaches 74°C (165°F). | Transfer the complete cooked mixture to one medium matte ceramic breakfast bowl and serve one portion; use only Egg White, Oats, Dates, Orange, Walnuts, Mango, Ginger.","/nutrition/meals/MEAL-226/cover.webp","/nutrition/meals/MEAL-226/cover-thumb.webp","ready","FILES_PRESENT","{""calorie_band_kcal"":""450_599"",""protein_band_g"":""30_39"",""carb_band_g"":""high"",""fat_band_g"":""moderate"",""meal_type_required"":true,""max_calorie_delta_pct"":10,""max_protein_delta_g"":8,""exclude_allergens"":true}","egg|tree_nuts","vegetarian|pescatarian|high_protein|high_fiber|omega_3","NOT_AVAILABLE","YES_EXPLICIT","NO_EXPLICIT_TAG","fat_loss|maintenance|muscle_gain","Nutrition Library V2. USDA FoodData Central. One serving. Identity is external_id.","USDA FoodData Central — SR Legacy (April 2018 release)"
"MEAL-227","وعاء الكسكس بالطحينة والليمون مع العدس والخس الروماني","Tahini-Lemon Couscous Bowl with Lentils and Romaine","YES_DERIVED_FROM_PUBLISHED_READY","published","ready","pre_workout","PRE_WORKOUT","OFFICIAL_MEAL_TYPE","NO_OFFICIAL","NO_OFFICIAL","NO_OFFICIAL","YES_OFFICIAL","NO_OFFICIAL","NO","NO","471","13.7","49.2","24.4","9.4","qa.derived_fiber_g","343","g","1","عدس مطهو / Lentils, cooked: 60g; كسكس مطهو / Couscous, cooked: 136g; خس روماني طازج / Romaine lettuce, raw: 65g; سبانخ مطهوة / Spinach, cooked: 48g; زيت زيتون / Olive oil: 21g; طحينة سمسم / Sesame butter, tahini: 5g; عصير ليمون طازج / Lemon juice, raw: 8g","سخّن أو حضّر كمية العدس المحددة وفق حالتها المطهوة المدرجة. | سخّن المكونات المطهوة وحضّر المكونات الطازجة من الكميات المحددة من الكسكس، الخس الروماني، السبانخ، زيت الزيتون، الطحينة، الليمون مع الحفاظ على حالة كل مكوّن المسجلة. | رتّب الحصة كاملة في وعاء حجري عريض وضحل باستخدام العدس، الكسكس، الخس الروماني، السبانخ، زيت الزيتون، الطحينة، الليمون فقط ووزّع الصلصات والتوابل بخفة وتساوٍ.","Warm or prepare the measured Lentils using its listed cooked form. | Warm cooked components and prepare fresh components from the measured Couscous, Romaine, Spinach, Olive Oil, Tahini, Lemon, keeping each food in its recorded state. | Arrange the complete serving in one wide shallow stoneware bowl using only Lentils, Couscous, Romaine, Spinach, Olive Oil, Tahini, Lemon; distribute sauces and seasonings lightly and evenly.","/nutrition/meals/MEAL-227/cover.webp","/nutrition/meals/MEAL-227/cover-thumb.webp","ready","FILES_PRESENT","{""calorie_band_kcal"":""450_599"",""protein_band_g"":""under_20"",""carb_band_g"":""moderate"",""fat_band_g"":""high"",""meal_type_required"":true,""max_calorie_delta_pct"":10,""max_protein_delta_g"":8,""exclude_allergens"":true}","gluten|sesame","vegetarian|vegan|pescatarian|high_fiber","NOT_AVAILABLE","YES_EXPLICIT","YES_EXPLICIT","fat_loss|maintenance|muscle_gain","Nutrition Library V2. USDA FoodData Central. One serving. Identity is external_id.","USDA FoodData Central — SR Legacy (April 2018 release)"
"MEAL-228","علبة عملية الأرز الأبيض بالطماطم والبقدونس مع بياض البيض","Tomato-Parsley White Rice Portable Box with Egg White","YES_DERIVED_FROM_PUBLISHED_READY","published","ready","pre_workout","PRE_WORKOUT","OFFICIAL_MEAL_TYPE","NO_OFFICIAL","NO_OFFICIAL","NO_OFFICIAL","YES_OFFICIAL","NO_OFFICIAL","NO","NO","345","11","39.7","15.8","2.6","qa.derived_fiber_g","328","g","1","بياض بيض طازج / Egg white, raw, fresh: 60g; أرز أبيض مطهو / White rice, cooked: 115g; فلفل حلو أحمر طازج / Red bell pepper, raw: 68g; خيار طازج بالقشر / Cucumber with peel, raw: 42g; زيت زيتون / Olive oil: 15g; طماطم طازجة / Tomato, raw: 20g; بقدونس طازج / Fresh parsley: 8g","اطهُ بياض البيض في مقلاة غير لاصقة حتى يصبح معتمًا تمامًا وتصل الحرارة الداخلية إلى 74°م (165°ف). | سخّن المكونات المطهوة وحضّر المكونات الطازجة من الكميات المحددة من الأرز الأبيض، الفلفل الأحمر، الخيار، زيت الزيتون، الطماطم، البقدونس مع الحفاظ على حالة كل مكوّن المسجلة. | رتّب الحصة كاملة في علبة تحضير طعام عملية صغيرة ومقسّمة باستخدام بياض البيض، الأرز الأبيض، الفلفل الأحمر، الخيار، زيت الزيتون، الطماطم، البقدونس فقط ووزّع الصلصات والتوابل بخفة وتساوٍ.","Cook the Egg White in a nonstick pan until fully opaque and the center reaches 74°C (165°F). | Warm cooked components and prepare fresh components from the measured White Rice, Red Pepper, Cucumber, Olive Oil, Tomato, Parsley, keeping each food in its recorded state. | Arrange the complete serving in one compact divided meal-prep box using only Egg White, White Rice, Red Pepper, Cucumber, Olive Oil, Tomato, Parsley; distribute sauces and seasonings lightly and evenly.","/nutrition/meals/MEAL-228/cover.webp","/nutrition/meals/MEAL-228/cover-thumb.webp","ready","FILES_PRESENT","{""calorie_band_kcal"":""300_449"",""protein_band_g"":""under_20"",""carb_band_g"":""moderate"",""fat_band_g"":""moderate"",""meal_type_required"":true,""max_calorie_delta_pct"":10,""max_protein_delta_g"":8,""exclude_allergens"":true}","egg","vegetarian|pescatarian|gluten_free","NOT_AVAILABLE","YES_EXPLICIT","NO_EXPLICIT_TAG","maintenance","Nutrition Library V2. USDA FoodData Central. One serving. Identity is external_id.","USDA FoodData Central — SR Legacy (April 2018 release)"
"MEAL-229","وعاء العدس بالليمون والأعشاب مع الأرز البني","Lemon-Herb Lentils Bowl with Brown Rice","YES_DERIVED_FROM_PUBLISHED_READY","published","ready","pre_workout","PRE_WORKOUT","OFFICIAL_MEAL_TYPE","NO_OFFICIAL","NO_OFFICIAL","NO_OFFICIAL","YES_OFFICIAL","NO_OFFICIAL","NO","NO","303","18.8","47.1","4.4","16.1","qa.derived_fiber_g","345","g","1","عدس مطهو / Lentils, cooked: 139g; أرز بني مطهو / Brown rice, cooked: 40g; سبانخ مطهوة / Spinach, cooked: 130g; بازلاء خضراء مطهوة / Green peas, cooked: 20g; زيت زيتون / Olive oil: 3g; عصير ليمون طازج / Lemon juice, raw: 5g; بقدونس طازج / Fresh parsley: 8g","سخّن أو حضّر كمية العدس المحددة وفق حالتها المطهوة المدرجة. | سخّن المكونات المطهوة وحضّر المكونات الطازجة من الكميات المحددة من الأرز البني، السبانخ، البازلاء الخضراء، زيت الزيتون، الليمون، البقدونس مع الحفاظ على حالة كل مكوّن المسجلة. | رتّب الحصة كاملة في وعاء حجري عريض وضحل باستخدام العدس، الأرز البني، السبانخ، البازلاء الخضراء، زيت الزيتون، الليمون، البقدونس فقط ووزّع الصلصات والتوابل بخفة وتساوٍ.","Warm or prepare the measured Lentils using its listed cooked form. | Warm cooked components and prepare fresh components from the measured Brown Rice, Spinach, Green Peas, Olive Oil, Lemon, Parsley, keeping each food in its recorded state. | Arrange the complete serving in one wide shallow stoneware bowl using only Lentils, Brown Rice, Spinach, Green Peas, Olive Oil, Lemon, Parsley; distribute sauces and seasonings lightly and evenly.","/nutrition/meals/MEAL-229/cover.webp","/nutrition/meals/MEAL-229/cover-thumb.webp","ready","FILES_PRESENT","{""calorie_band_kcal"":""300_449"",""protein_band_g"":""under_20"",""carb_band_g"":""moderate"",""fat_band_g"":""low"",""meal_type_required"":true,""max_calorie_delta_pct"":10,""max_protein_delta_g"":8,""exclude_allergens"":true}","NOT_AVAILABLE","vegetarian|vegan|pescatarian|gluten_free|high_fiber","NOT_AVAILABLE","YES_EXPLICIT","YES_EXPLICIT","fat_loss|maintenance|muscle_gain","Nutrition Library V2. USDA FoodData Central. One serving. Identity is external_id.","USDA FoodData Central — SR Legacy (April 2018 release)"
"MEAL-230","وعاء الزبادي اليوناني بالقرفة والتمر مع الموز والبرتقال","Cinnamon-Date Greek Yogurt Bowl with Banana and Orange","YES_DERIVED_FROM_PUBLISHED_READY","published","ready","pre_workout","PRE_WORKOUT","OFFICIAL_MEAL_TYPE","NO_OFFICIAL","NO_OFFICIAL","NO_OFFICIAL","YES_OFFICIAL","NO_OFFICIAL","YES_INFERRED_AUDIT","NO","186","19.7","25.4","0.6","3.9","qa.derived_fiber_g","261","g","1","زبادي يوناني سادة خالي الدسم / Greek yogurt, plain, nonfat: 198g; موز طازج / Banana, raw: 25g; برتقال طازج / Orange, raw: 25g; قرفة مطحونة / Ground cinnamon: 3g; تمر مجدول / Medjool dates: 10g","ضع كمية الزبادي اليوناني المحددة في وعاء خزفي متوسط غير لامع. | حضّر وأضف الكميات المحددة من الموز، البرتقال، القرفة، التمر مع إبقاء قطع الفاكهة الأكبر واضحة. | اخلط أو رتّب الحصة كاملة باستخدام الزبادي اليوناني، الموز، البرتقال، القرفة، التمر فقط وقدّمها من دون زينة غير مدرجة.","Place the measured Greek Yogurt in one medium matte ceramic bowl. | Prepare and add the measured Banana, Orange, Cinnamon, Dates, keeping larger fruit pieces visibly distinct. | Combine or arrange the complete serving using only Greek Yogurt, Banana, Orange, Cinnamon, Dates; serve without unlisted garnish.","/nutrition/meals/MEAL-230/cover.webp","/nutrition/meals/MEAL-230/cover-thumb.webp","ready","FILES_PRESENT","{""calorie_band_kcal"":""under_300"",""protein_band_g"":""under_20"",""carb_band_g"":""moderate"",""fat_band_g"":""low"",""meal_type_required"":true,""max_calorie_delta_pct"":10,""max_protein_delta_g"":8,""exclude_allergens"":true}","milk","vegetarian|pescatarian|gluten_free","NOT_AVAILABLE","YES_EXPLICIT","NO_EXPLICIT_TAG","fat_loss|maintenance|muscle_gain","Nutrition Library V2. USDA FoodData Central. One serving. Identity is external_id.","USDA FoodData Central — SR Legacy (April 2018 release)"
"MEAL-231","وعاء كريمي التوفو بالكاكاو والموز مع التوت الأزرق","Cocoa-Banana Tofu Silken-Style Bowl with Blueberries","YES_DERIVED_FROM_PUBLISHED_READY","published","ready","pre_workout","PRE_WORKOUT","OFFICIAL_MEAL_TYPE","NO_OFFICIAL","NO_OFFICIAL","NO_OFFICIAL","YES_OFFICIAL","NO_OFFICIAL","YES_INFERRED_AUDIT","NO","205","13.1","23.3","6.6","4.6","qa.derived_fiber_g","215","g","1","توفو متماسك محضر بالكالسيوم / Firm tofu prepared with calcium: 60g; حليب صويا سادة / Soy milk, plain: 50g; توت أزرق طازج / Blueberries, raw: 25g; فراولة طازجة / Strawberries, raw: 25g; مسحوق كاكاو غير محلى / Unsweetened cocoa powder: 1g; موز طازج / Banana, raw: 54g","ضع كمية التوفو المحددة في وعاء خزفي صغير غير لامع. | حضّر وأضف الكميات المحددة من حليب الصويا، التوت الأزرق، الفراولة، الكاكاو، الموز مع إبقاء قطع الفاكهة الأكبر واضحة. | اخلط أو رتّب الحصة كاملة باستخدام التوفو، حليب الصويا، التوت الأزرق، الفراولة، الكاكاو، الموز فقط وقدّمها من دون زينة غير مدرجة.","Place the measured Tofu in one small matte ceramic bowl. | Prepare and add the measured Soy Milk, Blueberries, Strawberries, Cocoa, Banana, keeping larger fruit pieces visibly distinct. | Combine or arrange the complete serving using only Tofu, Soy Milk, Blueberries, Strawberries, Cocoa, Banana; serve without unlisted garnish.","/nutrition/meals/MEAL-231/cover.webp","/nutrition/meals/MEAL-231/cover-thumb.webp","ready","FILES_PRESENT","{""calorie_band_kcal"":""under_300"",""protein_band_g"":""under_20"",""carb_band_g"":""low"",""fat_band_g"":""low"",""meal_type_required"":true,""max_calorie_delta_pct"":10,""max_protein_delta_g"":8,""exclude_allergens"":true}","soy","vegetarian|vegan|pescatarian|gluten_free","NOT_AVAILABLE","YES_EXPLICIT","YES_EXPLICIT","fat_loss|maintenance","Nutrition Library V2. USDA FoodData Central. One serving. Identity is external_id.","USDA FoodData Central — SR Legacy (April 2018 release)"
"MEAL-232","وعاء الديك الرومي بالزنجبيل والصويا مع الكسكس","Ginger-Soy Turkey Bowl with Couscous","YES_DERIVED_FROM_PUBLISHED_READY","published","ready","pre_workout","PRE_WORKOUT","OFFICIAL_MEAL_TYPE","NO_OFFICIAL","NO_OFFICIAL","NO_OFFICIAL","YES_OFFICIAL","NO_OFFICIAL","NO","NO","169","25.9","11.8","2","1.8","qa.derived_fiber_g","162","g","1","صدر ديك رومي مطهو ومشوي / Turkey breast, cooked, roasted: 77g; كسكس مطهو / Couscous, cooked: 40g; خس روماني طازج / Romaine lettuce, raw: 20g; كرنب أجعد مطهو / Kale, cooked: 20g; زنجبيل طازج / Ginger root, raw: 1g; صلصة صويا قليلة الصوديوم / Reduced-sodium soy sauce: 4g","سخّن أو حضّر كمية الديك الرومي المحددة وفق حالتها المطهوة المدرجة. | سخّن المكونات المطهوة وحضّر المكونات الطازجة من الكميات المحددة من الكسكس، الخس الروماني، الكرنب الأجعد، الزنجبيل، صلصة الصويا مع الحفاظ على حالة كل مكوّن المسجلة. | رتّب الحصة كاملة في وعاء حجري عريض وضحل باستخدام الديك الرومي، الكسكس، الخس الروماني، الكرنب الأجعد، الزنجبيل، صلصة الصويا فقط ووزّع الصلصات والتوابل بخفة وتساوٍ.","Warm or prepare the measured Turkey using its listed cooked form. | Warm cooked components and prepare fresh components from the measured Couscous, Romaine, Kale, Ginger, Soy Sauce, keeping each food in its recorded state. | Arrange the complete serving in one wide shallow stoneware bowl using only Turkey, Couscous, Romaine, Kale, Ginger, Soy Sauce; distribute sauces and seasonings lightly and evenly.","/nutrition/meals/MEAL-232/cover.webp","/nutrition/meals/MEAL-232/cover-thumb.webp","ready","FILES_PRESENT","{""calorie_band_kcal"":""under_300"",""protein_band_g"":""20_29"",""carb_band_g"":""low"",""fat_band_g"":""low"",""meal_type_required"":true,""max_calorie_delta_pct"":10,""max_protein_delta_g"":8,""exclude_allergens"":true}","gluten|soy","high_protein","NOT_AVAILABLE","NO_EXPLICIT_TAG","NO_EXPLICIT_TAG","fat_loss|maintenance|muscle_gain","Nutrition Library V2. USDA FoodData Central. One serving. Identity is external_id.","USDA FoodData Central — SR Legacy (April 2018 release)"
"MEAL-233","وعاء الموز بالمانجو والزنجبيل مع الزبادي اليوناني","Mango-Ginger Banana Bowl with Greek Yogurt","YES_DERIVED_FROM_PUBLISHED_READY","published","ready","pre_workout","PRE_WORKOUT","OFFICIAL_MEAL_TYPE","NO_OFFICIAL","NO_OFFICIAL","NO_OFFICIAL","YES_OFFICIAL","NO_OFFICIAL","YES_INFERRED_AUDIT","NO","324","9.9","62.2","3.9","7.5","qa.derived_fiber_g","383","g","1","زبادي يوناني سادة خالي الدسم / Greek yogurt, plain, nonfat: 63g; موز طازج / Banana, raw: 152g; توت أزرق طازج / Blueberries, raw: 68g; طحينة سمسم / Sesame butter, tahini: 5g; مانجو طازجة / Mango, raw: 90g; زنجبيل طازج / Ginger root, raw: 5g","ضع كمية الزبادي اليوناني المحددة في وعاء خزفي متوسط غير لامع. | حضّر وأضف الكميات المحددة من الموز، التوت الأزرق، الطحينة، المانجو، الزنجبيل مع إبقاء قطع الفاكهة الأكبر واضحة. | اخلط أو رتّب الحصة كاملة باستخدام الزبادي اليوناني، الموز، التوت الأزرق، الطحينة، المانجو، الزنجبيل فقط وقدّمها من دون زينة غير مدرجة.","Place the measured Greek Yogurt in one medium matte ceramic bowl. | Prepare and add the measured Banana, Blueberries, Tahini, Mango, Ginger, keeping larger fruit pieces visibly distinct. | Combine or arrange the complete serving using only Greek Yogurt, Banana, Blueberries, Tahini, Mango, Ginger; serve without unlisted garnish.","/nutrition/meals/MEAL-233/cover.webp","/nutrition/meals/MEAL-233/cover-thumb.webp","ready","FILES_PRESENT","{""calorie_band_kcal"":""300_449"",""protein_band_g"":""under_20"",""carb_band_g"":""high"",""fat_band_g"":""low"",""meal_type_required"":true,""max_calorie_delta_pct"":10,""max_protein_delta_g"":8,""exclude_allergens"":true}","milk|sesame","vegetarian|pescatarian|gluten_free|high_fiber","NOT_AVAILABLE","YES_EXPLICIT","NO_EXPLICIT_TAG","fat_loss|maintenance","Nutrition Library V2. USDA FoodData Central. One serving. Identity is external_id.","USDA FoodData Central — SR Legacy (April 2018 release)"
"MEAL-234","وعاء حليب الصويا بالتوت والشيا مع البرتقال","Berry-Chia Soy Milk Bowl with Orange","YES_DERIVED_FROM_PUBLISHED_READY","published","ready","pre_workout","PRE_WORKOUT","OFFICIAL_MEAL_TYPE","NO_OFFICIAL","NO_OFFICIAL","NO_OFFICIAL","YES_OFFICIAL","NO_OFFICIAL","NO","NO","346","11","50","11.3","11.4","qa.derived_fiber_g","433","g","1","حليب صويا سادة / Soy milk, plain: 170g; برتقال طازج / Orange, raw: 81g; تفاح طازج بالقشر / Apple with skin, raw: 56g; زبدة فول سوداني ناعمة / Smooth peanut butter: 8g; توت أزرق طازج / Blueberries, raw: 106g; بذور شيا مجففة / Dried chia seeds: 12g","ضع كمية حليب الصويا المحددة في وعاء خزفي متوسط غير لامع. | حضّر وأضف الكميات المحددة من البرتقال، التفاح، زبدة الفول السوداني، التوت الأزرق، بذور الشيا مع إبقاء قطع الفاكهة الأكبر واضحة. | اخلط أو رتّب الحصة كاملة باستخدام حليب الصويا، البرتقال، التفاح، زبدة الفول السوداني، التوت الأزرق، بذور الشيا فقط وقدّمها من دون زينة غير مدرجة.","Place the measured Soy Milk in one medium matte ceramic bowl. | Prepare and add the measured Orange, Apple, Peanut Butter, Blueberries, Chia, keeping larger fruit pieces visibly distinct. | Combine or arrange the complete serving using only Soy Milk, Orange, Apple, Peanut Butter, Blueberries, Chia; serve without unlisted garnish.","/nutrition/meals/MEAL-234/cover.webp","/nutrition/meals/MEAL-234/cover-thumb.webp","ready","FILES_PRESENT","{""calorie_band_kcal"":""300_449"",""protein_band_g"":""under_20"",""carb_band_g"":""high"",""fat_band_g"":""moderate"",""meal_type_required"":true,""max_calorie_delta_pct"":10,""max_protein_delta_g"":8,""exclude_allergens"":true}","soy|peanuts","vegetarian|vegan|pescatarian|gluten_free|high_fiber|omega_3","NOT_AVAILABLE","YES_EXPLICIT","YES_EXPLICIT","fat_loss|maintenance","Nutrition Library V2. USDA FoodData Central. One serving. Identity is external_id.","USDA FoodData Central — SR Legacy (April 2018 release)"
"MEAL-235","وعاء الأرز الأبيض بالطماطم والبقدونس مع الزبادي اليوناني","Tomato-Parsley White Rice Bowl with Greek Yogurt","YES_DERIVED_FROM_PUBLISHED_READY","published","ready","pre_workout","PRE_WORKOUT","OFFICIAL_MEAL_TYPE","NO_OFFICIAL","NO_OFFICIAL","NO_OFFICIAL","YES_OFFICIAL","NO_OFFICIAL","YES_INFERRED_AUDIT","NO","303","11.8","41.6","9.9","5.1","qa.derived_fiber_g","366","g","1","زبادي يوناني سادة خالي الدسم / Greek yogurt, plain, nonfat: 60g; أرز أبيض مطهو / White rice, cooked: 98g; سبانخ مطهوة / Spinach, cooked: 72g; جزر طازج / Carrot, raw: 72g; زيت زيتون / Olive oil: 9g; طماطم طازجة / Tomato, raw: 47g; بقدونس طازج / Fresh parsley: 8g","سخّن أو حضّر كمية الزبادي اليوناني المحددة وفق حالتها المطهوة المدرجة. | سخّن المكونات المطهوة وحضّر المكونات الطازجة من الكميات المحددة من الأرز الأبيض، السبانخ، الجزر، زيت الزيتون، الطماطم، البقدونس مع الحفاظ على حالة كل مكوّن المسجلة. | رتّب الحصة كاملة في وعاء حجري عريض وضحل باستخدام الزبادي اليوناني، الأرز الأبيض، السبانخ، الجزر، زيت الزيتون، الطماطم، البقدونس فقط ووزّع الصلصات والتوابل بخفة وتساوٍ.","Warm or prepare the measured Greek Yogurt using its listed cooked form. | Warm cooked components and prepare fresh components from the measured White Rice, Spinach, Carrot, Olive Oil, Tomato, Parsley, keeping each food in its recorded state. | Arrange the complete serving in one wide shallow stoneware bowl using only Greek Yogurt, White Rice, Spinach, Carrot, Olive Oil, Tomato, Parsley; distribute sauces and seasonings lightly and evenly.","/nutrition/meals/MEAL-235/cover.webp","/nutrition/meals/MEAL-235/cover-thumb.webp","ready","FILES_PRESENT","{""calorie_band_kcal"":""300_449"",""protein_band_g"":""under_20"",""carb_band_g"":""moderate"",""fat_band_g"":""moderate"",""meal_type_required"":true,""max_calorie_delta_pct"":10,""max_protein_delta_g"":8,""exclude_allergens"":true}","milk","vegetarian|pescatarian|gluten_free","NOT_AVAILABLE","YES_EXPLICIT","NO_EXPLICIT_TAG","fat_loss|maintenance","Nutrition Library V2. USDA FoodData Central. One serving. Identity is external_id.","USDA FoodData Central — SR Legacy (April 2018 release)"
"MEAL-236","وعاء الزبادي اليوناني بالقرفة والتمر مع البرتقال","Cinnamon-Date Greek Yogurt Bowl with Orange","YES_DERIVED_FROM_PUBLISHED_READY","published","ready","pre_workout","PRE_WORKOUT","OFFICIAL_MEAL_TYPE","NO_OFFICIAL","NO_OFFICIAL","NO_OFFICIAL","YES_OFFICIAL","NO_OFFICIAL","YES_INFERRED_AUDIT","NO","182","10","34.1","0.6","5.8","qa.derived_fiber_g","209","g","1","زبادي يوناني سادة خالي الدسم / Greek yogurt, plain, nonfat: 91g; برتقال طازج / Orange, raw: 25g; مانجو طازجة / Mango, raw: 70g; قرفة مطحونة / Ground cinnamon: 5g; تمر مجدول / Medjool dates: 18g","ضع كمية الزبادي اليوناني المحددة في وعاء خزفي متوسط غير لامع. | حضّر وأضف الكميات المحددة من البرتقال، المانجو، القرفة، التمر مع إبقاء قطع الفاكهة الأكبر واضحة. | اخلط أو رتّب الحصة كاملة باستخدام الزبادي اليوناني، البرتقال، المانجو، القرفة، التمر فقط وقدّمها من دون زينة غير مدرجة.","Place the measured Greek Yogurt in one medium matte ceramic bowl. | Prepare and add the measured Orange, Mango, Cinnamon, Dates, keeping larger fruit pieces visibly distinct. | Combine or arrange the complete serving using only Greek Yogurt, Orange, Mango, Cinnamon, Dates; serve without unlisted garnish.","/nutrition/meals/MEAL-236/cover.webp","/nutrition/meals/MEAL-236/cover-thumb.webp","ready","FILES_PRESENT","{""calorie_band_kcal"":""under_300"",""protein_band_g"":""under_20"",""carb_band_g"":""moderate"",""fat_band_g"":""low"",""meal_type_required"":true,""max_calorie_delta_pct"":10,""max_protein_delta_g"":8,""exclude_allergens"":true}","milk","vegetarian|pescatarian|gluten_free","NOT_AVAILABLE","YES_EXPLICIT","NO_EXPLICIT_TAG","fat_loss|maintenance","Nutrition Library V2. USDA FoodData Central. One serving. Identity is external_id.","USDA FoodData Central — SR Legacy (April 2018 release)"
"MEAL-237","وعاء حليب الصويا بالكاكاو والموز مع خبز القمح الكامل","Cocoa-Banana Soy Milk Bowl with Whole-Wheat Bread","YES_DERIVED_FROM_PUBLISHED_READY","published","ready","pre_workout","PRE_WORKOUT","OFFICIAL_MEAL_TYPE","NO_OFFICIAL","NO_OFFICIAL","NO_OFFICIAL","YES_OFFICIAL","NO_OFFICIAL","NO","NO","502","20.1","72.2","14.7","13.3","qa.derived_fiber_g","511","g","1","حليب صويا سادة / Soy milk, plain: 219g; خبز قمح كامل / Whole-wheat bread: 57g; توت أزرق طازج / Blueberries, raw: 75g; فراولة طازجة / Strawberries, raw: 98g; لوز / Almonds: 15g; مسحوق كاكاو غير محلى / Unsweetened cocoa powder: 5g; موز طازج / Banana, raw: 42g","ضع كمية حليب الصويا المحددة في وعاء خزفي متوسط غير لامع. | حضّر وأضف الكميات المحددة من خبز القمح الكامل، التوت الأزرق، الفراولة، اللوز، الكاكاو، الموز مع إبقاء قطع الفاكهة الأكبر واضحة. | اخلط أو رتّب الحصة كاملة باستخدام حليب الصويا، خبز القمح الكامل، التوت الأزرق، الفراولة، اللوز، الكاكاو، الموز فقط وقدّمها من دون زينة غير مدرجة.","Place the measured Soy Milk in one medium matte ceramic bowl. | Prepare and add the measured Whole-Wheat Bread, Blueberries, Strawberries, Almonds, Cocoa, Banana, keeping larger fruit pieces visibly distinct. | Combine or arrange the complete serving using only Soy Milk, Whole-Wheat Bread, Blueberries, Strawberries, Almonds, Cocoa, Banana; serve without unlisted garnish.","/nutrition/meals/MEAL-237/cover.webp","/nutrition/meals/MEAL-237/cover-thumb.webp","ready","FILES_PRESENT","{""calorie_band_kcal"":""450_599"",""protein_band_g"":""20_29"",""carb_band_g"":""high"",""fat_band_g"":""moderate"",""meal_type_required"":true,""max_calorie_delta_pct"":10,""max_protein_delta_g"":8,""exclude_allergens"":true}","gluten|tree_nuts|soy","vegetarian|vegan|pescatarian|high_fiber","NOT_AVAILABLE","YES_EXPLICIT","YES_EXPLICIT","fat_loss|maintenance|muscle_gain","Nutrition Library V2. USDA FoodData Central. One serving. Identity is external_id.","USDA FoodData Central — SR Legacy (April 2018 release)"
"MEAL-238","وعاء كريمي حليب الصويا بالمانجو والزنجبيل مع التوفو","Mango-Ginger Soy Milk Silken-Style Bowl with Tofu","YES_DERIVED_FROM_PUBLISHED_READY","published","ready","pre_workout","PRE_WORKOUT","OFFICIAL_MEAL_TYPE","NO_OFFICIAL","NO_OFFICIAL","NO_OFFICIAL","YES_OFFICIAL","NO_OFFICIAL","NO","NO","454","20.1","51.2","18.7","8.4","qa.derived_fiber_g","436","g","1","توفو متماسك محضر بالكالسيوم / Firm tofu prepared with calcium: 65g; حليب صويا سادة / Soy milk, plain: 141g; موز طازج / Banana, raw: 82g; توت أزرق طازج / Blueberries, raw: 89g; جوز / Walnuts: 15g; مانجو طازجة / Mango, raw: 36g; زنجبيل طازج / Ginger root, raw: 8g","ضع كمية التوفو المحددة في وعاء خزفي صغير غير لامع. | حضّر وأضف الكميات المحددة من حليب الصويا، الموز، التوت الأزرق، الجوز، المانجو، الزنجبيل مع إبقاء قطع الفاكهة الأكبر واضحة. | اخلط أو رتّب الحصة كاملة باستخدام التوفو، حليب الصويا، الموز، التوت الأزرق، الجوز، المانجو، الزنجبيل فقط وقدّمها من دون زينة غير مدرجة.","Place the measured Tofu in one small matte ceramic bowl. | Prepare and add the measured Soy Milk, Banana, Blueberries, Walnuts, Mango, Ginger, keeping larger fruit pieces visibly distinct. | Combine or arrange the complete serving using only Tofu, Soy Milk, Banana, Blueberries, Walnuts, Mango, Ginger; serve without unlisted garnish.","/nutrition/meals/MEAL-238/cover.webp","/nutrition/meals/MEAL-238/cover-thumb.webp","ready","FILES_PRESENT","{""calorie_band_kcal"":""450_599"",""protein_band_g"":""20_29"",""carb_band_g"":""high"",""fat_band_g"":""high"",""meal_type_required"":true,""max_calorie_delta_pct"":10,""max_protein_delta_g"":8,""exclude_allergens"":true}","tree_nuts|soy","vegetarian|vegan|pescatarian|gluten_free|high_fiber|omega_3","NOT_AVAILABLE","YES_EXPLICIT","YES_EXPLICIT","fat_loss|maintenance|muscle_gain","Nutrition Library V2. USDA FoodData Central. One serving. Identity is external_id.","USDA FoodData Central — SR Legacy (April 2018 release)"
"MEAL-239","وعاء الزبادي اليوناني بالمانجو والزنجبيل مع البرتقال","Mango-Ginger Greek Yogurt Bowl with Orange","YES_DERIVED_FROM_PUBLISHED_READY","published","ready","pre_workout","PRE_WORKOUT","OFFICIAL_MEAL_TYPE","NO_OFFICIAL","NO_OFFICIAL","NO_OFFICIAL","YES_OFFICIAL","NO_OFFICIAL","YES_INFERRED_AUDIT","NO","322","31.9","36.1","5.6","4.9","qa.derived_fiber_g","519","g","1","زبادي يوناني سادة خالي الدسم / Greek yogurt, plain, nonfat: 303g; برتقال طازج / Orange, raw: 33g; فراولة طازجة / Strawberries, raw: 85g; طحينة سمسم / Sesame butter, tahini: 8g; مانجو طازجة / Mango, raw: 85g; زنجبيل طازج / Ginger root, raw: 5g","ضع كمية الزبادي اليوناني المحددة في وعاء خزفي متوسط غير لامع. | حضّر وأضف الكميات المحددة من البرتقال، الفراولة، الطحينة، المانجو، الزنجبيل مع إبقاء قطع الفاكهة الأكبر واضحة. | اخلط أو رتّب الحصة كاملة باستخدام الزبادي اليوناني، البرتقال، الفراولة، الطحينة، المانجو، الزنجبيل فقط وقدّمها من دون زينة غير مدرجة.","Place the measured Greek Yogurt in one medium matte ceramic bowl. | Prepare and add the measured Orange, Strawberries, Tahini, Mango, Ginger, keeping larger fruit pieces visibly distinct. | Combine or arrange the complete serving using only Greek Yogurt, Orange, Strawberries, Tahini, Mango, Ginger; serve without unlisted garnish.","/nutrition/meals/MEAL-239/cover.webp","/nutrition/meals/MEAL-239/cover-thumb.webp","ready","FILES_PRESENT","{""calorie_band_kcal"":""300_449"",""protein_band_g"":""30_39"",""carb_band_g"":""moderate"",""fat_band_g"":""low"",""meal_type_required"":true,""max_calorie_delta_pct"":10,""max_protein_delta_g"":8,""exclude_allergens"":true}","milk|sesame","vegetarian|pescatarian|gluten_free|high_protein","NOT_AVAILABLE","YES_EXPLICIT","NO_EXPLICIT_TAG","fat_loss|maintenance|muscle_gain","Nutrition Library V2. USDA FoodData Central. One serving. Identity is external_id.","USDA FoodData Central — SR Legacy (April 2018 release)"
"MEAL-240","وعاء حليب الصويا بالتوت والشيا مع الموز والتفاح","Berry-Chia Soy Milk Bowl with Banana and Apple","YES_DERIVED_FROM_PUBLISHED_READY","published","ready","pre_workout","PRE_WORKOUT","OFFICIAL_MEAL_TYPE","NO_OFFICIAL","NO_OFFICIAL","NO_OFFICIAL","YES_OFFICIAL","NO_OFFICIAL","NO","NO","498","12.9","79.8","14.1","15.4","qa.derived_fiber_g","518","g","1","حليب صويا سادة / Soy milk, plain: 170g; موز طازج / Banana, raw: 180g; تفاح طازج بالقشر / Apple with skin, raw: 117g; لوز / Almonds: 12g; توت أزرق طازج / Blueberries, raw: 25g; بذور شيا مجففة / Dried chia seeds: 14g","ضع كمية حليب الصويا المحددة في وعاء خزفي متوسط غير لامع. | حضّر وأضف الكميات المحددة من الموز، التفاح، اللوز، التوت الأزرق، بذور الشيا مع إبقاء قطع الفاكهة الأكبر واضحة. | اخلط أو رتّب الحصة كاملة باستخدام حليب الصويا، الموز، التفاح، اللوز، التوت الأزرق، بذور الشيا فقط وقدّمها من دون زينة غير مدرجة.","Place the measured Soy Milk in one medium matte ceramic bowl. | Prepare and add the measured Banana, Apple, Almonds, Blueberries, Chia, keeping larger fruit pieces visibly distinct. | Combine or arrange the complete serving using only Soy Milk, Banana, Apple, Almonds, Blueberries, Chia; serve without unlisted garnish.","/nutrition/meals/MEAL-240/cover.webp","/nutrition/meals/MEAL-240/cover-thumb.webp","ready","FILES_PRESENT","{""calorie_band_kcal"":""450_599"",""protein_band_g"":""under_20"",""carb_band_g"":""high"",""fat_band_g"":""moderate"",""meal_type_required"":true,""max_calorie_delta_pct"":10,""max_protein_delta_g"":8,""exclude_allergens"":true}","tree_nuts|soy","vegetarian|vegan|pescatarian|gluten_free|high_fiber|omega_3","NOT_AVAILABLE","YES_EXPLICIT","YES_EXPLICIT","fat_loss|maintenance|muscle_gain","Nutrition Library V2. USDA FoodData Central. One serving. Identity is external_id.","USDA FoodData Central — SR Legacy (April 2018 release)"
"MEAL-241","وعاء الزبادي اليوناني بالبرتقال والكتان مع التوت الأزرق","Orange-Flax Greek Yogurt Bowl with Blueberries","YES_DERIVED_FROM_PUBLISHED_READY","published","ready","pre_workout","PRE_WORKOUT","OFFICIAL_MEAL_TYPE","NO_OFFICIAL","NO_OFFICIAL","NO_OFFICIAL","YES_OFFICIAL","NO_OFFICIAL","YES_INFERRED_AUDIT","NO","302","30.1","30","6.9","6.4","qa.derived_fiber_g","435","g","1","زبادي يوناني سادة خالي الدسم / Greek yogurt, plain, nonfat: 276g; توت أزرق طازج / Blueberries, raw: 43g; فراولة طازجة / Strawberries, raw: 30g; زبدة فول سوداني ناعمة / Smooth peanut butter: 5g; برتقال طازج / Orange, raw: 73g; بذور كتان / Flaxseed: 8g","ضع كمية الزبادي اليوناني المحددة في وعاء خزفي متوسط غير لامع. | حضّر وأضف الكميات المحددة من التوت الأزرق، الفراولة، زبدة الفول السوداني، البرتقال، بذور الكتان مع إبقاء قطع الفاكهة الأكبر واضحة. | اخلط أو رتّب الحصة كاملة باستخدام الزبادي اليوناني، التوت الأزرق، الفراولة، زبدة الفول السوداني، البرتقال، بذور الكتان فقط وقدّمها من دون زينة غير مدرجة.","Place the measured Greek Yogurt in one medium matte ceramic bowl. | Prepare and add the measured Blueberries, Strawberries, Peanut Butter, Orange, Flaxseed, keeping larger fruit pieces visibly distinct. | Combine or arrange the complete serving using only Greek Yogurt, Blueberries, Strawberries, Peanut Butter, Orange, Flaxseed; serve without unlisted garnish.","/nutrition/meals/MEAL-241/cover.webp","/nutrition/meals/MEAL-241/cover-thumb.webp","ready","FILES_PRESENT","{""calorie_band_kcal"":""300_449"",""protein_band_g"":""30_39"",""carb_band_g"":""moderate"",""fat_band_g"":""low"",""meal_type_required"":true,""max_calorie_delta_pct"":10,""max_protein_delta_g"":8,""exclude_allergens"":true}","milk|peanuts","vegetarian|pescatarian|gluten_free|high_protein|high_fiber|omega_3","NOT_AVAILABLE","YES_EXPLICIT","NO_EXPLICIT_TAG","fat_loss|maintenance|muscle_gain","Nutrition Library V2. USDA FoodData Central. One serving. Identity is external_id.","USDA FoodData Central — SR Legacy (April 2018 release)"
"MEAL-242","وعاء بياض البيض بالثوم والبابريكا مع خبز القمح الكامل","Garlic-Paprika Egg White Bowl with Whole-Wheat Bread","YES_DERIVED_FROM_PUBLISHED_READY","published","ready","pre_workout","PRE_WORKOUT","OFFICIAL_MEAL_TYPE","NO_OFFICIAL","NO_OFFICIAL","NO_OFFICIAL","YES_OFFICIAL","NO_OFFICIAL","YES_INFERRED_AUDIT","NO","184","20.2","21.3","2","4.7","qa.derived_fiber_g","251","g","1","بياض بيض طازج / Egg white, raw, fresh: 131g; خبز قمح كامل / Whole-wheat bread: 30g; فلفل حلو أحمر طازج / Red bell pepper, raw: 44g; كرنب أجعد مطهو / Kale, cooked: 38g; ثوم طازج / Garlic, raw: 7g; بابريكا / Paprika: 1g","اطهُ بياض البيض في مقلاة غير لاصقة حتى يصبح معتمًا تمامًا وتصل الحرارة الداخلية إلى 74°م (165°ف). | سخّن المكونات المطهوة وحضّر المكونات الطازجة من الكميات المحددة من خبز القمح الكامل، الفلفل الأحمر، الكرنب الأجعد، الثوم، البابريكا مع الحفاظ على حالة كل مكوّن المسجلة. | رتّب الحصة كاملة في وعاء حجري عريض وضحل باستخدام بياض البيض، خبز القمح الكامل، الفلفل الأحمر، الكرنب الأجعد، الثوم، البابريكا فقط ووزّع الصلصات والتوابل بخفة وتساوٍ.","Cook the Egg White in a nonstick pan until fully opaque and the center reaches 74°C (165°F). | Warm cooked components and prepare fresh components from the measured Whole-Wheat Bread, Red Pepper, Kale, Garlic, Paprika, keeping each food in its recorded state. | Arrange the complete serving in one wide shallow stoneware bowl using only Egg White, Whole-Wheat Bread, Red Pepper, Kale, Garlic, Paprika; distribute sauces and seasonings lightly and evenly.","/nutrition/meals/MEAL-242/cover.webp","/nutrition/meals/MEAL-242/cover-thumb.webp","ready","FILES_PRESENT","{""calorie_band_kcal"":""under_300"",""protein_band_g"":""20_29"",""carb_band_g"":""low"",""fat_band_g"":""low"",""meal_type_required"":true,""max_calorie_delta_pct"":10,""max_protein_delta_g"":8,""exclude_allergens"":true}","egg|gluten","vegetarian|pescatarian","NOT_AVAILABLE","YES_EXPLICIT","NO_EXPLICIT_TAG","fat_loss|maintenance|muscle_gain","Nutrition Library V2. USDA FoodData Central. One serving. Identity is external_id.","USDA FoodData Central — SR Legacy (April 2018 release)"
"MEAL-243","علبة عملية بياض البيض بالكمون والليمون الأخضر مع الأرز الأبيض","Cumin-Lime Egg White Portable Box with White Rice","YES_DERIVED_FROM_PUBLISHED_READY","published","ready","pre_workout","PRE_WORKOUT","OFFICIAL_MEAL_TYPE","NO_OFFICIAL","NO_OFFICIAL","NO_OFFICIAL","YES_OFFICIAL","NO_OFFICIAL","NO","NO","495","19.9","53.4","22.4","3.3","qa.derived_fiber_g","463","g","1","بياض بيض طازج / Egg white, raw, fresh: 112g; أرز أبيض مطهو / White rice, cooked: 160g; سبانخ مطهوة / Spinach, cooked: 83g; خيار طازج بالقشر / Cucumber with peel, raw: 77g; زيت زيتون / Olive oil: 21g; كمون / Cumin seed: 2g; عصير ليمون أخضر طازج / Lime juice, raw: 8g","اطهُ بياض البيض في مقلاة غير لاصقة حتى يصبح معتمًا تمامًا وتصل الحرارة الداخلية إلى 74°م (165°ف). | سخّن المكونات المطهوة وحضّر المكونات الطازجة من الكميات المحددة من الأرز الأبيض، السبانخ، الخيار، زيت الزيتون، الكمون، الليمون الأخضر مع الحفاظ على حالة كل مكوّن المسجلة. | رتّب الحصة كاملة في علبة تحضير طعام عملية صغيرة ومقسّمة باستخدام بياض البيض، الأرز الأبيض، السبانخ، الخيار، زيت الزيتون، الكمون، الليمون الأخضر فقط ووزّع الصلصات والتوابل بخفة وتساوٍ.","Cook the Egg White in a nonstick pan until fully opaque and the center reaches 74°C (165°F). | Warm cooked components and prepare fresh components from the measured White Rice, Spinach, Cucumber, Olive Oil, Cumin, Lime, keeping each food in its recorded state. | Arrange the complete serving in one compact divided meal-prep box using only Egg White, White Rice, Spinach, Cucumber, Olive Oil, Cumin, Lime; distribute sauces and seasonings lightly and evenly.","/nutrition/meals/MEAL-243/cover.webp","/nutrition/meals/MEAL-243/cover-thumb.webp","ready","FILES_PRESENT","{""calorie_band_kcal"":""450_599"",""protein_band_g"":""under_20"",""carb_band_g"":""high"",""fat_band_g"":""high"",""meal_type_required"":true,""max_calorie_delta_pct"":10,""max_protein_delta_g"":8,""exclude_allergens"":true}","egg","vegetarian|pescatarian|gluten_free","NOT_AVAILABLE","YES_EXPLICIT","NO_EXPLICIT_TAG","maintenance|muscle_gain","Nutrition Library V2. USDA FoodData Central. One serving. Identity is external_id.","USDA FoodData Central — SR Legacy (April 2018 release)"
"MEAL-244","وعاء الزبادي اليوناني بالمانجو والزنجبيل مع خبز القمح الكامل","Mango-Ginger Greek Yogurt Bowl with Whole-Wheat Bread","YES_DERIVED_FROM_PUBLISHED_READY","published","ready","pre_workout","PRE_WORKOUT","OFFICIAL_MEAL_TYPE","NO_OFFICIAL","NO_OFFICIAL","NO_OFFICIAL","YES_OFFICIAL","NO_OFFICIAL","YES_INFERRED_AUDIT","NO","305","29.2","35.4","5.2","4.3","qa.derived_fiber_g","363","g","1","زبادي يوناني سادة خالي الدسم / Greek yogurt, plain, nonfat: 252g; خبز قمح كامل / Whole-wheat bread: 30g; موز طازج / Banana, raw: 25g; توت أزرق طازج / Blueberries, raw: 25g; جوز / Walnuts: 5g; مانجو طازجة / Mango, raw: 25g; زنجبيل طازج / Ginger root, raw: 1g","ضع كمية الزبادي اليوناني المحددة في وعاء خزفي متوسط غير لامع. | حضّر وأضف الكميات المحددة من خبز القمح الكامل، الموز، التوت الأزرق، الجوز، المانجو، الزنجبيل مع إبقاء قطع الفاكهة الأكبر واضحة. | اخلط أو رتّب الحصة كاملة باستخدام الزبادي اليوناني، خبز القمح الكامل، الموز، التوت الأزرق، الجوز، المانجو، الزنجبيل فقط وقدّمها من دون زينة غير مدرجة.","Place the measured Greek Yogurt in one medium matte ceramic bowl. | Prepare and add the measured Whole-Wheat Bread, Banana, Blueberries, Walnuts, Mango, Ginger, keeping larger fruit pieces visibly distinct. | Combine or arrange the complete serving using only Greek Yogurt, Whole-Wheat Bread, Banana, Blueberries, Walnuts, Mango, Ginger; serve without unlisted garnish.","/nutrition/meals/MEAL-244/cover.webp","/nutrition/meals/MEAL-244/cover-thumb.webp","ready","FILES_PRESENT","{""calorie_band_kcal"":""300_449"",""protein_band_g"":""20_29"",""carb_band_g"":""moderate"",""fat_band_g"":""low"",""meal_type_required"":true,""max_calorie_delta_pct"":10,""max_protein_delta_g"":8,""exclude_allergens"":true}","milk|gluten|tree_nuts","vegetarian|pescatarian|high_protein","NOT_AVAILABLE","YES_EXPLICIT","NO_EXPLICIT_TAG","fat_loss|maintenance|muscle_gain","Nutrition Library V2. USDA FoodData Central. One serving. Identity is external_id.","USDA FoodData Central — SR Legacy (April 2018 release)"
"MEAL-245","وعاء المانجو بالمانجو والزنجبيل مع الزبادي اليوناني","Mango-Ginger Mango Bowl with Greek Yogurt","YES_DERIVED_FROM_PUBLISHED_READY","published","ready","pre_workout","PRE_WORKOUT","OFFICIAL_MEAL_TYPE","NO_OFFICIAL","NO_OFFICIAL","NO_OFFICIAL","YES_OFFICIAL","NO_OFFICIAL","NO","NO","445","14","63.3","15.1","9.5","qa.derived_fiber_g","485","g","1","زبادي يوناني سادة خالي الدسم / Greek yogurt, plain, nonfat: 65g; توت أزرق طازج / Blueberries, raw: 135g; برتقال طازج / Orange, raw: 93g; طحينة سمسم / Sesame butter, tahini: 26g; مانجو طازجة / Mango, raw: 160g; زنجبيل طازج / Ginger root, raw: 6g","ضع كمية الزبادي اليوناني المحددة في وعاء خزفي متوسط غير لامع. | حضّر وأضف الكميات المحددة من التوت الأزرق، البرتقال، الطحينة، المانجو، الزنجبيل مع إبقاء قطع الفاكهة الأكبر واضحة. | اخلط أو رتّب الحصة كاملة باستخدام الزبادي اليوناني، التوت الأزرق، البرتقال، الطحينة، المانجو، الزنجبيل فقط وقدّمها من دون زينة غير مدرجة.","Place the measured Greek Yogurt in one medium matte ceramic bowl. | Prepare and add the measured Blueberries, Orange, Tahini, Mango, Ginger, keeping larger fruit pieces visibly distinct. | Combine or arrange the complete serving using only Greek Yogurt, Blueberries, Orange, Tahini, Mango, Ginger; serve without unlisted garnish.","/nutrition/meals/MEAL-245/cover.webp","/nutrition/meals/MEAL-245/cover-thumb.webp","ready","FILES_PRESENT","{""calorie_band_kcal"":""300_449"",""protein_band_g"":""under_20"",""carb_band_g"":""high"",""fat_band_g"":""moderate"",""meal_type_required"":true,""max_calorie_delta_pct"":10,""max_protein_delta_g"":8,""exclude_allergens"":true}","milk|sesame","vegetarian|pescatarian|gluten_free|high_fiber","NOT_AVAILABLE","YES_EXPLICIT","NO_EXPLICIT_TAG","fat_loss|maintenance|muscle_gain","Nutrition Library V2. USDA FoodData Central. One serving. Identity is external_id.","USDA FoodData Central — SR Legacy (April 2018 release)"
"MEAL-246","وعاء الزبادي اليوناني بالتوت والشيا مع البرتقال","Berry-Chia Greek Yogurt Bowl with Orange","YES_DERIVED_FROM_PUBLISHED_READY","published","ready","pre_workout","PRE_WORKOUT","OFFICIAL_MEAL_TYPE","NO_OFFICIAL","NO_OFFICIAL","NO_OFFICIAL","YES_OFFICIAL","NO_OFFICIAL","YES_INFERRED_AUDIT","NO","208","20","21.3","4.7","4.4","qa.derived_fiber_g","282","g","1","زبادي يوناني سادة خالي الدسم / Greek yogurt, plain, nonfat: 184g; برتقال طازج / Orange, raw: 25g; تفاح طازج بالقشر / Apple with skin, raw: 34g; زبدة فول سوداني ناعمة / Smooth peanut butter: 5g; توت أزرق طازج / Blueberries, raw: 29g; بذور شيا مجففة / Dried chia seeds: 5g","ضع كمية الزبادي اليوناني المحددة في وعاء خزفي متوسط غير لامع. | حضّر وأضف الكميات المحددة من البرتقال، التفاح، زبدة الفول السوداني، التوت الأزرق، بذور الشيا مع إبقاء قطع الفاكهة الأكبر واضحة. | اخلط أو رتّب الحصة كاملة باستخدام الزبادي اليوناني، البرتقال، التفاح، زبدة الفول السوداني، التوت الأزرق، بذور الشيا فقط وقدّمها من دون زينة غير مدرجة.","Place the measured Greek Yogurt in one medium matte ceramic bowl. | Prepare and add the measured Orange, Apple, Peanut Butter, Blueberries, Chia, keeping larger fruit pieces visibly distinct. | Combine or arrange the complete serving using only Greek Yogurt, Orange, Apple, Peanut Butter, Blueberries, Chia; serve without unlisted garnish.","/nutrition/meals/MEAL-246/cover.webp","/nutrition/meals/MEAL-246/cover-thumb.webp","ready","FILES_PRESENT","{""calorie_band_kcal"":""under_300"",""protein_band_g"":""20_29"",""carb_band_g"":""low"",""fat_band_g"":""low"",""meal_type_required"":true,""max_calorie_delta_pct"":10,""max_protein_delta_g"":8,""exclude_allergens"":true}","milk|peanuts","vegetarian|pescatarian|gluten_free","NOT_AVAILABLE","YES_EXPLICIT","NO_EXPLICIT_TAG","fat_loss|maintenance|muscle_gain","Nutrition Library V2. USDA FoodData Central. One serving. Identity is external_id.","USDA FoodData Central — SR Legacy (April 2018 release)"
"MEAL-247","وعاء الزبادي اليوناني بالبرتقال والكتان مع المانجو والتوت الأزرق","Orange-Flax Greek Yogurt Bowl with Mango and Blueberries","YES_DERIVED_FROM_PUBLISHED_READY","published","ready","pre_workout","PRE_WORKOUT","OFFICIAL_MEAL_TYPE","NO_OFFICIAL","NO_OFFICIAL","NO_OFFICIAL","YES_OFFICIAL","NO_OFFICIAL","NO","NO","167","19.6","17.8","1.9","2.8","qa.derived_fiber_g","271","g","1","زبادي يوناني سادة خالي الدسم / Greek yogurt, plain, nonfat: 193g; مانجو طازجة / Mango, raw: 25g; توت أزرق طازج / Blueberries, raw: 25g; برتقال طازج / Orange, raw: 25g; بذور كتان / Flaxseed: 3g","ضع كمية الزبادي اليوناني المحددة في وعاء خزفي متوسط غير لامع. | حضّر وأضف الكميات المحددة من المانجو، التوت الأزرق، البرتقال، بذور الكتان مع إبقاء قطع الفاكهة الأكبر واضحة. | اخلط أو رتّب الحصة كاملة باستخدام الزبادي اليوناني، المانجو، التوت الأزرق، البرتقال، بذور الكتان فقط وقدّمها من دون زينة غير مدرجة.","Place the measured Greek Yogurt in one medium matte ceramic bowl. | Prepare and add the measured Mango, Blueberries, Orange, Flaxseed, keeping larger fruit pieces visibly distinct. | Combine or arrange the complete serving using only Greek Yogurt, Mango, Blueberries, Orange, Flaxseed; serve without unlisted garnish.","/nutrition/meals/MEAL-247/cover.webp","/nutrition/meals/MEAL-247/cover-thumb.webp","ready","FILES_PRESENT","{""calorie_band_kcal"":""under_300"",""protein_band_g"":""under_20"",""carb_band_g"":""low"",""fat_band_g"":""low"",""meal_type_required"":true,""max_calorie_delta_pct"":10,""max_protein_delta_g"":8,""exclude_allergens"":true}","milk","vegetarian|pescatarian|gluten_free","NOT_AVAILABLE","YES_EXPLICIT","NO_EXPLICIT_TAG","fat_loss|maintenance|muscle_gain","Nutrition Library V2. USDA FoodData Central. One serving. Identity is external_id.","USDA FoodData Central — SR Legacy (April 2018 release)"
"MEAL-248","وعاء الزبادي اليوناني بالقرفة والتمر مع الموز والبرتقال والتمر","Cinnamon-Date Greek Yogurt Bowl with Banana and Orange & Dates","YES_DERIVED_FROM_PUBLISHED_READY","published","ready","pre_workout","PRE_WORKOUT","OFFICIAL_MEAL_TYPE","NO_OFFICIAL","NO_OFFICIAL","NO_OFFICIAL","YES_OFFICIAL","NO_OFFICIAL","YES_INFERRED_AUDIT","NO","322","19.9","46.3","6.4","7.7","qa.derived_fiber_g","312","g","1","زبادي يوناني سادة خالي الدسم / Greek yogurt, plain, nonfat: 166g; موز طازج / Banana, raw: 50g; برتقال طازج / Orange, raw: 59g; زبدة فول سوداني ناعمة / Smooth peanut butter: 11g; قرفة مطحونة / Ground cinnamon: 5g; تمر مجدول / Medjool dates: 21g","ضع كمية الزبادي اليوناني المحددة في وعاء خزفي متوسط غير لامع. | حضّر وأضف الكميات المحددة من الموز، البرتقال، زبدة الفول السوداني، القرفة، التمر مع إبقاء قطع الفاكهة الأكبر واضحة. | اخلط أو رتّب الحصة كاملة باستخدام الزبادي اليوناني، الموز، البرتقال، زبدة الفول السوداني، القرفة، التمر فقط وقدّمها من دون زينة غير مدرجة.","Place the measured Greek Yogurt in one medium matte ceramic bowl. | Prepare and add the measured Banana, Orange, Peanut Butter, Cinnamon, Dates, keeping larger fruit pieces visibly distinct. | Combine or arrange the complete serving using only Greek Yogurt, Banana, Orange, Peanut Butter, Cinnamon, Dates; serve without unlisted garnish.","/nutrition/meals/MEAL-248/cover.webp","/nutrition/meals/MEAL-248/cover-thumb.webp","ready","FILES_PRESENT","{""calorie_band_kcal"":""300_449"",""protein_band_g"":""under_20"",""carb_band_g"":""moderate"",""fat_band_g"":""low"",""meal_type_required"":true,""max_calorie_delta_pct"":10,""max_protein_delta_g"":8,""exclude_allergens"":true}","milk|peanuts","vegetarian|pescatarian|gluten_free|high_fiber","NOT_AVAILABLE","YES_EXPLICIT","NO_EXPLICIT_TAG","fat_loss|maintenance|muscle_gain","Nutrition Library V2. USDA FoodData Central. One serving. Identity is external_id.","USDA FoodData Central — SR Legacy (April 2018 release)"
"MEAL-249","علبة عملية العدس بالكمون والليمون الأخضر مع الكينوا","Cumin-Lime Lentils Portable Box with Quinoa","YES_DERIVED_FROM_PUBLISHED_READY","published","ready","pre_workout","PRE_WORKOUT","OFFICIAL_MEAL_TYPE","NO_OFFICIAL","NO_OFFICIAL","NO_OFFICIAL","YES_OFFICIAL","NO_OFFICIAL","NO","NO","346","19.8","54","5.7","17.3","qa.derived_fiber_g","357","g","1","عدس مطهو / Lentils, cooked: 152g; كينوا مطهوة / Quinoa, cooked: 70g; فطر أبيض مطهو / White mushrooms, cooked: 78g; بروكلي مطهو / Broccoli, cooked: 45g; زيت زيتون / Olive oil: 3g; كمون / Cumin seed: 1g; عصير ليمون أخضر طازج / Lime juice, raw: 8g","سخّن أو حضّر كمية العدس المحددة وفق حالتها المطهوة المدرجة. | سخّن المكونات المطهوة وحضّر المكونات الطازجة من الكميات المحددة من الكينوا، الفطر، البروكلي، زيت الزيتون، الكمون، الليمون الأخضر مع الحفاظ على حالة كل مكوّن المسجلة. | رتّب الحصة كاملة في علبة تحضير طعام عملية صغيرة ومقسّمة باستخدام العدس، الكينوا، الفطر، البروكلي، زيت الزيتون، الكمون، الليمون الأخضر فقط ووزّع الصلصات والتوابل بخفة وتساوٍ.","Warm or prepare the measured Lentils using its listed cooked form. | Warm cooked components and prepare fresh components from the measured Quinoa, Mushrooms, Broccoli, Olive Oil, Cumin, Lime, keeping each food in its recorded state. | Arrange the complete serving in one compact divided meal-prep box using only Lentils, Quinoa, Mushrooms, Broccoli, Olive Oil, Cumin, Lime; distribute sauces and seasonings lightly and evenly.","/nutrition/meals/MEAL-249/cover.webp","/nutrition/meals/MEAL-249/cover-thumb.webp","ready","FILES_PRESENT","{""calorie_band_kcal"":""300_449"",""protein_band_g"":""under_20"",""carb_band_g"":""high"",""fat_band_g"":""low"",""meal_type_required"":true,""max_calorie_delta_pct"":10,""max_protein_delta_g"":8,""exclude_allergens"":true}","NOT_AVAILABLE","vegetarian|vegan|pescatarian|gluten_free|high_fiber","NOT_AVAILABLE","YES_EXPLICIT","YES_EXPLICIT","fat_loss|maintenance|muscle_gain","Nutrition Library V2. USDA FoodData Central. One serving. Identity is external_id.","USDA FoodData Central — SR Legacy (April 2018 release)"
"MEAL-250","وعاء شوفان مطهو المانجو بالمانجو والزنجبيل مع بياض البيض","Mango-Ginger Mango Cooked Oat Bowl with Egg White","YES_DERIVED_FROM_PUBLISHED_READY","published","ready","pre_workout","PRE_WORKOUT","OFFICIAL_MEAL_TYPE","NO_OFFICIAL","NO_OFFICIAL","NO_OFFICIAL","YES_OFFICIAL","NO_OFFICIAL","YES_INFERRED_AUDIT","NO","303","12","51.3","5.5","7.4","qa.derived_fiber_g","337","g","1","بياض بيض طازج / Egg white, raw, fresh: 60g; شوفان ملفوف جاف / Rolled oats, dry: 20g; برتقال طازج / Orange, raw: 25g; توت أزرق طازج / Blueberries, raw: 97g; جوز / Walnuts: 5g; مانجو طازجة / Mango, raw: 125g; زنجبيل طازج / Ginger root, raw: 5g","اطهُ الشوفان بالماء حتى يثخن ثم أضف الكميات المحددة من الشوفان، البرتقال، التوت الأزرق، الجوز، المانجو، الزنجبيل باستثناء بياض البيض. | أضف بياض البيض مع الخفق واطهه مع التحريك حتى يصبح معتمًا تمامًا وتصل الحرارة الداخلية إلى 74°م (165°ف). | انقل الخليط المطهو كاملًا إلى وعاء فطور خزفي متوسط غير لامع وقدّم حصة واحدة باستخدام بياض البيض، الشوفان، البرتقال، التوت الأزرق، الجوز، المانجو، الزنجبيل فقط.","Cook the Oats with water until thick, then stir in the measured Oats, Orange, Blueberries, Walnuts, Mango, Ginger except the Egg White. | Whisk in the Egg White and cook while stirring until fully opaque and the center reaches 74°C (165°F). | Transfer the complete cooked mixture to one medium matte ceramic breakfast bowl and serve one portion; use only Egg White, Oats, Orange, Blueberries, Walnuts, Mango, Ginger.","/nutrition/meals/MEAL-250/cover.webp","/nutrition/meals/MEAL-250/cover-thumb.webp","ready","FILES_PRESENT","{""calorie_band_kcal"":""300_449"",""protein_band_g"":""under_20"",""carb_band_g"":""high"",""fat_band_g"":""low"",""meal_type_required"":true,""max_calorie_delta_pct"":10,""max_protein_delta_g"":8,""exclude_allergens"":true}","egg|tree_nuts","vegetarian|pescatarian|high_fiber","NOT_AVAILABLE","YES_EXPLICIT","NO_EXPLICIT_TAG","fat_loss|maintenance","Nutrition Library V2. USDA FoodData Central. One serving. Identity is external_id.","USDA FoodData Central — SR Legacy (April 2018 release)"
"MEAL-251","طبق الشعير بالطحينة والليمون مع السلمون","Tahini-Lemon Barley Plate with Salmon","YES_DERIVED_FROM_PUBLISHED_READY","published","ready","post_workout","POST_WORKOUT","OFFICIAL_MEAL_TYPE","NO_OFFICIAL","NO_OFFICIAL","NO_OFFICIAL","NO_OFFICIAL","YES_OFFICIAL","NO","NO","654","14.9","61.5","38.7","8.8","qa.derived_fiber_g","331","g","1","سلمون أطلسي مطهو بحرارة جافة / Atlantic salmon, cooked with dry heat: 40g; شعير لؤلؤي مطهو / Pearled barley, cooked: 208g; خس روماني طازج / Romaine lettuce, raw: 20g; كوسا مطهوة / Zucchini, cooked: 20g; زيت زيتون / Olive oil: 30g; طحينة سمسم / Sesame butter, tahini: 5g; عصير ليمون طازج / Lemon juice, raw: 8g","سخّن أو حضّر كمية السلمون المحددة وفق حالتها المطهوة المدرجة. | سخّن المكونات المطهوة وحضّر المكونات الطازجة من الكميات المحددة من الشعير، الخس الروماني، الكوسا، زيت الزيتون، الطحينة، الليمون مع الحفاظ على حالة كل مكوّن المسجلة. | رتّب الحصة كاملة في طبق خزفي مسطح ومحايد باستخدام السلمون، الشعير، الخس الروماني، الكوسا، زيت الزيتون، الطحينة، الليمون فقط ووزّع الصلصات والتوابل بخفة وتساوٍ.","Warm or prepare the measured Salmon using its listed cooked form. | Warm cooked components and prepare fresh components from the measured Barley, Romaine, Zucchini, Olive Oil, Tahini, Lemon, keeping each food in its recorded state. | Arrange the complete serving in one flat neutral ceramic dinner plate using only Salmon, Barley, Romaine, Zucchini, Olive Oil, Tahini, Lemon; distribute sauces and seasonings lightly and evenly.","/nutrition/meals/MEAL-251/cover.webp","/nutrition/meals/MEAL-251/cover-thumb.webp","ready","FILES_PRESENT","{""calorie_band_kcal"":""600_plus"",""protein_band_g"":""under_20"",""carb_band_g"":""high"",""fat_band_g"":""high"",""meal_type_required"":true,""max_calorie_delta_pct"":10,""max_protein_delta_g"":8,""exclude_allergens"":true}","gluten|fish|sesame","pescatarian|high_fiber","NOT_AVAILABLE","NO_EXPLICIT_TAG","NO_EXPLICIT_TAG","fat_loss|maintenance|muscle_gain","Nutrition Library V2. USDA FoodData Central. One serving. Identity is external_id.","USDA FoodData Central — SR Legacy (April 2018 release)"
"MEAL-252","وعاء الديك الرومي بالطماطم والبقدونس مع البطاطا الحلوة","Tomato-Parsley Turkey Bowl with Sweet Potato","YES_DERIVED_FROM_PUBLISHED_READY","published","ready","post_workout","POST_WORKOUT","OFFICIAL_MEAL_TYPE","NO_OFFICIAL","NO_OFFICIAL","NO_OFFICIAL","NO_OFFICIAL","YES_OFFICIAL","NO","YES_INFERRED_AUDIT","298","31","26","7.8","9","qa.derived_fiber_g","348","g","1","صدر ديك رومي مطهو ومشوي / Turkey breast, cooked, roasted: 86g; بطاطا حلوة مشوية / Baked sweet potato: 70g; فلفل حلو أحمر طازج / Red bell pepper, raw: 66g; كرنب أجعد مطهو / Kale, cooked: 65g; أفوكادو طازج / Avocado, raw: 33g; طماطم طازجة / Tomato, raw: 20g; بقدونس طازج / Fresh parsley: 8g","سخّن أو حضّر كمية الديك الرومي المحددة وفق حالتها المطهوة المدرجة. | سخّن المكونات المطهوة وحضّر المكونات الطازجة من الكميات المحددة من البطاطا الحلوة، الفلفل الأحمر، الكرنب الأجعد، الأفوكادو، الطماطم، البقدونس مع الحفاظ على حالة كل مكوّن المسجلة. | رتّب الحصة كاملة في وعاء حجري عريض وضحل باستخدام الديك الرومي، البطاطا الحلوة، الفلفل الأحمر، الكرنب الأجعد، الأفوكادو، الطماطم، البقدونس فقط ووزّع الصلصات والتوابل بخفة وتساوٍ.","Warm or prepare the measured Turkey using its listed cooked form. | Warm cooked components and prepare fresh components from the measured Sweet Potato, Red Pepper, Kale, Avocado, Tomato, Parsley, keeping each food in its recorded state. | Arrange the complete serving in one wide shallow stoneware bowl using only Turkey, Sweet Potato, Red Pepper, Kale, Avocado, Tomato, Parsley; distribute sauces and seasonings lightly and evenly.","/nutrition/meals/MEAL-252/cover.webp","/nutrition/meals/MEAL-252/cover-thumb.webp","ready","FILES_PRESENT","{""calorie_band_kcal"":""under_300"",""protein_band_g"":""30_39"",""carb_band_g"":""moderate"",""fat_band_g"":""low"",""meal_type_required"":true,""max_calorie_delta_pct"":10,""max_protein_delta_g"":8,""exclude_allergens"":true}","NOT_AVAILABLE","gluten_free|high_protein|high_fiber","NOT_AVAILABLE","NO_EXPLICIT_TAG","NO_EXPLICIT_TAG","fat_loss|maintenance|muscle_gain","Nutrition Library V2. USDA FoodData Central. One serving. Identity is external_id.","USDA FoodData Central — SR Legacy (April 2018 release)"
"MEAL-253","وعاء الزبادي اليوناني بالطماطم والبقدونس مع الأرز الأبيض","Tomato-Parsley Greek Yogurt Bowl with White Rice","YES_DERIVED_FROM_PUBLISHED_READY","published","ready","post_workout","POST_WORKOUT","OFFICIAL_MEAL_TYPE","NO_OFFICIAL","NO_OFFICIAL","NO_OFFICIAL","NO_OFFICIAL","YES_OFFICIAL","NO","NO","622","35.2","73.9","20.6","3.6","qa.derived_fiber_g","648","g","1","زبادي يوناني سادة خالي الدسم / Greek yogurt, plain, nonfat: 284g; أرز أبيض مطهو / White rice, cooked: 209g; سبانخ مطهوة / Spinach, cooked: 60g; خيار طازج بالقشر / Cucumber with peel, raw: 46g; زيت زيتون / Olive oil: 19g; طماطم طازجة / Tomato, raw: 22g; بقدونس طازج / Fresh parsley: 8g","سخّن أو حضّر كمية الزبادي اليوناني المحددة وفق حالتها المطهوة المدرجة. | سخّن المكونات المطهوة وحضّر المكونات الطازجة من الكميات المحددة من الأرز الأبيض، السبانخ، الخيار، زيت الزيتون، الطماطم، البقدونس مع الحفاظ على حالة كل مكوّن المسجلة. | رتّب الحصة كاملة في وعاء حجري عريض وضحل باستخدام الزبادي اليوناني، الأرز الأبيض، السبانخ، الخيار، زيت الزيتون، الطماطم، البقدونس فقط ووزّع الصلصات والتوابل بخفة وتساوٍ.","Warm or prepare the measured Greek Yogurt using its listed cooked form. | Warm cooked components and prepare fresh components from the measured White Rice, Spinach, Cucumber, Olive Oil, Tomato, Parsley, keeping each food in its recorded state. | Arrange the complete serving in one wide shallow stoneware bowl using only Greek Yogurt, White Rice, Spinach, Cucumber, Olive Oil, Tomato, Parsley; distribute sauces and seasonings lightly and evenly.","/nutrition/meals/MEAL-253/cover.webp","/nutrition/meals/MEAL-253/cover-thumb.webp","ready","FILES_PRESENT","{""calorie_band_kcal"":""600_plus"",""protein_band_g"":""30_39"",""carb_band_g"":""high"",""fat_band_g"":""high"",""meal_type_required"":true,""max_calorie_delta_pct"":10,""max_protein_delta_g"":8,""exclude_allergens"":true}","milk","vegetarian|pescatarian|gluten_free|high_protein","NOT_AVAILABLE","YES_EXPLICIT","NO_EXPLICIT_TAG","fat_loss|maintenance|muscle_gain","Nutrition Library V2. USDA FoodData Central. One serving. Identity is external_id.","USDA FoodData Central — SR Legacy (April 2018 release)"
"MEAL-254","وعاء بياض البيض بالثوم والبابريكا مع الشوفان","Garlic-Paprika Egg White Bowl with Oats","YES_DERIVED_FROM_PUBLISHED_READY","published","ready","post_workout","POST_WORKOUT","OFFICIAL_MEAL_TYPE","NO_OFFICIAL","NO_OFFICIAL","NO_OFFICIAL","NO_OFFICIAL","YES_OFFICIAL","NO","YES_INFERRED_AUDIT","274","25","28.3","6.7","9.8","qa.derived_fiber_g","309","g","1","بياض بيض طازج / Egg white, raw, fresh: 166g; شوفان ملفوف جاف / Rolled oats, dry: 20g; فلفل حلو أحمر طازج / Red bell pepper, raw: 30g; خس روماني طازج / Romaine lettuce, raw: 69g; بذور شيا مجففة / Dried chia seeds: 15g; ثوم طازج / Garlic, raw: 8g; بابريكا / Paprika: 1g","اطهُ بياض البيض في مقلاة غير لاصقة حتى يصبح معتمًا تمامًا وتصل الحرارة الداخلية إلى 74°م (165°ف). | سخّن المكونات المطهوة وحضّر المكونات الطازجة من الكميات المحددة من الشوفان، الفلفل الأحمر، الخس الروماني، بذور الشيا، الثوم، البابريكا مع الحفاظ على حالة كل مكوّن المسجلة. | رتّب الحصة كاملة في وعاء حجري عريض وضحل باستخدام بياض البيض، الشوفان، الفلفل الأحمر، الخس الروماني، بذور الشيا، الثوم، البابريكا فقط ووزّع الصلصات والتوابل بخفة وتساوٍ.","Cook the Egg White in a nonstick pan until fully opaque and the center reaches 74°C (165°F). | Warm cooked components and prepare fresh components from the measured Oats, Red Pepper, Romaine, Chia, Garlic, Paprika, keeping each food in its recorded state. | Arrange the complete serving in one wide shallow stoneware bowl using only Egg White, Oats, Red Pepper, Romaine, Chia, Garlic, Paprika; distribute sauces and seasonings lightly and evenly.","/nutrition/meals/MEAL-254/cover.webp","/nutrition/meals/MEAL-254/cover-thumb.webp","ready","FILES_PRESENT","{""calorie_band_kcal"":""under_300"",""protein_band_g"":""20_29"",""carb_band_g"":""moderate"",""fat_band_g"":""low"",""meal_type_required"":true,""max_calorie_delta_pct"":10,""max_protein_delta_g"":8,""exclude_allergens"":true}","egg","vegetarian|pescatarian|high_fiber|omega_3","NOT_AVAILABLE","YES_EXPLICIT","NO_EXPLICIT_TAG","fat_loss|maintenance|muscle_gain","Nutrition Library V2. USDA FoodData Central. One serving. Identity is external_id.","USDA FoodData Central — SR Legacy (April 2018 release)"
"MEAL-255","وعاء شوفان مطهو بياض البيض بالكاكاو والموز مع الشوفان والتوت الأزرق","Cocoa-Banana Egg White Cooked Oat Bowl with Oats and Blueberries","YES_DERIVED_FROM_PUBLISHED_READY","published","ready","post_workout","POST_WORKOUT","OFFICIAL_MEAL_TYPE","NO_OFFICIAL","NO_OFFICIAL","NO_OFFICIAL","NO_OFFICIAL","YES_OFFICIAL","NO","YES_INFERRED_AUDIT","481","39.2","60.1","9.3","15.4","qa.derived_fiber_g","494","g","1","بياض بيض طازج / Egg white, raw, fresh: 274g; شوفان ملفوف جاف / Rolled oats, dry: 33g; تفاح طازج بالقشر / Apple with skin, raw: 59g; توت أزرق طازج / Blueberries, raw: 80g; بذور شيا مجففة / Dried chia seeds: 18g; مسحوق كاكاو غير محلى / Unsweetened cocoa powder: 5g; موز طازج / Banana, raw: 25g","اطهُ الشوفان بالماء حتى يثخن ثم أضف الكميات المحددة من الشوفان، التفاح، التوت الأزرق، بذور الشيا، الكاكاو، الموز باستثناء بياض البيض. | أضف بياض البيض مع الخفق واطهه مع التحريك حتى يصبح معتمًا تمامًا وتصل الحرارة الداخلية إلى 74°م (165°ف). | انقل الخليط المطهو كاملًا إلى وعاء فطور خزفي متوسط غير لامع وقدّم حصة واحدة باستخدام بياض البيض، الشوفان، التفاح، التوت الأزرق، بذور الشيا، الكاكاو، الموز فقط.","Cook the Oats with water until thick, then stir in the measured Oats, Apple, Blueberries, Chia, Cocoa, Banana except the Egg White. | Whisk in the Egg White and cook while stirring until fully opaque and the center reaches 74°C (165°F). | Transfer the complete cooked mixture to one medium matte ceramic breakfast bowl and serve one portion; use only Egg White, Oats, Apple, Blueberries, Chia, Cocoa, Banana.","/nutrition/meals/MEAL-255/cover.webp","/nutrition/meals/MEAL-255/cover-thumb.webp","ready","FILES_PRESENT","{""calorie_band_kcal"":""450_599"",""protein_band_g"":""30_39"",""carb_band_g"":""high"",""fat_band_g"":""moderate"",""meal_type_required"":true,""max_calorie_delta_pct"":10,""max_protein_delta_g"":8,""exclude_allergens"":true}","egg","vegetarian|pescatarian|high_protein|high_fiber|omega_3","NOT_AVAILABLE","YES_EXPLICIT","NO_EXPLICIT_TAG","fat_loss|maintenance|muscle_gain","Nutrition Library V2. USDA FoodData Central. One serving. Identity is external_id.","USDA FoodData Central — SR Legacy (April 2018 release)"
"MEAL-256","وعاء البطاطا الحلوة بالزنجبيل والصويا مع الدجاج","Ginger-Soy Sweet Potato Bowl with Chicken","YES_DERIVED_FROM_PUBLISHED_READY","published","ready","post_workout","POST_WORKOUT","OFFICIAL_MEAL_TYPE","NO_OFFICIAL","NO_OFFICIAL","NO_OFFICIAL","NO_OFFICIAL","YES_OFFICIAL","NO","YES_INFERRED_AUDIT","418","34.8","55.1","6.5","10","qa.derived_fiber_g","466","g","1","صدر دجاج مطهو ومشوي / Chicken breast, cooked, roasted: 88g; بطاطا حلوة مشوية / Baked sweet potato: 202g; خس روماني طازج / Romaine lettuce, raw: 80g; بصل طازج / Onion, raw: 75g; طحينة سمسم / Sesame butter, tahini: 5g; زنجبيل طازج / Ginger root, raw: 8g; صلصة صويا قليلة الصوديوم / Reduced-sodium soy sauce: 8g","سخّن أو حضّر كمية الدجاج المحددة وفق حالتها المطهوة المدرجة. | سخّن المكونات المطهوة وحضّر المكونات الطازجة من الكميات المحددة من البطاطا الحلوة، الخس الروماني، البصل، الطحينة، الزنجبيل، صلصة الصويا مع الحفاظ على حالة كل مكوّن المسجلة. | رتّب الحصة كاملة في وعاء حجري عريض وضحل باستخدام الدجاج، البطاطا الحلوة، الخس الروماني، البصل، الطحينة، الزنجبيل، صلصة الصويا فقط ووزّع الصلصات والتوابل بخفة وتساوٍ.","Warm or prepare the measured Chicken using its listed cooked form. | Warm cooked components and prepare fresh components from the measured Sweet Potato, Romaine, Onion, Tahini, Ginger, Soy Sauce, keeping each food in its recorded state. | Arrange the complete serving in one wide shallow stoneware bowl using only Chicken, Sweet Potato, Romaine, Onion, Tahini, Ginger, Soy Sauce; distribute sauces and seasonings lightly and evenly.","/nutrition/meals/MEAL-256/cover.webp","/nutrition/meals/MEAL-256/cover-thumb.webp","ready","FILES_PRESENT","{""calorie_band_kcal"":""300_449"",""protein_band_g"":""30_39"",""carb_band_g"":""high"",""fat_band_g"":""low"",""meal_type_required"":true,""max_calorie_delta_pct"":10,""max_protein_delta_g"":8,""exclude_allergens"":true}","sesame|soy","high_protein|high_fiber","NOT_AVAILABLE","NO_EXPLICIT_TAG","NO_EXPLICIT_TAG","fat_loss|maintenance|muscle_gain","Nutrition Library V2. USDA FoodData Central. One serving. Identity is external_id.","USDA FoodData Central — SR Legacy (April 2018 release)"
"MEAL-257","طبق التونة بالطحينة والليمون مع الأرز الأبيض","Tahini-Lemon Tuna Plate with White Rice","YES_DERIVED_FROM_PUBLISHED_READY","published","ready","post_workout","POST_WORKOUT","OFFICIAL_MEAL_TYPE","NO_OFFICIAL","NO_OFFICIAL","NO_OFFICIAL","NO_OFFICIAL","YES_OFFICIAL","NO","YES_INFERRED_AUDIT","452","37.2","55.1","9.2","5.4","qa.derived_fiber_g","435","g","1","تونة خفيفة معلبة بالماء ومصفاة / Light tuna, canned in water, drained: 111g; أرز أبيض مطهو / White rice, cooked: 160g; فلفل حلو أحمر طازج / Red bell pepper, raw: 51g; سبانخ مطهوة / Spinach, cooked: 75g; أفوكادو طازج / Avocado, raw: 22g; طحينة سمسم / Sesame butter, tahini: 8g; عصير ليمون طازج / Lemon juice, raw: 8g","سخّن أو حضّر كمية التونة المحددة وفق حالتها المطهوة المدرجة. | سخّن المكونات المطهوة وحضّر المكونات الطازجة من الكميات المحددة من الأرز الأبيض، الفلفل الأحمر، السبانخ، الأفوكادو، الطحينة، الليمون مع الحفاظ على حالة كل مكوّن المسجلة. | رتّب الحصة كاملة في طبق خزفي مسطح ومحايد باستخدام التونة، الأرز الأبيض، الفلفل الأحمر، السبانخ، الأفوكادو، الطحينة، الليمون فقط ووزّع الصلصات والتوابل بخفة وتساوٍ.","Warm or prepare the measured Tuna using its listed cooked form. | Warm cooked components and prepare fresh components from the measured White Rice, Red Pepper, Spinach, Avocado, Tahini, Lemon, keeping each food in its recorded state. | Arrange the complete serving in one flat neutral ceramic dinner plate using only Tuna, White Rice, Red Pepper, Spinach, Avocado, Tahini, Lemon; distribute sauces and seasonings lightly and evenly.","/nutrition/meals/MEAL-257/cover.webp","/nutrition/meals/MEAL-257/cover-thumb.webp","ready","FILES_PRESENT","{""calorie_band_kcal"":""450_599"",""protein_band_g"":""30_39"",""carb_band_g"":""high"",""fat_band_g"":""moderate"",""meal_type_required"":true,""max_calorie_delta_pct"":10,""max_protein_delta_g"":8,""exclude_allergens"":true}","fish|sesame","pescatarian|gluten_free|high_protein|omega_3","NOT_AVAILABLE","NO_EXPLICIT_TAG","NO_EXPLICIT_TAG","fat_loss|maintenance|muscle_gain","Nutrition Library V2. USDA FoodData Central. One serving. Identity is external_id.","USDA FoodData Central — SR Legacy (April 2018 release)"
"MEAL-258","وعاء الزبادي اليوناني بالتوت والشيا مع الأرز الأبيض","Berry-Chia Greek Yogurt Bowl with White Rice","YES_DERIVED_FROM_PUBLISHED_READY","published","ready","post_workout","POST_WORKOUT","OFFICIAL_MEAL_TYPE","NO_OFFICIAL","NO_OFFICIAL","NO_OFFICIAL","NO_OFFICIAL","YES_OFFICIAL","NO","YES_INFERRED_AUDIT","481","25.2","72.2","10.2","10.8","qa.derived_fiber_g","519","g","1","زبادي يوناني سادة خالي الدسم / Greek yogurt, plain, nonfat: 175g; أرز أبيض مطهو / White rice, cooked: 110g; برتقال طازج / Orange, raw: 59g; تفاح طازج بالقشر / Apple with skin, raw: 77g; لوز / Almonds: 12g; توت أزرق طازج / Blueberries, raw: 76g; بذور شيا مجففة / Dried chia seeds: 10g","ضع كمية الزبادي اليوناني المحددة في وعاء خزفي متوسط غير لامع. | حضّر وأضف الكميات المحددة من الأرز الأبيض، البرتقال، التفاح، اللوز، التوت الأزرق، بذور الشيا مع إبقاء قطع الفاكهة الأكبر واضحة. | اخلط أو رتّب الحصة كاملة باستخدام الزبادي اليوناني، الأرز الأبيض، البرتقال، التفاح، اللوز، التوت الأزرق، بذور الشيا فقط وقدّمها من دون زينة غير مدرجة.","Place the measured Greek Yogurt in one medium matte ceramic bowl. | Prepare and add the measured White Rice, Orange, Apple, Almonds, Blueberries, Chia, keeping larger fruit pieces visibly distinct. | Combine or arrange the complete serving using only Greek Yogurt, White Rice, Orange, Apple, Almonds, Blueberries, Chia; serve without unlisted garnish.","/nutrition/meals/MEAL-258/cover.webp","/nutrition/meals/MEAL-258/cover-thumb.webp","ready","FILES_PRESENT","{""calorie_band_kcal"":""450_599"",""protein_band_g"":""20_29"",""carb_band_g"":""high"",""fat_band_g"":""moderate"",""meal_type_required"":true,""max_calorie_delta_pct"":10,""max_protein_delta_g"":8,""exclude_allergens"":true}","milk|tree_nuts","vegetarian|pescatarian|gluten_free|high_fiber|omega_3","NOT_AVAILABLE","YES_EXPLICIT","NO_EXPLICIT_TAG","fat_loss|maintenance|muscle_gain","Nutrition Library V2. USDA FoodData Central. One serving. Identity is external_id.","USDA FoodData Central — SR Legacy (April 2018 release)"
"MEAL-259","وعاء الزبادي اليوناني بالليمون والأعشاب مع الأرز البني","Lemon-Herb Greek Yogurt Bowl with Brown Rice","YES_DERIVED_FROM_PUBLISHED_READY","published","ready","post_workout","POST_WORKOUT","OFFICIAL_MEAL_TYPE","NO_OFFICIAL","NO_OFFICIAL","NO_OFFICIAL","NO_OFFICIAL","YES_OFFICIAL","NO","YES_INFERRED_AUDIT","252","24.8","28.5","4.3","5.3","qa.derived_fiber_g","416","g","1","زبادي يوناني سادة خالي الدسم / Greek yogurt, plain, nonfat: 220g; أرز بني مطهو / Brown rice, cooked: 48g; سبانخ مطهوة / Spinach, cooked: 39g; فلفل حلو أحمر طازج / Red bell pepper, raw: 73g; أفوكادو طازج / Avocado, raw: 20g; عصير ليمون طازج / Lemon juice, raw: 8g; بقدونس طازج / Fresh parsley: 8g","سخّن أو حضّر كمية الزبادي اليوناني المحددة وفق حالتها المطهوة المدرجة. | سخّن المكونات المطهوة وحضّر المكونات الطازجة من الكميات المحددة من الأرز البني، السبانخ، الفلفل الأحمر، الأفوكادو، الليمون، البقدونس مع الحفاظ على حالة كل مكوّن المسجلة. | رتّب الحصة كاملة في وعاء حجري عريض وضحل باستخدام الزبادي اليوناني، الأرز البني، السبانخ، الفلفل الأحمر، الأفوكادو، الليمون، البقدونس فقط ووزّع الصلصات والتوابل بخفة وتساوٍ.","Warm or prepare the measured Greek Yogurt using its listed cooked form. | Warm cooked components and prepare fresh components from the measured Brown Rice, Spinach, Red Pepper, Avocado, Lemon, Parsley, keeping each food in its recorded state. | Arrange the complete serving in one wide shallow stoneware bowl using only Greek Yogurt, Brown Rice, Spinach, Red Pepper, Avocado, Lemon, Parsley; distribute sauces and seasonings lightly and evenly.","/nutrition/meals/MEAL-259/cover.webp","/nutrition/meals/MEAL-259/cover-thumb.webp","ready","FILES_PRESENT","{""calorie_band_kcal"":""under_300"",""protein_band_g"":""20_29"",""carb_band_g"":""moderate"",""fat_band_g"":""low"",""meal_type_required"":true,""max_calorie_delta_pct"":10,""max_protein_delta_g"":8,""exclude_allergens"":true}","milk","vegetarian|pescatarian|gluten_free","NOT_AVAILABLE","YES_EXPLICIT","NO_EXPLICIT_TAG","fat_loss|maintenance|muscle_gain","Nutrition Library V2. USDA FoodData Central. One serving. Identity is external_id.","USDA FoodData Central — SR Legacy (April 2018 release)"
"MEAL-260","وعاء الدجاج بالثوم والبابريكا مع الكينوا","Garlic-Paprika Chicken Bowl with Quinoa","YES_DERIVED_FROM_PUBLISHED_READY","published","ready","post_workout","POST_WORKOUT","OFFICIAL_MEAL_TYPE","NO_OFFICIAL","NO_OFFICIAL","NO_OFFICIAL","NO_OFFICIAL","YES_OFFICIAL","NO","YES_INFERRED_AUDIT","276","31.6","20","7.7","5.7","qa.derived_fiber_g","265","g","1","صدر دجاج مطهو ومشوي / Chicken breast, cooked, roasted: 86g; كينوا مطهوة / Quinoa, cooked: 40g; فلفل حلو أحمر طازج / Red bell pepper, raw: 36g; فطر أبيض مطهو / White mushrooms, cooked: 72g; أفوكادو طازج / Avocado, raw: 21g; ثوم طازج / Garlic, raw: 8g; بابريكا / Paprika: 2g","سخّن أو حضّر كمية الدجاج المحددة وفق حالتها المطهوة المدرجة. | سخّن المكونات المطهوة وحضّر المكونات الطازجة من الكميات المحددة من الكينوا، الفلفل الأحمر، الفطر، الأفوكادو، الثوم، البابريكا مع الحفاظ على حالة كل مكوّن المسجلة. | رتّب الحصة كاملة في وعاء حجري عريض وضحل باستخدام الدجاج، الكينوا، الفلفل الأحمر، الفطر، الأفوكادو، الثوم، البابريكا فقط ووزّع الصلصات والتوابل بخفة وتساوٍ.","Warm or prepare the measured Chicken using its listed cooked form. | Warm cooked components and prepare fresh components from the measured Quinoa, Red Pepper, Mushrooms, Avocado, Garlic, Paprika, keeping each food in its recorded state. | Arrange the complete serving in one wide shallow stoneware bowl using only Chicken, Quinoa, Red Pepper, Mushrooms, Avocado, Garlic, Paprika; distribute sauces and seasonings lightly and evenly.","/nutrition/meals/MEAL-260/cover.webp","/nutrition/meals/MEAL-260/cover-thumb.webp","ready","FILES_PRESENT","{""calorie_band_kcal"":""under_300"",""protein_band_g"":""30_39"",""carb_band_g"":""low"",""fat_band_g"":""low"",""meal_type_required"":true,""max_calorie_delta_pct"":10,""max_protein_delta_g"":8,""exclude_allergens"":true}","NOT_AVAILABLE","gluten_free|high_protein","NOT_AVAILABLE","NO_EXPLICIT_TAG","NO_EXPLICIT_TAG","fat_loss|maintenance|muscle_gain","Nutrition Library V2. USDA FoodData Central. One serving. Identity is external_id.","USDA FoodData Central — SR Legacy (April 2018 release)"
"MEAL-261","طبق الكسكس بالكمون والليمون الأخضر مع الدجاج","Cumin-Lime Couscous Plate with Chicken","YES_DERIVED_FROM_PUBLISHED_READY","published","ready","post_workout","POST_WORKOUT","OFFICIAL_MEAL_TYPE","NO_OFFICIAL","NO_OFFICIAL","NO_OFFICIAL","NO_OFFICIAL","YES_OFFICIAL","NO","NO","676","39.3","67.8","27.5","6.3","qa.derived_fiber_g","515","g","1","صدر دجاج مطهو ومشوي / Chicken breast, cooked, roasted: 86g; كسكس مطهو / Couscous, cooked: 260g; فطر أبيض مطهو / White mushrooms, cooked: 84g; كوسا مطهوة / Zucchini, cooked: 52g; زيت زيتون / Olive oil: 23g; كمون / Cumin seed: 2g; عصير ليمون أخضر طازج / Lime juice, raw: 8g","سخّن أو حضّر كمية الدجاج المحددة وفق حالتها المطهوة المدرجة. | سخّن المكونات المطهوة وحضّر المكونات الطازجة من الكميات المحددة من الكسكس، الفطر، الكوسا، زيت الزيتون، الكمون، الليمون الأخضر مع الحفاظ على حالة كل مكوّن المسجلة. | رتّب الحصة كاملة في طبق خزفي مسطح ومحايد باستخدام الدجاج، الكسكس، الفطر، الكوسا، زيت الزيتون، الكمون، الليمون الأخضر فقط ووزّع الصلصات والتوابل بخفة وتساوٍ.","Warm or prepare the measured Chicken using its listed cooked form. | Warm cooked components and prepare fresh components from the measured Couscous, Mushrooms, Zucchini, Olive Oil, Cumin, Lime, keeping each food in its recorded state. | Arrange the complete serving in one flat neutral ceramic dinner plate using only Chicken, Couscous, Mushrooms, Zucchini, Olive Oil, Cumin, Lime; distribute sauces and seasonings lightly and evenly.","/nutrition/meals/MEAL-261/cover.webp","/nutrition/meals/MEAL-261/cover-thumb.webp","ready","FILES_PRESENT","{""calorie_band_kcal"":""600_plus"",""protein_band_g"":""30_39"",""carb_band_g"":""high"",""fat_band_g"":""high"",""meal_type_required"":true,""max_calorie_delta_pct"":10,""max_protein_delta_g"":8,""exclude_allergens"":true}","gluten","high_protein|high_fiber","NOT_AVAILABLE","NO_EXPLICIT_TAG","NO_EXPLICIT_TAG","fat_loss|maintenance|muscle_gain","Nutrition Library V2. USDA FoodData Central. One serving. Identity is external_id.","USDA FoodData Central — SR Legacy (April 2018 release)"
"MEAL-262","وعاء التونة بالزنجبيل والصويا مع الشوفان","Ginger-Soy Tuna Bowl with Oats","YES_DERIVED_FROM_PUBLISHED_READY","published","ready","post_workout","POST_WORKOUT","OFFICIAL_MEAL_TYPE","NO_OFFICIAL","NO_OFFICIAL","NO_OFFICIAL","NO_OFFICIAL","YES_OFFICIAL","NO","NO","418","34.8","23.3","20.6","4.7","qa.derived_fiber_g","299","g","1","تونة خفيفة معلبة بالماء ومصفاة / Light tuna, canned in water, drained: 117g; شوفان ملفوف جاف / Rolled oats, dry: 20g; خس روماني طازج / Romaine lettuce, raw: 79g; بصل طازج / Onion, raw: 49g; زيت زيتون / Olive oil: 18g; زنجبيل طازج / Ginger root, raw: 8g; صلصة صويا قليلة الصوديوم / Reduced-sodium soy sauce: 8g","سخّن أو حضّر كمية التونة المحددة وفق حالتها المطهوة المدرجة. | سخّن المكونات المطهوة وحضّر المكونات الطازجة من الكميات المحددة من الشوفان، الخس الروماني، البصل، زيت الزيتون، الزنجبيل، صلصة الصويا مع الحفاظ على حالة كل مكوّن المسجلة. | رتّب الحصة كاملة في وعاء حجري عريض وضحل باستخدام التونة، الشوفان، الخس الروماني، البصل، زيت الزيتون، الزنجبيل، صلصة الصويا فقط ووزّع الصلصات والتوابل بخفة وتساوٍ.","Warm or prepare the measured Tuna using its listed cooked form. | Warm cooked components and prepare fresh components from the measured Oats, Romaine, Onion, Olive Oil, Ginger, Soy Sauce, keeping each food in its recorded state. | Arrange the complete serving in one wide shallow stoneware bowl using only Tuna, Oats, Romaine, Onion, Olive Oil, Ginger, Soy Sauce; distribute sauces and seasonings lightly and evenly.","/nutrition/meals/MEAL-262/cover.webp","/nutrition/meals/MEAL-262/cover-thumb.webp","ready","FILES_PRESENT","{""calorie_band_kcal"":""300_449"",""protein_band_g"":""30_39"",""carb_band_g"":""low"",""fat_band_g"":""high"",""meal_type_required"":true,""max_calorie_delta_pct"":10,""max_protein_delta_g"":8,""exclude_allergens"":true}","fish|soy","pescatarian|high_protein|omega_3","NOT_AVAILABLE","NO_EXPLICIT_TAG","NO_EXPLICIT_TAG","fat_loss|maintenance|muscle_gain","Nutrition Library V2. USDA FoodData Central. One serving. Identity is external_id.","USDA FoodData Central — SR Legacy (April 2018 release)"
"MEAL-263","طبق اللحم البقري بالطحينة والليمون مع الشوفان","Tahini-Lemon Beef Plate with Oats","YES_DERIVED_FROM_PUBLISHED_READY","published","ready","post_workout","POST_WORKOUT","OFFICIAL_MEAL_TYPE","NO_OFFICIAL","NO_OFFICIAL","NO_OFFICIAL","NO_OFFICIAL","YES_OFFICIAL","NO","NO","450","25.3","35.7","22.9","6.4","qa.derived_fiber_g","274","g","1","لحم بقري من السيرلوين قليل الدهن ومشوي / Beef top sirloin, lean, cooked, grilled: 54g; شوفان ملفوف جاف / Rolled oats, dry: 39g; فطر أبيض مطهو / White mushrooms, cooked: 76g; خيار طازج بالقشر / Cucumber with peel, raw: 76g; زيت زيتون / Olive oil: 12g; طحينة سمسم / Sesame butter, tahini: 9g; عصير ليمون طازج / Lemon juice, raw: 8g","سخّن أو حضّر كمية اللحم البقري المحددة وفق حالتها المطهوة المدرجة. | سخّن المكونات المطهوة وحضّر المكونات الطازجة من الكميات المحددة من الشوفان، الفطر، الخيار، زيت الزيتون، الطحينة، الليمون مع الحفاظ على حالة كل مكوّن المسجلة. | رتّب الحصة كاملة في طبق خزفي مسطح ومحايد باستخدام اللحم البقري، الشوفان، الفطر، الخيار، زيت الزيتون، الطحينة، الليمون فقط ووزّع الصلصات والتوابل بخفة وتساوٍ.","Warm or prepare the measured Beef using its listed cooked form. | Warm cooked components and prepare fresh components from the measured Oats, Mushrooms, Cucumber, Olive Oil, Tahini, Lemon, keeping each food in its recorded state. | Arrange the complete serving in one flat neutral ceramic dinner plate using only Beef, Oats, Mushrooms, Cucumber, Olive Oil, Tahini, Lemon; distribute sauces and seasonings lightly and evenly.","/nutrition/meals/MEAL-263/cover.webp","/nutrition/meals/MEAL-263/cover-thumb.webp","ready","FILES_PRESENT","{""calorie_band_kcal"":""450_599"",""protein_band_g"":""20_29"",""carb_band_g"":""moderate"",""fat_band_g"":""high"",""meal_type_required"":true,""max_calorie_delta_pct"":10,""max_protein_delta_g"":8,""exclude_allergens"":true}","sesame","high_fiber","NOT_AVAILABLE","NO_EXPLICIT_TAG","NO_EXPLICIT_TAG","fat_loss|maintenance|muscle_gain","Nutrition Library V2. USDA FoodData Central. One serving. Identity is external_id.","USDA FoodData Central — SR Legacy (April 2018 release)"
"MEAL-264","وعاء الزبادي اليوناني بالتوت والشيا مع البرتقال والفراولة","Berry-Chia Greek Yogurt Bowl with Orange and Strawberries","YES_DERIVED_FROM_PUBLISHED_READY","published","ready","post_workout","POST_WORKOUT","OFFICIAL_MEAL_TYPE","NO_OFFICIAL","NO_OFFICIAL","NO_OFFICIAL","NO_OFFICIAL","YES_OFFICIAL","NO","YES_INFERRED_AUDIT","296","24.9","38.6","4.7","10","qa.derived_fiber_g","480","g","1","زبادي يوناني سادة خالي الدسم / Greek yogurt, plain, nonfat: 226g; برتقال طازج / Orange, raw: 35g; تفاح طازج بالقشر / Apple with skin, raw: 98g; فراولة طازجة / Strawberries, raw: 109g; بذور شيا مجففة / Dried chia seeds: 12g","ضع كمية الزبادي اليوناني المحددة في وعاء خزفي متوسط غير لامع. | حضّر وأضف الكميات المحددة من البرتقال، التفاح، الفراولة، بذور الشيا مع إبقاء قطع الفاكهة الأكبر واضحة. | اخلط أو رتّب الحصة كاملة باستخدام الزبادي اليوناني، البرتقال، التفاح، الفراولة، بذور الشيا فقط وقدّمها من دون زينة غير مدرجة.","Place the measured Greek Yogurt in one medium matte ceramic bowl. | Prepare and add the measured Orange, Apple, Strawberries, Chia, keeping larger fruit pieces visibly distinct. | Combine or arrange the complete serving using only Greek Yogurt, Orange, Apple, Strawberries, Chia; serve without unlisted garnish.","/nutrition/meals/MEAL-264/cover.webp","/nutrition/meals/MEAL-264/cover-thumb.webp","ready","FILES_PRESENT","{""calorie_band_kcal"":""under_300"",""protein_band_g"":""20_29"",""carb_band_g"":""moderate"",""fat_band_g"":""low"",""meal_type_required"":true,""max_calorie_delta_pct"":10,""max_protein_delta_g"":8,""exclude_allergens"":true}","milk","vegetarian|pescatarian|gluten_free|high_fiber|omega_3","NOT_AVAILABLE","YES_EXPLICIT","NO_EXPLICIT_TAG","fat_loss|maintenance|muscle_gain","Nutrition Library V2. USDA FoodData Central. One serving. Identity is external_id.","USDA FoodData Central — SR Legacy (April 2018 release)"
"MEAL-265","وعاء الزبادي اليوناني بالبرتقال والكتان مع التوت الأزرق والفراولة","Orange-Flax Greek Yogurt Bowl with Blueberries and Strawberries","YES_DERIVED_FROM_PUBLISHED_READY","published","ready","post_workout","POST_WORKOUT","OFFICIAL_MEAL_TYPE","NO_OFFICIAL","NO_OFFICIAL","NO_OFFICIAL","NO_OFFICIAL","YES_OFFICIAL","NO","YES_INFERRED_AUDIT","249","31.1","25.6","2.5","4.2","qa.derived_fiber_g","451","g","1","زبادي يوناني سادة خالي الدسم / Greek yogurt, plain, nonfat: 310g; توت أزرق طازج / Blueberries, raw: 25g; مانجو طازجة / Mango, raw: 25g; فراولة طازجة / Strawberries, raw: 88g; بذور كتان / Flaxseed: 3g","ضع كمية الزبادي اليوناني المحددة في وعاء خزفي متوسط غير لامع. | حضّر وأضف الكميات المحددة من التوت الأزرق، المانجو، الفراولة، بذور الكتان مع إبقاء قطع الفاكهة الأكبر واضحة. | اخلط أو رتّب الحصة كاملة باستخدام الزبادي اليوناني، التوت الأزرق، المانجو، الفراولة، بذور الكتان فقط وقدّمها من دون زينة غير مدرجة.","Place the measured Greek Yogurt in one medium matte ceramic bowl. | Prepare and add the measured Blueberries, Mango, Strawberries, Flaxseed, keeping larger fruit pieces visibly distinct. | Combine or arrange the complete serving using only Greek Yogurt, Blueberries, Mango, Strawberries, Flaxseed; serve without unlisted garnish.","/nutrition/meals/MEAL-265/cover.webp","/nutrition/meals/MEAL-265/cover-thumb.webp","ready","FILES_PRESENT","{""calorie_band_kcal"":""under_300"",""protein_band_g"":""30_39"",""carb_band_g"":""moderate"",""fat_band_g"":""low"",""meal_type_required"":true,""max_calorie_delta_pct"":10,""max_protein_delta_g"":8,""exclude_allergens"":true}","milk","vegetarian|pescatarian|gluten_free|high_protein","NOT_AVAILABLE","YES_EXPLICIT","NO_EXPLICIT_TAG","fat_loss|maintenance|muscle_gain","Nutrition Library V2. USDA FoodData Central. One serving. Identity is external_id.","USDA FoodData Central — SR Legacy (April 2018 release)"
"MEAL-266","وعاء الكسكس بالثوم والبابريكا مع السلمون والبصل","Garlic-Paprika Couscous Bowl with Salmon and Onion","YES_DERIVED_FROM_PUBLISHED_READY","published","ready","post_workout","POST_WORKOUT","OFFICIAL_MEAL_TYPE","NO_OFFICIAL","NO_OFFICIAL","NO_OFFICIAL","NO_OFFICIAL","YES_OFFICIAL","NO","NO","646","18.6","62.4","35.8","7.3","qa.derived_fiber_g","487","g","1","سلمون أطلسي مطهو بحرارة جافة / Atlantic salmon, cooked with dry heat: 40g; كسكس مطهو / Couscous, cooked: 178g; فلفل حلو أحمر طازج / Red bell pepper, raw: 101g; بصل طازج / Onion, raw: 130g; زيت زيتون / Olive oil: 30g; ثوم طازج / Garlic, raw: 7g; بابريكا / Paprika: 1g","سخّن أو حضّر كمية السلمون المحددة وفق حالتها المطهوة المدرجة. | سخّن المكونات المطهوة وحضّر المكونات الطازجة من الكميات المحددة من الكسكس، الفلفل الأحمر، البصل، زيت الزيتون، الثوم، البابريكا مع الحفاظ على حالة كل مكوّن المسجلة. | رتّب الحصة كاملة في وعاء حجري عريض وضحل باستخدام السلمون، الكسكس، الفلفل الأحمر، البصل، زيت الزيتون، الثوم، البابريكا فقط ووزّع الصلصات والتوابل بخفة وتساوٍ.","Warm or prepare the measured Salmon using its listed cooked form. | Warm cooked components and prepare fresh components from the measured Couscous, Red Pepper, Onion, Olive Oil, Garlic, Paprika, keeping each food in its recorded state. | Arrange the complete serving in one wide shallow stoneware bowl using only Salmon, Couscous, Red Pepper, Onion, Olive Oil, Garlic, Paprika; distribute sauces and seasonings lightly and evenly.","/nutrition/meals/MEAL-266/cover.webp","/nutrition/meals/MEAL-266/cover-thumb.webp","ready","FILES_PRESENT","{""calorie_band_kcal"":""600_plus"",""protein_band_g"":""under_20"",""carb_band_g"":""high"",""fat_band_g"":""high"",""meal_type_required"":true,""max_calorie_delta_pct"":10,""max_protein_delta_g"":8,""exclude_allergens"":true}","gluten|fish","pescatarian|high_fiber","NOT_AVAILABLE","NO_EXPLICIT_TAG","NO_EXPLICIT_TAG","fat_loss|maintenance|muscle_gain","Nutrition Library V2. USDA FoodData Central. One serving. Identity is external_id.","USDA FoodData Central — SR Legacy (April 2018 release)"
"MEAL-267","طبق السلمون بالكمون والليمون الأخضر مع البرغل","Cumin-Lime Salmon Plate with Bulgur","YES_DERIVED_FROM_PUBLISHED_READY","published","ready","post_workout","POST_WORKOUT","OFFICIAL_MEAL_TYPE","NO_OFFICIAL","NO_OFFICIAL","NO_OFFICIAL","NO_OFFICIAL","YES_OFFICIAL","NO","NO","478","39.1","32.8","21.2","9.3","qa.derived_fiber_g","405","g","1","سلمون أطلسي مطهو بحرارة جافة / Atlantic salmon, cooked with dry heat: 140g; برغل مطهو / Bulgur, cooked: 120g; فطر أبيض مطهو / White mushrooms, cooked: 80g; بروكلي مطهو / Broccoli, cooked: 50g; زبدة فول سوداني ناعمة / Smooth peanut butter: 5g; كمون / Cumin seed: 2g; عصير ليمون أخضر طازج / Lime juice, raw: 8g","سخّن أو حضّر كمية السلمون المحددة وفق حالتها المطهوة المدرجة. | سخّن المكونات المطهوة وحضّر المكونات الطازجة من الكميات المحددة من البرغل، الفطر، البروكلي، زبدة الفول السوداني، الكمون، الليمون الأخضر مع الحفاظ على حالة كل مكوّن المسجلة. | رتّب الحصة كاملة في طبق خزفي مسطح ومحايد باستخدام السلمون، البرغل، الفطر، البروكلي، زبدة الفول السوداني، الكمون، الليمون الأخضر فقط ووزّع الصلصات والتوابل بخفة وتساوٍ.","Warm or prepare the measured Salmon using its listed cooked form. | Warm cooked components and prepare fresh components from the measured Bulgur, Mushrooms, Broccoli, Peanut Butter, Cumin, Lime, keeping each food in its recorded state. | Arrange the complete serving in one flat neutral ceramic dinner plate using only Salmon, Bulgur, Mushrooms, Broccoli, Peanut Butter, Cumin, Lime; distribute sauces and seasonings lightly and evenly.","/nutrition/meals/MEAL-267/cover.webp","/nutrition/meals/MEAL-267/cover-thumb.webp","ready","FILES_PRESENT","{""calorie_band_kcal"":""450_599"",""protein_band_g"":""30_39"",""carb_band_g"":""moderate"",""fat_band_g"":""high"",""meal_type_required"":true,""max_calorie_delta_pct"":10,""max_protein_delta_g"":8,""exclude_allergens"":true}","gluten|fish|peanuts","pescatarian|high_protein|high_fiber|omega_3","NOT_AVAILABLE","NO_EXPLICIT_TAG","NO_EXPLICIT_TAG","fat_loss|maintenance|muscle_gain","Nutrition Library V2. USDA FoodData Central. One serving. Identity is external_id.","USDA FoodData Central — SR Legacy (April 2018 release)"
"MEAL-268","وعاء البطاطس بالزنجبيل والصويا مع الزبادي اليوناني","Ginger-Soy Potato Bowl with Greek Yogurt","YES_DERIVED_FROM_PUBLISHED_READY","published","ready","post_workout","POST_WORKOUT","OFFICIAL_MEAL_TYPE","NO_OFFICIAL","NO_OFFICIAL","NO_OFFICIAL","NO_OFFICIAL","YES_OFFICIAL","NO","NO","423","11.7","35.9","25.8","5.6","qa.derived_fiber_g","361","g","1","زبادي يوناني سادة خالي الدسم / Greek yogurt, plain, nonfat: 70g; بطاطس مشوية بالقشر / Baked potato with skin: 120g; خس روماني طازج / Romaine lettuce, raw: 80g; جزر طازج / Carrot, raw: 50g; زيت زيتون / Olive oil: 25g; زنجبيل طازج / Ginger root, raw: 8g; صلصة صويا قليلة الصوديوم / Reduced-sodium soy sauce: 8g","سخّن أو حضّر كمية الزبادي اليوناني المحددة وفق حالتها المطهوة المدرجة. | سخّن المكونات المطهوة وحضّر المكونات الطازجة من الكميات المحددة من البطاطس، الخس الروماني، الجزر، زيت الزيتون، الزنجبيل، صلصة الصويا مع الحفاظ على حالة كل مكوّن المسجلة. | رتّب الحصة كاملة في وعاء حجري عريض وضحل باستخدام الزبادي اليوناني، البطاطس، الخس الروماني، الجزر، زيت الزيتون، الزنجبيل، صلصة الصويا فقط ووزّع الصلصات والتوابل بخفة وتساوٍ.","Warm or prepare the measured Greek Yogurt using its listed cooked form. | Warm cooked components and prepare fresh components from the measured Potato, Romaine, Carrot, Olive Oil, Ginger, Soy Sauce, keeping each food in its recorded state. | Arrange the complete serving in one wide shallow stoneware bowl using only Greek Yogurt, Potato, Romaine, Carrot, Olive Oil, Ginger, Soy Sauce; distribute sauces and seasonings lightly and evenly.","/nutrition/meals/MEAL-268/cover.webp","/nutrition/meals/MEAL-268/cover-thumb.webp","ready","FILES_PRESENT","{""calorie_band_kcal"":""300_449"",""protein_band_g"":""under_20"",""carb_band_g"":""moderate"",""fat_band_g"":""high"",""meal_type_required"":true,""max_calorie_delta_pct"":10,""max_protein_delta_g"":8,""exclude_allergens"":true}","milk|soy","vegetarian|pescatarian","NOT_AVAILABLE","YES_EXPLICIT","NO_EXPLICIT_TAG","fat_loss|maintenance","Nutrition Library V2. USDA FoodData Central. One serving. Identity is external_id.","USDA FoodData Central — SR Legacy (April 2018 release)"
"MEAL-269","طبق الكينوا بالطحينة والليمون مع بياض البيض","Tahini-Lemon Quinoa Plate with Egg White","YES_DERIVED_FROM_PUBLISHED_READY","published","ready","post_workout","POST_WORKOUT","OFFICIAL_MEAL_TYPE","NO_OFFICIAL","NO_OFFICIAL","NO_OFFICIAL","NO_OFFICIAL","YES_OFFICIAL","NO","YES_INFERRED_AUDIT","453","25.1","50","17","8.2","qa.derived_fiber_g","469","g","1","بياض بيض طازج / Egg white, raw, fresh: 131g; كينوا مطهوة / Quinoa, cooked: 195g; خس روماني طازج / Romaine lettuce, raw: 48g; فلفل حلو أحمر طازج / Red bell pepper, raw: 72g; زيت زيتون / Olive oil: 10g; طحينة سمسم / Sesame butter, tahini: 5g; عصير ليمون طازج / Lemon juice, raw: 8g","اطهُ بياض البيض في مقلاة غير لاصقة حتى يصبح معتمًا تمامًا وتصل الحرارة الداخلية إلى 74°م (165°ف). | سخّن المكونات المطهوة وحضّر المكونات الطازجة من الكميات المحددة من الكينوا، الخس الروماني، الفلفل الأحمر، زيت الزيتون، الطحينة، الليمون مع الحفاظ على حالة كل مكوّن المسجلة. | رتّب الحصة كاملة في طبق خزفي مسطح ومحايد باستخدام بياض البيض، الكينوا، الخس الروماني، الفلفل الأحمر، زيت الزيتون، الطحينة، الليمون فقط ووزّع الصلصات والتوابل بخفة وتساوٍ.","Cook the Egg White in a nonstick pan until fully opaque and the center reaches 74°C (165°F). | Warm cooked components and prepare fresh components from the measured Quinoa, Romaine, Red Pepper, Olive Oil, Tahini, Lemon, keeping each food in its recorded state. | Arrange the complete serving in one flat neutral ceramic dinner plate using only Egg White, Quinoa, Romaine, Red Pepper, Olive Oil, Tahini, Lemon; distribute sauces and seasonings lightly and evenly.","/nutrition/meals/MEAL-269/cover.webp","/nutrition/meals/MEAL-269/cover-thumb.webp","ready","FILES_PRESENT","{""calorie_band_kcal"":""450_599"",""protein_band_g"":""20_29"",""carb_band_g"":""high"",""fat_band_g"":""moderate"",""meal_type_required"":true,""max_calorie_delta_pct"":10,""max_protein_delta_g"":8,""exclude_allergens"":true}","egg|sesame","vegetarian|pescatarian|gluten_free|high_fiber","NOT_AVAILABLE","YES_EXPLICIT","NO_EXPLICIT_TAG","fat_loss|maintenance|muscle_gain","Nutrition Library V2. USDA FoodData Central. One serving. Identity is external_id.","USDA FoodData Central — SR Legacy (April 2018 release)"
"MEAL-270","وعاء الدجاج بالطماطم والبقدونس مع الأرز البني","Tomato-Parsley Chicken Bowl with Brown Rice","YES_DERIVED_FROM_PUBLISHED_READY","published","ready","post_workout","POST_WORKOUT","OFFICIAL_MEAL_TYPE","NO_OFFICIAL","NO_OFFICIAL","NO_OFFICIAL","NO_OFFICIAL","YES_OFFICIAL","NO","YES_INFERRED_AUDIT","297","30.9","21.8","9.6","7.2","qa.derived_fiber_g","336","g","1","صدر دجاج مطهو ومشوي / Chicken breast, cooked, roasted: 80g; أرز بني مطهو / Brown rice, cooked: 41g; سبانخ مطهوة / Spinach, cooked: 74g; فطر أبيض مطهو / White mushrooms, cooked: 74g; أفوكادو طازج / Avocado, raw: 39g; طماطم طازجة / Tomato, raw: 20g; بقدونس طازج / Fresh parsley: 8g","سخّن أو حضّر كمية الدجاج المحددة وفق حالتها المطهوة المدرجة. | سخّن المكونات المطهوة وحضّر المكونات الطازجة من الكميات المحددة من الأرز البني، السبانخ، الفطر، الأفوكادو، الطماطم، البقدونس مع الحفاظ على حالة كل مكوّن المسجلة. | رتّب الحصة كاملة في وعاء حجري عريض وضحل باستخدام الدجاج، الأرز البني، السبانخ، الفطر، الأفوكادو، الطماطم، البقدونس فقط ووزّع الصلصات والتوابل بخفة وتساوٍ.","Warm or prepare the measured Chicken using its listed cooked form. | Warm cooked components and prepare fresh components from the measured Brown Rice, Spinach, Mushrooms, Avocado, Tomato, Parsley, keeping each food in its recorded state. | Arrange the complete serving in one wide shallow stoneware bowl using only Chicken, Brown Rice, Spinach, Mushrooms, Avocado, Tomato, Parsley; distribute sauces and seasonings lightly and evenly.","/nutrition/meals/MEAL-270/cover.webp","/nutrition/meals/MEAL-270/cover-thumb.webp","ready","FILES_PRESENT","{""calorie_band_kcal"":""under_300"",""protein_band_g"":""30_39"",""carb_band_g"":""low"",""fat_band_g"":""moderate"",""meal_type_required"":true,""max_calorie_delta_pct"":10,""max_protein_delta_g"":8,""exclude_allergens"":true}","NOT_AVAILABLE","gluten_free|high_protein|high_fiber","NOT_AVAILABLE","NO_EXPLICIT_TAG","NO_EXPLICIT_TAG","fat_loss|maintenance|muscle_gain","Nutrition Library V2. USDA FoodData Central. One serving. Identity is external_id.","USDA FoodData Central — SR Legacy (April 2018 release)"
"MEAL-271","طبق الكينوا بالطماطم والبقدونس مع الدجاج","Tomato-Parsley Quinoa Plate with Chicken","YES_DERIVED_FROM_PUBLISHED_READY","published","ready","post_workout","POST_WORKOUT","OFFICIAL_MEAL_TYPE","NO_OFFICIAL","NO_OFFICIAL","NO_OFFICIAL","NO_OFFICIAL","YES_OFFICIAL","NO","YES_INFERRED_AUDIT","418","24.8","49.1","13.6","11.9","qa.derived_fiber_g","471","g","1","صدر دجاج مطهو ومشوي / Chicken breast, cooked, roasted: 40g; كينوا مطهوة / Quinoa, cooked: 175g; سبانخ مطهوة / Spinach, cooked: 71g; كوسا مطهوة / Zucchini, cooked: 72g; أفوكادو طازج / Avocado, raw: 56g; طماطم طازجة / Tomato, raw: 49g; بقدونس طازج / Fresh parsley: 8g","سخّن أو حضّر كمية الدجاج المحددة وفق حالتها المطهوة المدرجة. | سخّن المكونات المطهوة وحضّر المكونات الطازجة من الكميات المحددة من الكينوا، السبانخ، الكوسا، الأفوكادو، الطماطم، البقدونس مع الحفاظ على حالة كل مكوّن المسجلة. | رتّب الحصة كاملة في طبق خزفي مسطح ومحايد باستخدام الدجاج، الكينوا، السبانخ، الكوسا، الأفوكادو، الطماطم، البقدونس فقط ووزّع الصلصات والتوابل بخفة وتساوٍ.","Warm or prepare the measured Chicken using its listed cooked form. | Warm cooked components and prepare fresh components from the measured Quinoa, Spinach, Zucchini, Avocado, Tomato, Parsley, keeping each food in its recorded state. | Arrange the complete serving in one flat neutral ceramic dinner plate using only Chicken, Quinoa, Spinach, Zucchini, Avocado, Tomato, Parsley; distribute sauces and seasonings lightly and evenly.","/nutrition/meals/MEAL-271/cover.webp","/nutrition/meals/MEAL-271/cover-thumb.webp","ready","FILES_PRESENT","{""calorie_band_kcal"":""300_449"",""protein_band_g"":""20_29"",""carb_band_g"":""moderate"",""fat_band_g"":""moderate"",""meal_type_required"":true,""max_calorie_delta_pct"":10,""max_protein_delta_g"":8,""exclude_allergens"":true}","NOT_AVAILABLE","gluten_free|high_fiber","NOT_AVAILABLE","NO_EXPLICIT_TAG","NO_EXPLICIT_TAG","fat_loss|maintenance|muscle_gain","Nutrition Library V2. USDA FoodData Central. One serving. Identity is external_id.","USDA FoodData Central — SR Legacy (April 2018 release)"
"MEAL-272","وعاء معكرونة القمح الكامل بالثوم والبابريكا مع السلمون","Garlic-Paprika Whole-Wheat Pasta Bowl with Salmon","YES_DERIVED_FROM_PUBLISHED_READY","published","ready","post_workout","POST_WORKOUT","OFFICIAL_MEAL_TYPE","NO_OFFICIAL","NO_OFFICIAL","NO_OFFICIAL","NO_OFFICIAL","YES_OFFICIAL","NO","NO","646","24.9","56.3","35.7","9.5","qa.derived_fiber_g","375","g","1","سلمون أطلسي مطهو بحرارة جافة / Atlantic salmon, cooked with dry heat: 60g; معكرونة قمح كامل مطهوة / Whole-wheat pasta, cooked: 150g; فلفل حلو أحمر طازج / Red bell pepper, raw: 80g; فطر أبيض مطهو / White mushrooms, cooked: 50g; زيت زيتون / Olive oil: 25g; ثوم طازج / Garlic, raw: 8g; بابريكا / Paprika: 2g","سخّن أو حضّر كمية السلمون المحددة وفق حالتها المطهوة المدرجة. | سخّن المكونات المطهوة وحضّر المكونات الطازجة من الكميات المحددة من معكرونة القمح الكامل، الفلفل الأحمر، الفطر، زيت الزيتون، الثوم، البابريكا مع الحفاظ على حالة كل مكوّن المسجلة. | رتّب الحصة كاملة في وعاء حجري عريض وضحل باستخدام السلمون، معكرونة القمح الكامل، الفلفل الأحمر، الفطر، زيت الزيتون، الثوم، البابريكا فقط ووزّع الصلصات والتوابل بخفة وتساوٍ.","Warm or prepare the measured Salmon using its listed cooked form. | Warm cooked components and prepare fresh components from the measured Whole-Wheat Pasta, Red Pepper, Mushrooms, Olive Oil, Garlic, Paprika, keeping each food in its recorded state. | Arrange the complete serving in one wide shallow stoneware bowl using only Salmon, Whole-Wheat Pasta, Red Pepper, Mushrooms, Olive Oil, Garlic, Paprika; distribute sauces and seasonings lightly and evenly.","/nutrition/meals/MEAL-272/cover.webp","/nutrition/meals/MEAL-272/cover-thumb.webp","ready","FILES_PRESENT","{""calorie_band_kcal"":""600_plus"",""protein_band_g"":""20_29"",""carb_band_g"":""high"",""fat_band_g"":""high"",""meal_type_required"":true,""max_calorie_delta_pct"":10,""max_protein_delta_g"":8,""exclude_allergens"":true}","gluten|fish","pescatarian|high_fiber|omega_3","NOT_AVAILABLE","NO_EXPLICIT_TAG","NO_EXPLICIT_TAG","fat_loss|maintenance|muscle_gain","Nutrition Library V2. USDA FoodData Central. One serving. Identity is external_id.","USDA FoodData Central — SR Legacy (April 2018 release)"
"MEAL-273","وعاء الزبادي اليوناني بالتوت والشيا مع خبز القمح الكامل","Berry-Chia Greek Yogurt Bowl with Whole-Wheat Bread","YES_DERIVED_FROM_PUBLISHED_READY","published","ready","post_workout","POST_WORKOUT","OFFICIAL_MEAL_TYPE","NO_OFFICIAL","NO_OFFICIAL","NO_OFFICIAL","NO_OFFICIAL","YES_OFFICIAL","NO","YES_INFERRED_AUDIT","680","39","93.6","16.6","17","qa.derived_fiber_g","532","g","1","زبادي يوناني سادة خالي الدسم / Greek yogurt, plain, nonfat: 195g; خبز قمح كامل / Whole-wheat bread: 107g; فراولة طازجة / Strawberries, raw: 46g; موز طازج / Banana, raw: 87g; لوز / Almonds: 18g; توت أزرق طازج / Blueberries, raw: 70g; بذور شيا مجففة / Dried chia seeds: 9g","ضع كمية الزبادي اليوناني المحددة في وعاء خزفي متوسط غير لامع. | حضّر وأضف الكميات المحددة من خبز القمح الكامل، الفراولة، الموز، اللوز، التوت الأزرق، بذور الشيا مع إبقاء قطع الفاكهة الأكبر واضحة. | اخلط أو رتّب الحصة كاملة باستخدام الزبادي اليوناني، خبز القمح الكامل، الفراولة، الموز، اللوز، التوت الأزرق، بذور الشيا فقط وقدّمها من دون زينة غير مدرجة.","Place the measured Greek Yogurt in one medium matte ceramic bowl. | Prepare and add the measured Whole-Wheat Bread, Strawberries, Banana, Almonds, Blueberries, Chia, keeping larger fruit pieces visibly distinct. | Combine or arrange the complete serving using only Greek Yogurt, Whole-Wheat Bread, Strawberries, Banana, Almonds, Blueberries, Chia; serve without unlisted garnish.","/nutrition/meals/MEAL-273/cover.webp","/nutrition/meals/MEAL-273/cover-thumb.webp","ready","FILES_PRESENT","{""calorie_band_kcal"":""600_plus"",""protein_band_g"":""30_39"",""carb_band_g"":""high"",""fat_band_g"":""moderate"",""meal_type_required"":true,""max_calorie_delta_pct"":10,""max_protein_delta_g"":8,""exclude_allergens"":true}","milk|gluten|tree_nuts","vegetarian|pescatarian|high_protein|high_fiber|omega_3","NOT_AVAILABLE","YES_EXPLICIT","NO_EXPLICIT_TAG","fat_loss|maintenance|muscle_gain","Nutrition Library V2. USDA FoodData Central. One serving. Identity is external_id.","USDA FoodData Central — SR Legacy (April 2018 release)"
"MEAL-274","وعاء الزبادي اليوناني بالمانجو والزنجبيل مع البطاطا الحلوة","Mango-Ginger Greek Yogurt Bowl with Sweet Potato","YES_DERIVED_FROM_PUBLISHED_READY","published","ready","post_workout","POST_WORKOUT","OFFICIAL_MEAL_TYPE","NO_OFFICIAL","NO_OFFICIAL","NO_OFFICIAL","NO_OFFICIAL","YES_OFFICIAL","NO","YES_INFERRED_AUDIT","617","34.9","82.2","16.5","12.4","qa.derived_fiber_g","649","g","1","زبادي يوناني سادة خالي الدسم / Greek yogurt, plain, nonfat: 271g; بطاطا حلوة مشوية / Baked sweet potato: 209g; موز طازج / Banana, raw: 59g; توت أزرق طازج / Blueberries, raw: 54g; جوز / Walnuts: 23g; مانجو طازجة / Mango, raw: 25g; زنجبيل طازج / Ginger root, raw: 8g","ضع كمية الزبادي اليوناني المحددة في وعاء خزفي متوسط غير لامع. | حضّر وأضف الكميات المحددة من البطاطا الحلوة، الموز، التوت الأزرق، الجوز، المانجو، الزنجبيل مع إبقاء قطع الفاكهة الأكبر واضحة. | اخلط أو رتّب الحصة كاملة باستخدام الزبادي اليوناني، البطاطا الحلوة، الموز، التوت الأزرق، الجوز، المانجو، الزنجبيل فقط وقدّمها من دون زينة غير مدرجة.","Place the measured Greek Yogurt in one medium matte ceramic bowl. | Prepare and add the measured Sweet Potato, Banana, Blueberries, Walnuts, Mango, Ginger, keeping larger fruit pieces visibly distinct. | Combine or arrange the complete serving using only Greek Yogurt, Sweet Potato, Banana, Blueberries, Walnuts, Mango, Ginger; serve without unlisted garnish.","/nutrition/meals/MEAL-274/cover.webp","/nutrition/meals/MEAL-274/cover-thumb.webp","ready","FILES_PRESENT","{""calorie_band_kcal"":""600_plus"",""protein_band_g"":""30_39"",""carb_band_g"":""high"",""fat_band_g"":""moderate"",""meal_type_required"":true,""max_calorie_delta_pct"":10,""max_protein_delta_g"":8,""exclude_allergens"":true}","milk|tree_nuts","vegetarian|pescatarian|gluten_free|high_protein|high_fiber|omega_3","NOT_AVAILABLE","YES_EXPLICIT","NO_EXPLICIT_TAG","fat_loss|maintenance|muscle_gain","Nutrition Library V2. USDA FoodData Central. One serving. Identity is external_id.","USDA FoodData Central — SR Legacy (April 2018 release)"
"MEAL-275","وعاء كريمي التوفو بالمانجو والزنجبيل مع التوت الأزرق","Mango-Ginger Tofu Silken-Style Bowl with Blueberries","YES_DERIVED_FROM_PUBLISHED_READY","published","ready","post_workout","POST_WORKOUT","OFFICIAL_MEAL_TYPE","NO_OFFICIAL","NO_OFFICIAL","NO_OFFICIAL","NO_OFFICIAL","YES_OFFICIAL","NO","NO","650","37.1","60.4","28.9","12","qa.derived_fiber_g","649","g","1","توفو متماسك محضر بالكالسيوم / Firm tofu prepared with calcium: 150g; حليب صويا سادة / Soy milk, plain: 142g; توت أزرق طازج / Blueberries, raw: 102g; فراولة طازجة / Strawberries, raw: 100g; طحينة سمسم / Sesame butter, tahini: 23g; مانجو طازجة / Mango, raw: 126g; زنجبيل طازج / Ginger root, raw: 6g","ضع كمية التوفو المحددة في وعاء خزفي صغير غير لامع. | حضّر وأضف الكميات المحددة من حليب الصويا، التوت الأزرق، الفراولة، الطحينة، المانجو، الزنجبيل مع إبقاء قطع الفاكهة الأكبر واضحة. | اخلط أو رتّب الحصة كاملة باستخدام التوفو، حليب الصويا، التوت الأزرق، الفراولة، الطحينة، المانجو، الزنجبيل فقط وقدّمها من دون زينة غير مدرجة.","Place the measured Tofu in one small matte ceramic bowl. | Prepare and add the measured Soy Milk, Blueberries, Strawberries, Tahini, Mango, Ginger, keeping larger fruit pieces visibly distinct. | Combine or arrange the complete serving using only Tofu, Soy Milk, Blueberries, Strawberries, Tahini, Mango, Ginger; serve without unlisted garnish.","/nutrition/meals/MEAL-275/cover.webp","/nutrition/meals/MEAL-275/cover-thumb.webp","ready","FILES_PRESENT","{""calorie_band_kcal"":""600_plus"",""protein_band_g"":""30_39"",""carb_band_g"":""high"",""fat_band_g"":""high"",""meal_type_required"":true,""max_calorie_delta_pct"":10,""max_protein_delta_g"":8,""exclude_allergens"":true}","sesame|soy","vegetarian|vegan|pescatarian|gluten_free|high_protein|high_fiber","NOT_AVAILABLE","YES_EXPLICIT","YES_EXPLICIT","fat_loss|maintenance|muscle_gain","Nutrition Library V2. USDA FoodData Central. One serving. Identity is external_id.","USDA FoodData Central — SR Legacy (April 2018 release)"
"MEAL-276","وعاء الزبادي اليوناني بالتوت والشيا مع المانجو","Berry-Chia Greek Yogurt Bowl with Mango","YES_DERIVED_FROM_PUBLISHED_READY","published","ready","post_workout","POST_WORKOUT","OFFICIAL_MEAL_TYPE","NO_OFFICIAL","NO_OFFICIAL","NO_OFFICIAL","NO_OFFICIAL","YES_OFFICIAL","NO","NO","678","39","72.1","26","18.7","qa.derived_fiber_g","648","g","1","زبادي يوناني سادة خالي الدسم / Greek yogurt, plain, nonfat: 267g; مانجو طازجة / Mango, raw: 180g; فراولة طازجة / Strawberries, raw: 25g; لوز / Almonds: 35g; توت أزرق طازج / Blueberries, raw: 119g; بذور شيا مجففة / Dried chia seeds: 22g","ضع كمية الزبادي اليوناني المحددة في وعاء خزفي متوسط غير لامع. | حضّر وأضف الكميات المحددة من المانجو، الفراولة، اللوز، التوت الأزرق، بذور الشيا مع إبقاء قطع الفاكهة الأكبر واضحة. | اخلط أو رتّب الحصة كاملة باستخدام الزبادي اليوناني، المانجو، الفراولة، اللوز، التوت الأزرق، بذور الشيا فقط وقدّمها من دون زينة غير مدرجة.","Place the measured Greek Yogurt in one medium matte ceramic bowl. | Prepare and add the measured Mango, Strawberries, Almonds, Blueberries, Chia, keeping larger fruit pieces visibly distinct. | Combine or arrange the complete serving using only Greek Yogurt, Mango, Strawberries, Almonds, Blueberries, Chia; serve without unlisted garnish.","/nutrition/meals/MEAL-276/cover.webp","/nutrition/meals/MEAL-276/cover-thumb.webp","ready","FILES_PRESENT","{""calorie_band_kcal"":""600_plus"",""protein_band_g"":""30_39"",""carb_band_g"":""high"",""fat_band_g"":""high"",""meal_type_required"":true,""max_calorie_delta_pct"":10,""max_protein_delta_g"":8,""exclude_allergens"":true}","milk|tree_nuts","vegetarian|pescatarian|gluten_free|high_protein|high_fiber|omega_3","NOT_AVAILABLE","YES_EXPLICIT","NO_EXPLICIT_TAG","fat_loss|maintenance|muscle_gain","Nutrition Library V2. USDA FoodData Central. One serving. Identity is external_id.","USDA FoodData Central — SR Legacy (April 2018 release)"
"MEAL-277","طبق الكسكس بالليمون والأعشاب مع الديك الرومي","Lemon-Herb Couscous Plate with Turkey","YES_DERIVED_FROM_PUBLISHED_READY","published","ready","post_workout","POST_WORKOUT","OFFICIAL_MEAL_TYPE","NO_OFFICIAL","NO_OFFICIAL","NO_OFFICIAL","NO_OFFICIAL","YES_OFFICIAL","NO","NO","620","25.3","64.9","28.8","7.8","qa.derived_fiber_g","469","g","1","صدر ديك رومي مطهو ومشوي / Turkey breast, cooked, roasted: 40g; كسكس مطهو / Couscous, cooked: 241g; سبانخ مطهوة / Spinach, cooked: 74g; بروكلي مطهو / Broccoli, cooked: 71g; زيت زيتون / Olive oil: 27g; عصير ليمون طازج / Lemon juice, raw: 8g; بقدونس طازج / Fresh parsley: 8g","سخّن أو حضّر كمية الديك الرومي المحددة وفق حالتها المطهوة المدرجة. | سخّن المكونات المطهوة وحضّر المكونات الطازجة من الكميات المحددة من الكسكس، السبانخ، البروكلي، زيت الزيتون، الليمون، البقدونس مع الحفاظ على حالة كل مكوّن المسجلة. | رتّب الحصة كاملة في طبق خزفي مسطح ومحايد باستخدام الديك الرومي، الكسكس، السبانخ، البروكلي، زيت الزيتون، الليمون، البقدونس فقط ووزّع الصلصات والتوابل بخفة وتساوٍ.","Warm or prepare the measured Turkey using its listed cooked form. | Warm cooked components and prepare fresh components from the measured Couscous, Spinach, Broccoli, Olive Oil, Lemon, Parsley, keeping each food in its recorded state. | Arrange the complete serving in one flat neutral ceramic dinner plate using only Turkey, Couscous, Spinach, Broccoli, Olive Oil, Lemon, Parsley; distribute sauces and seasonings lightly and evenly.","/nutrition/meals/MEAL-277/cover.webp","/nutrition/meals/MEAL-277/cover-thumb.webp","ready","FILES_PRESENT","{""calorie_band_kcal"":""600_plus"",""protein_band_g"":""20_29"",""carb_band_g"":""high"",""fat_band_g"":""high"",""meal_type_required"":true,""max_calorie_delta_pct"":10,""max_protein_delta_g"":8,""exclude_allergens"":true}","gluten","high_fiber","NOT_AVAILABLE","NO_EXPLICIT_TAG","NO_EXPLICIT_TAG","fat_loss|maintenance|muscle_gain","Nutrition Library V2. USDA FoodData Central. One serving. Identity is external_id.","USDA FoodData Central — SR Legacy (April 2018 release)"
"MEAL-278","وعاء الزبادي اليوناني بالثوم والبابريكا مع الأرز الأبيض","Garlic-Paprika Greek Yogurt Bowl with White Rice","YES_DERIVED_FROM_PUBLISHED_READY","published","ready","post_workout","POST_WORKOUT","OFFICIAL_MEAL_TYPE","NO_OFFICIAL","NO_OFFICIAL","NO_OFFICIAL","NO_OFFICIAL","YES_OFFICIAL","NO","YES_INFERRED_AUDIT","451","37","65","4.8","6.3","qa.derived_fiber_g","620","g","1","زبادي يوناني سادة خالي الدسم / Greek yogurt, plain, nonfat: 310g; أرز أبيض مطهو / White rice, cooked: 150g; فلفل حلو أحمر طازج / Red bell pepper, raw: 80g; سبانخ مطهوة / Spinach, cooked: 50g; أفوكادو طازج / Avocado, raw: 20g; ثوم طازج / Garlic, raw: 8g; بابريكا / Paprika: 2g","سخّن أو حضّر كمية الزبادي اليوناني المحددة وفق حالتها المطهوة المدرجة. | سخّن المكونات المطهوة وحضّر المكونات الطازجة من الكميات المحددة من الأرز الأبيض، الفلفل الأحمر، السبانخ، الأفوكادو، الثوم، البابريكا مع الحفاظ على حالة كل مكوّن المسجلة. | رتّب الحصة كاملة في وعاء حجري عريض وضحل باستخدام الزبادي اليوناني، الأرز الأبيض، الفلفل الأحمر، السبانخ، الأفوكادو، الثوم، البابريكا فقط ووزّع الصلصات والتوابل بخفة وتساوٍ.","Warm or prepare the measured Greek Yogurt using its listed cooked form. | Warm cooked components and prepare fresh components from the measured White Rice, Red Pepper, Spinach, Avocado, Garlic, Paprika, keeping each food in its recorded state. | Arrange the complete serving in one wide shallow stoneware bowl using only Greek Yogurt, White Rice, Red Pepper, Spinach, Avocado, Garlic, Paprika; distribute sauces and seasonings lightly and evenly.","/nutrition/meals/MEAL-278/cover.webp","/nutrition/meals/MEAL-278/cover-thumb.webp","ready","FILES_PRESENT","{""calorie_band_kcal"":""450_599"",""protein_band_g"":""30_39"",""carb_band_g"":""high"",""fat_band_g"":""low"",""meal_type_required"":true,""max_calorie_delta_pct"":10,""max_protein_delta_g"":8,""exclude_allergens"":true}","milk","vegetarian|pescatarian|gluten_free|high_protein|high_fiber","NOT_AVAILABLE","YES_EXPLICIT","NO_EXPLICIT_TAG","fat_loss|maintenance|muscle_gain","Nutrition Library V2. USDA FoodData Central. One serving. Identity is external_id.","USDA FoodData Central — SR Legacy (April 2018 release)"
"MEAL-279","وعاء البطاطس بالكمون والليمون الأخضر مع الزبادي اليوناني","Cumin-Lime Potato Bowl with Greek Yogurt","YES_DERIVED_FROM_PUBLISHED_READY","published","ready","post_workout","POST_WORKOUT","OFFICIAL_MEAL_TYPE","NO_OFFICIAL","NO_OFFICIAL","NO_OFFICIAL","NO_OFFICIAL","YES_OFFICIAL","NO","YES_INFERRED_AUDIT","478","25","72.8","9.7","11.7","qa.derived_fiber_g","640","g","1","زبادي يوناني سادة خالي الدسم / Greek yogurt, plain, nonfat: 150g; بطاطس مشوية بالقشر / Baked potato with skin: 280g; فطر أبيض مطهو / White mushrooms, cooked: 91g; كوسا مطهوة / Zucchini, cooked: 56g; أفوكادو طازج / Avocado, raw: 52g; كمون / Cumin seed: 3g; عصير ليمون أخضر طازج / Lime juice, raw: 8g","سخّن أو حضّر كمية الزبادي اليوناني المحددة وفق حالتها المطهوة المدرجة. | سخّن المكونات المطهوة وحضّر المكونات الطازجة من الكميات المحددة من البطاطس، الفطر، الكوسا، الأفوكادو، الكمون، الليمون الأخضر مع الحفاظ على حالة كل مكوّن المسجلة. | رتّب الحصة كاملة في وعاء حجري عريض وضحل باستخدام الزبادي اليوناني، البطاطس، الفطر، الكوسا، الأفوكادو، الكمون، الليمون الأخضر فقط ووزّع الصلصات والتوابل بخفة وتساوٍ.","Warm or prepare the measured Greek Yogurt using its listed cooked form. | Warm cooked components and prepare fresh components from the measured Potato, Mushrooms, Zucchini, Avocado, Cumin, Lime, keeping each food in its recorded state. | Arrange the complete serving in one wide shallow stoneware bowl using only Greek Yogurt, Potato, Mushrooms, Zucchini, Avocado, Cumin, Lime; distribute sauces and seasonings lightly and evenly.","/nutrition/meals/MEAL-279/cover.webp","/nutrition/meals/MEAL-279/cover-thumb.webp","ready","FILES_PRESENT","{""calorie_band_kcal"":""450_599"",""protein_band_g"":""20_29"",""carb_band_g"":""high"",""fat_band_g"":""moderate"",""meal_type_required"":true,""max_calorie_delta_pct"":10,""max_protein_delta_g"":8,""exclude_allergens"":true}","milk","vegetarian|pescatarian|gluten_free|high_fiber","NOT_AVAILABLE","YES_EXPLICIT","NO_EXPLICIT_TAG","fat_loss|maintenance|muscle_gain","Nutrition Library V2. USDA FoodData Central. One serving. Identity is external_id.","USDA FoodData Central — SR Legacy (April 2018 release)"
"MEAL-280","وعاء الكينوا بالزنجبيل والصويا مع الدجاج","Ginger-Soy Quinoa Bowl with Chicken","YES_DERIVED_FROM_PUBLISHED_READY","published","ready","post_workout","POST_WORKOUT","OFFICIAL_MEAL_TYPE","NO_OFFICIAL","NO_OFFICIAL","NO_OFFICIAL","NO_OFFICIAL","YES_OFFICIAL","NO","YES_INFERRED_AUDIT","416","35","47.8","9.4","8.8","qa.derived_fiber_g","416","g","1","صدر دجاج مطهو ومشوي / Chicken breast, cooked, roasted: 80g; كينوا مطهوة / Quinoa, cooked: 170g; خس روماني طازج / Romaine lettuce, raw: 80g; بصل طازج / Onion, raw: 50g; أفوكادو طازج / Avocado, raw: 20g; زنجبيل طازج / Ginger root, raw: 8g; صلصة صويا قليلة الصوديوم / Reduced-sodium soy sauce: 8g","سخّن أو حضّر كمية الدجاج المحددة وفق حالتها المطهوة المدرجة. | سخّن المكونات المطهوة وحضّر المكونات الطازجة من الكميات المحددة من الكينوا، الخس الروماني، البصل، الأفوكادو، الزنجبيل، صلصة الصويا مع الحفاظ على حالة كل مكوّن المسجلة. | رتّب الحصة كاملة في وعاء حجري عريض وضحل باستخدام الدجاج، الكينوا، الخس الروماني، البصل، الأفوكادو، الزنجبيل، صلصة الصويا فقط ووزّع الصلصات والتوابل بخفة وتساوٍ.","Warm or prepare the measured Chicken using its listed cooked form. | Warm cooked components and prepare fresh components from the measured Quinoa, Romaine, Onion, Avocado, Ginger, Soy Sauce, keeping each food in its recorded state. | Arrange the complete serving in one wide shallow stoneware bowl using only Chicken, Quinoa, Romaine, Onion, Avocado, Ginger, Soy Sauce; distribute sauces and seasonings lightly and evenly.","/nutrition/meals/MEAL-280/cover.webp","/nutrition/meals/MEAL-280/cover-thumb.webp","ready","FILES_PRESENT","{""calorie_band_kcal"":""300_449"",""protein_band_g"":""30_39"",""carb_band_g"":""moderate"",""fat_band_g"":""moderate"",""meal_type_required"":true,""max_calorie_delta_pct"":10,""max_protein_delta_g"":8,""exclude_allergens"":true}","soy","high_protein|high_fiber","NOT_AVAILABLE","NO_EXPLICIT_TAG","NO_EXPLICIT_TAG","fat_loss|maintenance|muscle_gain","Nutrition Library V2. USDA FoodData Central. One serving. Identity is external_id.","USDA FoodData Central — SR Legacy (April 2018 release)"
"MEAL-281","سموذي حليب الصويا بالتوت والشيا","Berry-Chia Soy Milk Smoothie","YES_DERIVED_FROM_PUBLISHED_READY","published","ready","drinks","UNCLASSIFIED","OFFICIAL_MEAL_TYPE","NO_OFFICIAL","NO_OFFICIAL","NO_OFFICIAL","NO_OFFICIAL","NO_OFFICIAL","NO","NO","264","7.9","42.6","6.9","7.5","qa.derived_fiber_g","393","ml","1","حليب صويا سادة / Soy milk, plain: 170g; تفاح طازج بالقشر / Apple with skin, raw: 180g; زبدة فول سوداني ناعمة / Smooth peanut butter: 5g; توت أزرق طازج / Blueberries, raw: 35g; بذور شيا مجففة / Dried chia seeds: 3g","قِس كميات حليب الصويا، التفاح، زبدة الفول السوداني، التوت الأزرق، بذور الشيا لحصة واحدة. | اخلط حليب الصويا، التفاح، زبدة الفول السوداني، التوت الأزرق، بذور الشيا حتى يصبح القوام ناعمًا ومتجانسًا تمامًا. | اسكب الخليط كاملًا في كوب واحد وقدّمه فورًا من دون إضافات أو محليات أو زينة.","Measure the Soy Milk, Apple, Peanut Butter, Blueberries, Chia for one serving. | Blend the Soy Milk, Apple, Peanut Butter, Blueberries, Chia until completely smooth and evenly combined. | Pour the complete mixture into one glass and serve immediately without toppings, sweeteners or garnish.","/nutrition/meals/MEAL-281/cover.webp","/nutrition/meals/MEAL-281/cover-thumb.webp","ready","FILES_PRESENT","{""calorie_band_kcal"":""under_300"",""protein_band_g"":""under_20"",""carb_band_g"":""moderate"",""fat_band_g"":""low"",""meal_type_required"":true,""max_calorie_delta_pct"":10,""max_protein_delta_g"":8,""exclude_allergens"":true}","soy|peanuts","vegetarian|vegan|pescatarian|gluten_free|high_fiber","NOT_AVAILABLE","YES_EXPLICIT","YES_EXPLICIT","fat_loss|maintenance","Nutrition Library V2. USDA FoodData Central. One serving. Identity is external_id.","USDA FoodData Central — SR Legacy (April 2018 release)"
"MEAL-282","سموذي الزبادي اليوناني بالتوت والشيا","Berry-Chia Greek Yogurt Smoothie","YES_DERIVED_FROM_PUBLISHED_READY","published","ready","drinks","UNCLASSIFIED","OFFICIAL_MEAL_TYPE","NO_OFFICIAL","NO_OFFICIAL","NO_OFFICIAL","NO_OFFICIAL","NO_OFFICIAL","NO","NO","155","20.8","13.6","1.9","2.3","qa.derived_fiber_g","262","ml","1","زبادي يوناني سادة خالي الدسم / Greek yogurt, plain, nonfat: 209g; توت أزرق طازج / Blueberries, raw: 25g; فراولة طازجة / Strawberries, raw: 25g; بذور كتان / Flaxseed: 3g","قِس كميات الزبادي اليوناني، التوت الأزرق، الفراولة، بذور الكتان لحصة واحدة. | اخلط الزبادي اليوناني، التوت الأزرق، الفراولة، بذور الكتان حتى يصبح القوام ناعمًا ومتجانسًا تمامًا. | اسكب الخليط كاملًا في كوب واحد وقدّمه فورًا من دون إضافات أو محليات أو زينة.","Measure the Greek Yogurt, Blueberries, Strawberries, Flaxseed for one serving. | Blend the Greek Yogurt, Blueberries, Strawberries, Flaxseed until completely smooth and evenly combined. | Pour the complete mixture into one glass and serve immediately without toppings, sweeteners or garnish.","/nutrition/meals/MEAL-282/cover.webp","/nutrition/meals/MEAL-282/cover-thumb.webp","ready","FILES_PRESENT","{""calorie_band_kcal"":""under_300"",""protein_band_g"":""20_29"",""carb_band_g"":""low"",""fat_band_g"":""low"",""meal_type_required"":true,""max_calorie_delta_pct"":10,""max_protein_delta_g"":8,""exclude_allergens"":true}","milk","vegetarian|pescatarian|gluten_free|high_protein","NOT_AVAILABLE","YES_EXPLICIT","NO_EXPLICIT_TAG","fat_loss|maintenance|muscle_gain","Nutrition Library V2. USDA FoodData Central. One serving. Identity is external_id.","USDA FoodData Central — SR Legacy (April 2018 release)"
"MEAL-283","سموذي الزبادي اليوناني بالقرفة والتمر","Cinnamon-Date Greek Yogurt Smoothie","YES_DERIVED_FROM_PUBLISHED_READY","published","ready","drinks","UNCLASSIFIED","OFFICIAL_MEAL_TYPE","NO_OFFICIAL","NO_OFFICIAL","NO_OFFICIAL","NO_OFFICIAL","NO_OFFICIAL","NO","NO","278","25","28.2","7.3","4.2","qa.derived_fiber_g","310","ml","1","زبادي يوناني سادة خالي الدسم / Greek yogurt, plain, nonfat: 239g; توت أزرق طازج / Blueberries, raw: 45g; جوز / Walnuts: 10g; قرفة مطحونة / Ground cinnamon: 2g; تمر مجدول / Medjool dates: 14g","قِس كميات الزبادي اليوناني، التوت الأزرق، الجوز، القرفة، التمر لحصة واحدة. | اخلط الزبادي اليوناني، التوت الأزرق، الجوز، القرفة، التمر حتى يصبح القوام ناعمًا ومتجانسًا تمامًا. | اسكب الخليط كاملًا في كوب واحد وقدّمه فورًا من دون إضافات أو محليات أو زينة.","Measure the Greek Yogurt, Blueberries, Walnuts, Cinnamon, Dates for one serving. | Blend the Greek Yogurt, Blueberries, Walnuts, Cinnamon, Dates until completely smooth and evenly combined. | Pour the complete mixture into one glass and serve immediately without toppings, sweeteners or garnish.","/nutrition/meals/MEAL-283/cover.webp","/nutrition/meals/MEAL-283/cover-thumb.webp","ready","FILES_PRESENT","{""calorie_band_kcal"":""under_300"",""protein_band_g"":""20_29"",""carb_band_g"":""moderate"",""fat_band_g"":""low"",""meal_type_required"":true,""max_calorie_delta_pct"":10,""max_protein_delta_g"":8,""exclude_allergens"":true}","milk|tree_nuts","vegetarian|pescatarian|gluten_free|high_protein|omega_3","NOT_AVAILABLE","YES_EXPLICIT","NO_EXPLICIT_TAG","fat_loss|maintenance|muscle_gain","Nutrition Library V2. USDA FoodData Central. One serving. Identity is external_id.","USDA FoodData Central — SR Legacy (April 2018 release)"
"MEAL-284","سموذي الزبادي اليوناني بالكاكاو والموز","Cocoa-Banana Greek Yogurt Smoothie","YES_DERIVED_FROM_PUBLISHED_READY","published","ready","drinks","UNCLASSIFIED","OFFICIAL_MEAL_TYPE","NO_OFFICIAL","NO_OFFICIAL","NO_OFFICIAL","NO_OFFICIAL","NO_OFFICIAL","NO","NO","175","22","18.4","1.5","3.8","qa.derived_fiber_g","270","ml","1","زبادي يوناني سادة خالي الدسم / Greek yogurt, plain, nonfat: 214g; فراولة طازجة / Strawberries, raw: 25g; مسحوق كاكاو غير محلى / Unsweetened cocoa powder: 6g; موز طازج / Banana, raw: 25g","قِس كميات الزبادي اليوناني، الفراولة، الكاكاو، الموز لحصة واحدة. | اخلط الزبادي اليوناني، الفراولة، الكاكاو، الموز حتى يصبح القوام ناعمًا ومتجانسًا تمامًا. | اسكب الخليط كاملًا في كوب واحد وقدّمه فورًا من دون إضافات أو محليات أو زينة.","Measure the Greek Yogurt, Strawberries, Cocoa, Banana for one serving. | Blend the Greek Yogurt, Strawberries, Cocoa, Banana until completely smooth and evenly combined. | Pour the complete mixture into one glass and serve immediately without toppings, sweeteners or garnish.","/nutrition/meals/MEAL-284/cover.webp","/nutrition/meals/MEAL-284/cover-thumb.webp","ready","FILES_PRESENT","{""calorie_band_kcal"":""under_300"",""protein_band_g"":""20_29"",""carb_band_g"":""low"",""fat_band_g"":""low"",""meal_type_required"":true,""max_calorie_delta_pct"":10,""max_protein_delta_g"":8,""exclude_allergens"":true}","milk","vegetarian|pescatarian|gluten_free|high_protein","NOT_AVAILABLE","YES_EXPLICIT","NO_EXPLICIT_TAG","fat_loss|maintenance|muscle_gain","Nutrition Library V2. USDA FoodData Central. One serving. Identity is external_id.","USDA FoodData Central — SR Legacy (April 2018 release)"
"MEAL-285","سموذي التوفو بالتوت والشيا","Berry-Chia Tofu Smoothie","YES_DERIVED_FROM_PUBLISHED_READY","published","ready","drinks","UNCLASSIFIED","OFFICIAL_MEAL_TYPE","NO_OFFICIAL","NO_OFFICIAL","NO_OFFICIAL","NO_OFFICIAL","NO_OFFICIAL","NO","NO","512","29","41.3","25.7","16.2","qa.derived_fiber_g","459","ml","1","توفو متماسك محضر بالكالسيوم / Firm tofu prepared with calcium: 95g; حليب صويا سادة / Soy milk, plain: 137g; فراولة طازجة / Strawberries, raw: 143g; لوز / Almonds: 16g; توت أزرق طازج / Blueberries, raw: 47g; بذور شيا مجففة / Dried chia seeds: 21g","قِس كميات التوفو، حليب الصويا، الفراولة، اللوز، التوت الأزرق، بذور الشيا لحصة واحدة. | اخلط التوفو، حليب الصويا، الفراولة، اللوز، التوت الأزرق، بذور الشيا حتى يصبح القوام ناعمًا ومتجانسًا تمامًا. | اسكب الخليط كاملًا في كوب واحد وقدّمه فورًا من دون إضافات أو محليات أو زينة.","Measure the Tofu, Soy Milk, Strawberries, Almonds, Blueberries, Chia for one serving. | Blend the Tofu, Soy Milk, Strawberries, Almonds, Blueberries, Chia until completely smooth and evenly combined. | Pour the complete mixture into one glass and serve immediately without toppings, sweeteners or garnish.","/nutrition/meals/MEAL-285/cover.webp","/nutrition/meals/MEAL-285/cover-thumb.webp","ready","FILES_PRESENT","{""calorie_band_kcal"":""450_599"",""protein_band_g"":""20_29"",""carb_band_g"":""moderate"",""fat_band_g"":""high"",""meal_type_required"":true,""max_calorie_delta_pct"":10,""max_protein_delta_g"":8,""exclude_allergens"":true}","tree_nuts|soy","vegetarian|vegan|pescatarian|gluten_free|high_protein|high_fiber|omega_3","NOT_AVAILABLE","YES_EXPLICIT","YES_EXPLICIT","fat_loss|maintenance|muscle_gain","Nutrition Library V2. USDA FoodData Central. One serving. Identity is external_id.","USDA FoodData Central — SR Legacy (April 2018 release)"
"MEAL-286","سموذي الزبادي اليوناني بالمانجو والزنجبيل","Mango-Ginger Greek Yogurt Smoothie","YES_DERIVED_FROM_PUBLISHED_READY","published","ready","drinks","UNCLASSIFIED","OFFICIAL_MEAL_TYPE","NO_OFFICIAL","NO_OFFICIAL","NO_OFFICIAL","NO_OFFICIAL","NO_OFFICIAL","NO","NO","436","24.7","43","18.4","9.2","qa.derived_fiber_g","418","ml","1","زبادي يوناني سادة خالي الدسم / Greek yogurt, plain, nonfat: 160g; برتقال طازج / Orange, raw: 114g; لوز / Almonds: 35g; مانجو طازجة / Mango, raw: 101g; زنجبيل طازج / Ginger root, raw: 8g","قِس كميات الزبادي اليوناني، البرتقال، اللوز، المانجو، الزنجبيل لحصة واحدة. | اخلط الزبادي اليوناني، البرتقال، اللوز، المانجو، الزنجبيل حتى يصبح القوام ناعمًا ومتجانسًا تمامًا. | اسكب الخليط كاملًا في كوب واحد وقدّمه فورًا من دون إضافات أو محليات أو زينة.","Measure the Greek Yogurt, Orange, Almonds, Mango, Ginger for one serving. | Blend the Greek Yogurt, Orange, Almonds, Mango, Ginger until completely smooth and evenly combined. | Pour the complete mixture into one glass and serve immediately without toppings, sweeteners or garnish.","/nutrition/meals/MEAL-286/cover.webp","/nutrition/meals/MEAL-286/cover-thumb.webp","ready","FILES_PRESENT","{""calorie_band_kcal"":""300_449"",""protein_band_g"":""20_29"",""carb_band_g"":""moderate"",""fat_band_g"":""high"",""meal_type_required"":true,""max_calorie_delta_pct"":10,""max_protein_delta_g"":8,""exclude_allergens"":true}","milk|tree_nuts","vegetarian|pescatarian|gluten_free|high_protein|high_fiber","NOT_AVAILABLE","YES_EXPLICIT","NO_EXPLICIT_TAG","fat_loss|maintenance|muscle_gain","Nutrition Library V2. USDA FoodData Central. One serving. Identity is external_id.","USDA FoodData Central — SR Legacy (April 2018 release)"
"MEAL-287","سموذي الحليب بالتوت والشيا","Berry-Chia Milk Smoothie","YES_DERIVED_FROM_PUBLISHED_READY","published","ready","drinks","UNCLASSIFIED","OFFICIAL_MEAL_TYPE","NO_OFFICIAL","NO_OFFICIAL","NO_OFFICIAL","NO_OFFICIAL","NO_OFFICIAL","NO","NO","261","14.7","32.7","7.9","4.7","qa.derived_fiber_g","397","ml","1","حليب خالي الدسم / Milk, nonfat: 319g; موز طازج / Banana, raw: 36g; زبدة فول سوداني ناعمة / Smooth peanut butter: 9g; توت أزرق طازج / Blueberries, raw: 25g; بذور شيا مجففة / Dried chia seeds: 8g","قِس كميات الحليب، الموز، زبدة الفول السوداني، التوت الأزرق، بذور الشيا لحصة واحدة. | اخلط الحليب، الموز، زبدة الفول السوداني، التوت الأزرق، بذور الشيا حتى يصبح القوام ناعمًا ومتجانسًا تمامًا. | اسكب الخليط كاملًا في كوب واحد وقدّمه فورًا من دون إضافات أو محليات أو زينة.","Measure the Milk, Banana, Peanut Butter, Blueberries, Chia for one serving. | Blend the Milk, Banana, Peanut Butter, Blueberries, Chia until completely smooth and evenly combined. | Pour the complete mixture into one glass and serve immediately without toppings, sweeteners or garnish.","/nutrition/meals/MEAL-287/cover.webp","/nutrition/meals/MEAL-287/cover-thumb.webp","ready","FILES_PRESENT","{""calorie_band_kcal"":""under_300"",""protein_band_g"":""under_20"",""carb_band_g"":""moderate"",""fat_band_g"":""low"",""meal_type_required"":true,""max_calorie_delta_pct"":10,""max_protein_delta_g"":8,""exclude_allergens"":true}","milk|peanuts","vegetarian|pescatarian|gluten_free|omega_3","NOT_AVAILABLE","YES_EXPLICIT","NO_EXPLICIT_TAG","fat_loss|maintenance|muscle_gain","Nutrition Library V2. USDA FoodData Central. One serving. Identity is external_id.","USDA FoodData Central — SR Legacy (April 2018 release)"
"MEAL-288","سموذي حليب الصويا بالبرتقال والكتان","Orange-Flax Soy Milk Smoothie","YES_DERIVED_FROM_PUBLISHED_READY","published","ready","drinks","UNCLASSIFIED","OFFICIAL_MEAL_TYPE","NO_OFFICIAL","NO_OFFICIAL","NO_OFFICIAL","NO_OFFICIAL","NO_OFFICIAL","NO","NO","144","7.2","18.2","4.7","3.2","qa.derived_fiber_g","250","ml","1","حليب صويا سادة / Soy milk, plain: 189g; فراولة طازجة / Strawberries, raw: 33g; برتقال طازج / Orange, raw: 25g; بذور كتان / Flaxseed: 3g","قِس كميات حليب الصويا، الفراولة، البرتقال، بذور الكتان لحصة واحدة. | اخلط حليب الصويا، الفراولة، البرتقال، بذور الكتان حتى يصبح القوام ناعمًا ومتجانسًا تمامًا. | اسكب الخليط كاملًا في كوب واحد وقدّمه فورًا من دون إضافات أو محليات أو زينة.","Measure the Soy Milk, Strawberries, Orange, Flaxseed for one serving. | Blend the Soy Milk, Strawberries, Orange, Flaxseed until completely smooth and evenly combined. | Pour the complete mixture into one glass and serve immediately without toppings, sweeteners or garnish.","/nutrition/meals/MEAL-288/cover.webp","/nutrition/meals/MEAL-288/cover-thumb.webp","ready","FILES_PRESENT","{""calorie_band_kcal"":""under_300"",""protein_band_g"":""under_20"",""carb_band_g"":""low"",""fat_band_g"":""low"",""meal_type_required"":true,""max_calorie_delta_pct"":10,""max_protein_delta_g"":8,""exclude_allergens"":true}","soy","vegetarian|vegan|pescatarian|gluten_free","NOT_AVAILABLE","YES_EXPLICIT","YES_EXPLICIT","fat_loss|maintenance","Nutrition Library V2. USDA FoodData Central. One serving. Identity is external_id.","USDA FoodData Central — SR Legacy (April 2018 release)"
"MEAL-289","سموذي الزبادي اليوناني بالقرفة والتمر والتمر","Cinnamon-Date Greek Yogurt Smoothie and Dates","YES_DERIVED_FROM_PUBLISHED_READY","published","ready","drinks","UNCLASSIFIED","OFFICIAL_MEAL_TYPE","NO_OFFICIAL","NO_OFFICIAL","NO_OFFICIAL","NO_OFFICIAL","NO_OFFICIAL","NO","NO","443","25.1","42.9","19","6.1","qa.derived_fiber_g","305","ml","1","زبادي يوناني سادة خالي الدسم / Greek yogurt, plain, nonfat: 209g; مانجو طازجة / Mango, raw: 32g; جوز / Walnuts: 28g; قرفة مطحونة / Ground cinnamon: 2g; تمر مجدول / Medjool dates: 34g","قِس كميات الزبادي اليوناني، المانجو، الجوز، القرفة، التمر لحصة واحدة. | اخلط الزبادي اليوناني، المانجو، الجوز، القرفة، التمر حتى يصبح القوام ناعمًا ومتجانسًا تمامًا. | اسكب الخليط كاملًا في كوب واحد وقدّمه فورًا من دون إضافات أو محليات أو زينة.","Measure the Greek Yogurt, Mango, Walnuts, Cinnamon, Dates for one serving. | Blend the Greek Yogurt, Mango, Walnuts, Cinnamon, Dates until completely smooth and evenly combined. | Pour the complete mixture into one glass and serve immediately without toppings, sweeteners or garnish.","/nutrition/meals/MEAL-289/cover.webp","/nutrition/meals/MEAL-289/cover-thumb.webp","ready","FILES_PRESENT","{""calorie_band_kcal"":""300_449"",""protein_band_g"":""20_29"",""carb_band_g"":""moderate"",""fat_band_g"":""high"",""meal_type_required"":true,""max_calorie_delta_pct"":10,""max_protein_delta_g"":8,""exclude_allergens"":true}","milk|tree_nuts","vegetarian|pescatarian|gluten_free|high_protein|high_fiber|omega_3","NOT_AVAILABLE","YES_EXPLICIT","NO_EXPLICIT_TAG","fat_loss|maintenance|muscle_gain","Nutrition Library V2. USDA FoodData Central. One serving. Identity is external_id.","USDA FoodData Central — SR Legacy (April 2018 release)"
"MEAL-290","سموذي حليب الصويا بالكاكاو والموز","Cocoa-Banana Soy Milk Smoothie","YES_DERIVED_FROM_PUBLISHED_READY","published","ready","drinks","UNCLASSIFIED","OFFICIAL_MEAL_TYPE","NO_OFFICIAL","NO_OFFICIAL","NO_OFFICIAL","NO_OFFICIAL","NO_OFFICIAL","NO","NO","171","7.4","26.5","3.9","4.7","qa.derived_fiber_g","250","ml","1","حليب صويا سادة / Soy milk, plain: 175g; برتقال طازج / Orange, raw: 30g; مسحوق كاكاو غير محلى / Unsweetened cocoa powder: 5g; موز طازج / Banana, raw: 40g","قِس كميات حليب الصويا، البرتقال، الكاكاو، الموز لحصة واحدة. | اخلط حليب الصويا، البرتقال، الكاكاو، الموز حتى يصبح القوام ناعمًا ومتجانسًا تمامًا. | اسكب الخليط كاملًا في كوب واحد وقدّمه فورًا من دون إضافات أو محليات أو زينة.","Measure the Soy Milk, Orange, Cocoa, Banana for one serving. | Blend the Soy Milk, Orange, Cocoa, Banana until completely smooth and evenly combined. | Pour the complete mixture into one glass and serve immediately without toppings, sweeteners or garnish.","/nutrition/meals/MEAL-290/cover.webp","/nutrition/meals/MEAL-290/cover-thumb.webp","ready","FILES_PRESENT","{""calorie_band_kcal"":""under_300"",""protein_band_g"":""under_20"",""carb_band_g"":""moderate"",""fat_band_g"":""low"",""meal_type_required"":true,""max_calorie_delta_pct"":10,""max_protein_delta_g"":8,""exclude_allergens"":true}","soy","vegetarian|vegan|pescatarian|gluten_free","NOT_AVAILABLE","YES_EXPLICIT","YES_EXPLICIT","fat_loss|maintenance","Nutrition Library V2. USDA FoodData Central. One serving. Identity is external_id.","USDA FoodData Central — SR Legacy (April 2018 release)"
"MEAL-291","سموذي حليب الصويا بالتفاح والقرفة","Apple-Cinnamon Soy Milk Smoothie","YES_DERIVED_FROM_PUBLISHED_READY","published","ready","drinks","UNCLASSIFIED","OFFICIAL_MEAL_TYPE","NO_OFFICIAL","NO_OFFICIAL","NO_OFFICIAL","NO_OFFICIAL","NO_OFFICIAL","NO","NO","290","8.2","50.3","6.2","9","qa.derived_fiber_g","438","ml","1","حليب صويا سادة / Soy milk, plain: 170g; توت أزرق طازج / Blueberries, raw: 166g; لوز / Almonds: 5g; تفاح طازج بالقشر / Apple with skin, raw: 95g; قرفة مطحونة / Ground cinnamon: 2g","قِس كميات حليب الصويا، التوت الأزرق، اللوز، التفاح، القرفة لحصة واحدة. | اخلط حليب الصويا، التوت الأزرق، اللوز، التفاح، القرفة حتى يصبح القوام ناعمًا ومتجانسًا تمامًا. | اسكب الخليط كاملًا في كوب واحد وقدّمه فورًا من دون إضافات أو محليات أو زينة.","Measure the Soy Milk, Blueberries, Almonds, Apple, Cinnamon for one serving. | Blend the Soy Milk, Blueberries, Almonds, Apple, Cinnamon until completely smooth and evenly combined. | Pour the complete mixture into one glass and serve immediately without toppings, sweeteners or garnish.","/nutrition/meals/MEAL-291/cover.webp","/nutrition/meals/MEAL-291/cover-thumb.webp","ready","FILES_PRESENT","{""calorie_band_kcal"":""under_300"",""protein_band_g"":""under_20"",""carb_band_g"":""high"",""fat_band_g"":""low"",""meal_type_required"":true,""max_calorie_delta_pct"":10,""max_protein_delta_g"":8,""exclude_allergens"":true}","tree_nuts|soy","vegetarian|vegan|pescatarian|gluten_free|high_fiber","NOT_AVAILABLE","YES_EXPLICIT","YES_EXPLICIT","fat_loss|maintenance","Nutrition Library V2. USDA FoodData Central. One serving. Identity is external_id.","USDA FoodData Central — SR Legacy (April 2018 release)"
"MEAL-292","سموذي الزبادي اليوناني بالمانجو والزنجبيل والتفاح","Mango-Ginger Greek Yogurt Smoothie and Apple","YES_DERIVED_FROM_PUBLISHED_READY","published","ready","drinks","UNCLASSIFIED","OFFICIAL_MEAL_TYPE","NO_OFFICIAL","NO_OFFICIAL","NO_OFFICIAL","NO_OFFICIAL","NO_OFFICIAL","NO","NO","437","15","51.8","18.9","8.1","qa.derived_fiber_g","390","ml","1","زبادي يوناني سادة خالي الدسم / Greek yogurt, plain, nonfat: 60g; تفاح طازج بالقشر / Apple with skin, raw: 180g; زبدة فول سوداني ناعمة / Smooth peanut butter: 35g; مانجو طازجة / Mango, raw: 107g; زنجبيل طازج / Ginger root, raw: 8g","قِس كميات الزبادي اليوناني، التفاح، زبدة الفول السوداني، المانجو، الزنجبيل لحصة واحدة. | اخلط الزبادي اليوناني، التفاح، زبدة الفول السوداني، المانجو، الزنجبيل حتى يصبح القوام ناعمًا ومتجانسًا تمامًا. | اسكب الخليط كاملًا في كوب واحد وقدّمه فورًا من دون إضافات أو محليات أو زينة.","Measure the Greek Yogurt, Apple, Peanut Butter, Mango, Ginger for one serving. | Blend the Greek Yogurt, Apple, Peanut Butter, Mango, Ginger until completely smooth and evenly combined. | Pour the complete mixture into one glass and serve immediately without toppings, sweeteners or garnish.","/nutrition/meals/MEAL-292/cover.webp","/nutrition/meals/MEAL-292/cover-thumb.webp","ready","FILES_PRESENT","{""calorie_band_kcal"":""300_449"",""protein_band_g"":""under_20"",""carb_band_g"":""high"",""fat_band_g"":""high"",""meal_type_required"":true,""max_calorie_delta_pct"":10,""max_protein_delta_g"":8,""exclude_allergens"":true}","milk|peanuts","vegetarian|pescatarian|gluten_free|high_fiber","NOT_AVAILABLE","YES_EXPLICIT","NO_EXPLICIT_TAG","fat_loss|maintenance|muscle_gain","Nutrition Library V2. USDA FoodData Central. One serving. Identity is external_id.","USDA FoodData Central — SR Legacy (April 2018 release)"
"MEAL-293","سموذي الحليب بالتوت والشيا والتوت الأزرق","Berry-Chia Milk Smoothie and Blueberries","YES_DERIVED_FROM_PUBLISHED_READY","published","ready","drinks","UNCLASSIFIED","OFFICIAL_MEAL_TYPE","NO_OFFICIAL","NO_OFFICIAL","NO_OFFICIAL","NO_OFFICIAL","NO_OFFICIAL","NO","NO","265","15","34.9","7.3","4.7","qa.derived_fiber_g","440","ml","1","حليب خالي الدسم / Milk, nonfat: 347g; موز طازج / Banana, raw: 25g; طحينة سمسم / Sesame butter, tahini: 8g; توت أزرق طازج / Blueberries, raw: 53g; بذور شيا مجففة / Dried chia seeds: 7g","قِس كميات الحليب، الموز، الطحينة، التوت الأزرق، بذور الشيا لحصة واحدة. | اخلط الحليب، الموز، الطحينة، التوت الأزرق، بذور الشيا حتى يصبح القوام ناعمًا ومتجانسًا تمامًا. | اسكب الخليط كاملًا في كوب واحد وقدّمه فورًا من دون إضافات أو محليات أو زينة.","Measure the Milk, Banana, Tahini, Blueberries, Chia for one serving. | Blend the Milk, Banana, Tahini, Blueberries, Chia until completely smooth and evenly combined. | Pour the complete mixture into one glass and serve immediately without toppings, sweeteners or garnish.","/nutrition/meals/MEAL-293/cover.webp","/nutrition/meals/MEAL-293/cover-thumb.webp","ready","FILES_PRESENT","{""calorie_band_kcal"":""under_300"",""protein_band_g"":""under_20"",""carb_band_g"":""moderate"",""fat_band_g"":""low"",""meal_type_required"":true,""max_calorie_delta_pct"":10,""max_protein_delta_g"":8,""exclude_allergens"":true}","milk|sesame","vegetarian|pescatarian|gluten_free|omega_3","NOT_AVAILABLE","YES_EXPLICIT","NO_EXPLICIT_TAG","maintenance|muscle_gain","Nutrition Library V2. USDA FoodData Central. One serving. Identity is external_id.","USDA FoodData Central — SR Legacy (April 2018 release)"
"MEAL-294","سموذي التوفو بالبرتقال والكتان","Orange-Flax Tofu Smoothie","YES_DERIVED_FROM_PUBLISHED_READY","published","ready","drinks","UNCLASSIFIED","OFFICIAL_MEAL_TYPE","NO_OFFICIAL","NO_OFFICIAL","NO_OFFICIAL","NO_OFFICIAL","NO_OFFICIAL","NO","NO","168","13","12.2","7.5","3.7","qa.derived_fiber_g","163","ml","1","توفو متماسك محضر بالكالسيوم / Firm tofu prepared with calcium: 60g; حليب صويا سادة / Soy milk, plain: 50g; توت أزرق طازج / Blueberries, raw: 25g; برتقال طازج / Orange, raw: 25g; بذور كتان / Flaxseed: 3g","قِس كميات التوفو، حليب الصويا، التوت الأزرق، البرتقال، بذور الكتان لحصة واحدة. | اخلط التوفو، حليب الصويا، التوت الأزرق، البرتقال، بذور الكتان حتى يصبح القوام ناعمًا ومتجانسًا تمامًا. | اسكب الخليط كاملًا في كوب واحد وقدّمه فورًا من دون إضافات أو محليات أو زينة.","Measure the Tofu, Soy Milk, Blueberries, Orange, Flaxseed for one serving. | Blend the Tofu, Soy Milk, Blueberries, Orange, Flaxseed until completely smooth and evenly combined. | Pour the complete mixture into one glass and serve immediately without toppings, sweeteners or garnish.","/nutrition/meals/MEAL-294/cover.webp","/nutrition/meals/MEAL-294/cover-thumb.webp","ready","FILES_PRESENT","{""calorie_band_kcal"":""under_300"",""protein_band_g"":""under_20"",""carb_band_g"":""low"",""fat_band_g"":""low"",""meal_type_required"":true,""max_calorie_delta_pct"":10,""max_protein_delta_g"":8,""exclude_allergens"":true}","soy","vegetarian|vegan|pescatarian|gluten_free","NOT_AVAILABLE","YES_EXPLICIT","YES_EXPLICIT","fat_loss|maintenance|muscle_gain","Nutrition Library V2. USDA FoodData Central. One serving. Identity is external_id.","USDA FoodData Central — SR Legacy (April 2018 release)"
"MEAL-295","سموذي الزبادي اليوناني بالقرفة والتمر والمانجو","Cinnamon-Date Greek Yogurt Smoothie and Mango","YES_DERIVED_FROM_PUBLISHED_READY","published","ready","drinks","UNCLASSIFIED","OFFICIAL_MEAL_TYPE","NO_OFFICIAL","NO_OFFICIAL","NO_OFFICIAL","NO_OFFICIAL","NO_OFFICIAL","NO","NO","433","15","70.2","10.2","8.1","qa.derived_fiber_g","336","ml","1","زبادي يوناني سادة خالي الدسم / Greek yogurt, plain, nonfat: 90g; مانجو طازجة / Mango, raw: 180g; زبدة فول سوداني ناعمة / Smooth peanut butter: 18g; قرفة مطحونة / Ground cinnamon: 2g; تمر مجدول / Medjool dates: 46g","قِس كميات الزبادي اليوناني، المانجو، زبدة الفول السوداني، القرفة، التمر لحصة واحدة. | اخلط الزبادي اليوناني، المانجو، زبدة الفول السوداني، القرفة، التمر حتى يصبح القوام ناعمًا ومتجانسًا تمامًا. | اسكب الخليط كاملًا في كوب واحد وقدّمه فورًا من دون إضافات أو محليات أو زينة.","Measure the Greek Yogurt, Mango, Peanut Butter, Cinnamon, Dates for one serving. | Blend the Greek Yogurt, Mango, Peanut Butter, Cinnamon, Dates until completely smooth and evenly combined. | Pour the complete mixture into one glass and serve immediately without toppings, sweeteners or garnish.","/nutrition/meals/MEAL-295/cover.webp","/nutrition/meals/MEAL-295/cover-thumb.webp","ready","FILES_PRESENT","{""calorie_band_kcal"":""300_449"",""protein_band_g"":""under_20"",""carb_band_g"":""high"",""fat_band_g"":""moderate"",""meal_type_required"":true,""max_calorie_delta_pct"":10,""max_protein_delta_g"":8,""exclude_allergens"":true}","milk|peanuts","vegetarian|pescatarian|gluten_free|high_fiber","NOT_AVAILABLE","YES_EXPLICIT","NO_EXPLICIT_TAG","fat_loss|maintenance|muscle_gain","Nutrition Library V2. USDA FoodData Central. One serving. Identity is external_id.","USDA FoodData Central — SR Legacy (April 2018 release)"
"MEAL-296","سموذي حليب الصويا بالكاكاو والموز والمانجو","Cocoa-Banana Soy Milk Smoothie and Mango","YES_DERIVED_FROM_PUBLISHED_READY","published","ready","drinks","UNCLASSIFIED","OFFICIAL_MEAL_TYPE","NO_OFFICIAL","NO_OFFICIAL","NO_OFFICIAL","NO_OFFICIAL","NO_OFFICIAL","NO","NO","261","9","41.1","6.7","8.3","qa.derived_fiber_g","306","ml","1","حليب صويا سادة / Soy milk, plain: 170g; مانجو طازجة / Mango, raw: 48g; بذور شيا مجففة / Dried chia seeds: 9g; مسحوق كاكاو غير محلى / Unsweetened cocoa powder: 4g; موز طازج / Banana, raw: 75g","قِس كميات حليب الصويا، المانجو، بذور الشيا، الكاكاو، الموز لحصة واحدة. | اخلط حليب الصويا، المانجو، بذور الشيا، الكاكاو، الموز حتى يصبح القوام ناعمًا ومتجانسًا تمامًا. | اسكب الخليط كاملًا في كوب واحد وقدّمه فورًا من دون إضافات أو محليات أو زينة.","Measure the Soy Milk, Mango, Chia, Cocoa, Banana for one serving. | Blend the Soy Milk, Mango, Chia, Cocoa, Banana until completely smooth and evenly combined. | Pour the complete mixture into one glass and serve immediately without toppings, sweeteners or garnish.","/nutrition/meals/MEAL-296/cover.webp","/nutrition/meals/MEAL-296/cover-thumb.webp","ready","FILES_PRESENT","{""calorie_band_kcal"":""under_300"",""protein_band_g"":""under_20"",""carb_band_g"":""moderate"",""fat_band_g"":""low"",""meal_type_required"":true,""max_calorie_delta_pct"":10,""max_protein_delta_g"":8,""exclude_allergens"":true}","soy","vegetarian|vegan|pescatarian|gluten_free|high_fiber|omega_3","NOT_AVAILABLE","YES_EXPLICIT","YES_EXPLICIT","fat_loss|maintenance","Nutrition Library V2. USDA FoodData Central. One serving. Identity is external_id.","USDA FoodData Central — SR Legacy (April 2018 release)"
"MEAL-297","سموذي الحليب بالمانجو والزنجبيل","Mango-Ginger Milk Smoothie","YES_DERIVED_FROM_PUBLISHED_READY","published","ready","drinks","UNCLASSIFIED","OFFICIAL_MEAL_TYPE","NO_OFFICIAL","NO_OFFICIAL","NO_OFFICIAL","NO_OFFICIAL","NO_OFFICIAL","NO","NO","238","8.8","42.6","3.6","4.7","qa.derived_fiber_g","405","ml","1","حليب خالي الدسم / Milk, nonfat: 170g; برتقال طازج / Orange, raw: 43g; لوز / Almonds: 5g; مانجو طازجة / Mango, raw: 180g; زنجبيل طازج / Ginger root, raw: 7g","قِس كميات الحليب، البرتقال، اللوز، المانجو، الزنجبيل لحصة واحدة. | اخلط الحليب، البرتقال، اللوز، المانجو، الزنجبيل حتى يصبح القوام ناعمًا ومتجانسًا تمامًا. | اسكب الخليط كاملًا في كوب واحد وقدّمه فورًا من دون إضافات أو محليات أو زينة.","Measure the Milk, Orange, Almonds, Mango, Ginger for one serving. | Blend the Milk, Orange, Almonds, Mango, Ginger until completely smooth and evenly combined. | Pour the complete mixture into one glass and serve immediately without toppings, sweeteners or garnish.","/nutrition/meals/MEAL-297/cover.webp","/nutrition/meals/MEAL-297/cover-thumb.webp","ready","FILES_PRESENT","{""calorie_band_kcal"":""under_300"",""protein_band_g"":""under_20"",""carb_band_g"":""moderate"",""fat_band_g"":""low"",""meal_type_required"":true,""max_calorie_delta_pct"":10,""max_protein_delta_g"":8,""exclude_allergens"":true}","milk|tree_nuts","vegetarian|pescatarian|gluten_free","NOT_AVAILABLE","YES_EXPLICIT","NO_EXPLICIT_TAG","fat_loss|maintenance","Nutrition Library V2. USDA FoodData Central. One serving. Identity is external_id.","USDA FoodData Central — SR Legacy (April 2018 release)"
"MEAL-298","سموذي الحليب بالمانجو والزنجبيل والموز","Mango-Ginger Milk Smoothie and Banana","YES_DERIVED_FROM_PUBLISHED_READY","published","ready","drinks","UNCLASSIFIED","OFFICIAL_MEAL_TYPE","NO_OFFICIAL","NO_OFFICIAL","NO_OFFICIAL","NO_OFFICIAL","NO_OFFICIAL","NO","NO","422","9.9","77.8","7.9","8","qa.derived_fiber_g","540","ml","1","حليب قليل الدسم 2٪ / Milk, 2% fat: 170g; موز طازج / Banana, raw: 180g; جوز / Walnuts: 5g; مانجو طازجة / Mango, raw: 180g; زنجبيل طازج / Ginger root, raw: 5g","قِس كميات الحليب، الموز، الجوز، المانجو، الزنجبيل لحصة واحدة. | اخلط الحليب، الموز، الجوز، المانجو، الزنجبيل حتى يصبح القوام ناعمًا ومتجانسًا تمامًا. | اسكب الخليط كاملًا في كوب واحد وقدّمه فورًا من دون إضافات أو محليات أو زينة.","Measure the Milk, Banana, Walnuts, Mango, Ginger for one serving. | Blend the Milk, Banana, Walnuts, Mango, Ginger until completely smooth and evenly combined. | Pour the complete mixture into one glass and serve immediately without toppings, sweeteners or garnish.","/nutrition/meals/MEAL-298/cover.webp","/nutrition/meals/MEAL-298/cover-thumb.webp","ready","FILES_PRESENT","{""calorie_band_kcal"":""300_449"",""protein_band_g"":""under_20"",""carb_band_g"":""high"",""fat_band_g"":""low"",""meal_type_required"":true,""max_calorie_delta_pct"":10,""max_protein_delta_g"":8,""exclude_allergens"":true}","milk|tree_nuts","vegetarian|pescatarian|gluten_free|high_fiber","NOT_AVAILABLE","YES_EXPLICIT","NO_EXPLICIT_TAG","fat_loss|maintenance|muscle_gain","Nutrition Library V2. USDA FoodData Central. One serving. Identity is external_id.","USDA FoodData Central — SR Legacy (April 2018 release)"
"MEAL-299","سموذي الزبادي اليوناني بالمانجو والزنجبيل والفراولة","Mango-Ginger Greek Yogurt Smoothie and Strawberries","YES_DERIVED_FROM_PUBLISHED_READY","published","ready","drinks","UNCLASSIFIED","OFFICIAL_MEAL_TYPE","NO_OFFICIAL","NO_OFFICIAL","NO_OFFICIAL","NO_OFFICIAL","NO_OFFICIAL","NO","NO","158","20","15.8","1.6","2.6","qa.derived_fiber_g","253","ml","1","زبادي يوناني سادة خالي الدسم / Greek yogurt, plain, nonfat: 200g; فراولة طازجة / Strawberries, raw: 25g; موز طازج / Banana, raw: 25g; بذور شيا مجففة / Dried chia seeds: 3g","قِس كميات الزبادي اليوناني، الفراولة، الموز، بذور الشيا لحصة واحدة. | اخلط الزبادي اليوناني، الفراولة، الموز، بذور الشيا حتى يصبح القوام ناعمًا ومتجانسًا تمامًا. | اسكب الخليط كاملًا في كوب واحد وقدّمه فورًا من دون إضافات أو محليات أو زينة.","Measure the Greek Yogurt, Strawberries, Banana, Chia for one serving. | Blend the Greek Yogurt, Strawberries, Banana, Chia until completely smooth and evenly combined. | Pour the complete mixture into one glass and serve immediately without toppings, sweeteners or garnish.","/nutrition/meals/MEAL-299/cover.webp","/nutrition/meals/MEAL-299/cover-thumb.webp","ready","FILES_PRESENT","{""calorie_band_kcal"":""under_300"",""protein_band_g"":""20_29"",""carb_band_g"":""low"",""fat_band_g"":""low"",""meal_type_required"":true,""max_calorie_delta_pct"":10,""max_protein_delta_g"":8,""exclude_allergens"":true}","milk","vegetarian|pescatarian|gluten_free|high_protein","NOT_AVAILABLE","YES_EXPLICIT","NO_EXPLICIT_TAG","fat_loss|maintenance|muscle_gain","Nutrition Library V2. USDA FoodData Central. One serving. Identity is external_id.","USDA FoodData Central — SR Legacy (April 2018 release)"
"MEAL-300","سموذي حليب الصويا بالبرتقال والكتان والموز","Orange-Flax Soy Milk Smoothie and Banana","YES_DERIVED_FROM_PUBLISHED_READY","published","ready","drinks","UNCLASSIFIED","OFFICIAL_MEAL_TYPE","NO_OFFICIAL","NO_OFFICIAL","NO_OFFICIAL","NO_OFFICIAL","NO_OFFICIAL","NO","NO","147","6.6","20.2","4.4","3.1","qa.derived_fiber_g","223","ml","1","حليب صويا سادة / Soy milk, plain: 170g; موز طازج / Banana, raw: 25g; برتقال طازج / Orange, raw: 25g; بذور كتان / Flaxseed: 3g","قِس كميات حليب الصويا، الموز، البرتقال، بذور الكتان لحصة واحدة. | اخلط حليب الصويا، الموز، البرتقال، بذور الكتان حتى يصبح القوام ناعمًا ومتجانسًا تمامًا. | اسكب الخليط كاملًا في كوب واحد وقدّمه فورًا من دون إضافات أو محليات أو زينة.","Measure the Soy Milk, Banana, Orange, Flaxseed for one serving. | Blend the Soy Milk, Banana, Orange, Flaxseed until completely smooth and evenly combined. | Pour the complete mixture into one glass and serve immediately without toppings, sweeteners or garnish.","/nutrition/meals/MEAL-300/cover.webp","/nutrition/meals/MEAL-300/cover-thumb.webp","ready","FILES_PRESENT","{""calorie_band_kcal"":""under_300"",""protein_band_g"":""under_20"",""carb_band_g"":""low"",""fat_band_g"":""low"",""meal_type_required"":true,""max_calorie_delta_pct"":10,""max_protein_delta_g"":8,""exclude_allergens"":true}","soy","vegetarian|vegan|pescatarian|gluten_free","NOT_AVAILABLE","YES_EXPLICIT","YES_EXPLICIT","fat_loss|maintenance","Nutrition Library V2. USDA FoodData Central. One serving. Identity is external_id.","USDA FoodData Central — SR Legacy (April 2018 release)"
